Flight_ID,Airline,Distance_km,Departure_Delay_min,Arrival_Delay_min,Delay_Status,Delay Difference,Distance Category , Performance Label
1,Indigo,7609,4,155,Delayed,151,Long Haul,Poor
2,Emirates,11735,148,65,Delayed,-83,Long Haul,Poor
3,Delta,3555,176,72,Delayed,-104,Medium Long,Poor
4,Indigo,7539,25,154,OnTime,129,Long Haul,Poor
5,Emirates,11483,150,76,OnTime,-74,Long Haul,Poor
6,Emirates,5961,81,153,Delayed,72,Medium Long,Poor
7,Emirates,8019,65,67,Delayed,2,Long Haul,Poor
8,Indigo,9427,10,99,OnTime,89,Long Haul,Poor
9,Delta,2031,5,97,OnTime,92,Short Haul,Poor
10,Delta,3778,92,144,OnTime,52,Medium Long,Poor
11,Delta,1317,99,152,OnTime,53,Short Haul,Poor
12,Emirates,7635,144,46,OnTime,-98,Long Haul,Poor
13,Delta,6438,90,195,OnTime,105,Medium Long,Poor
14,Indigo,6910,139,49,OnTime,-90,Medium Long,Poor
15,Delta,11184,171,56,OnTime,-115,Long Haul,Poor
16,Lufthansa,8702,108,81,Delayed,-27,Long Haul,Poor
17,Indigo,7982,95,168,Delayed,73,Long Haul,Poor
18,Emirates,6978,8,103,Delayed,95,Medium Long,Poor
19,Emirates,1608,121,93,Delayed,-28,Short Haul,Poor
20,Delta,2844,17,114,OnTime,97,Short Haul,Poor
21,Emirates,8299,6,191,OnTime,185,Long Haul,Poor
22,Emirates,5690,127,78,Delayed,-49,Medium Long,Poor
23,Lufthansa,4450,129,82,Delayed,-47,Medium Long,Poor
24,Lufthansa,4202,143,50,OnTime,-93,Medium Long,Poor
25,Delta,3917,42,67,Delayed,25,Medium Long,Poor
26,Emirates,1347,7,198,Delayed,191,Short Haul,Poor
27,Indigo,7859,118,153,Delayed,35,Long Haul,Poor
28,Emirates,729,175,156,OnTime,-19,Short Haul,Poor
29,Delta,6913,97,28,OnTime,-69,Medium Long,Good
30,Delta,2789,103,5,Delayed,-98,Short Haul,Good
31,Indigo,5498,39,103,Delayed,64,Medium Long,Poor
32,Lufthansa,9252,133,38,OnTime,-95,Long Haul,Poor
33,Indigo,9502,168,129,Delayed,-39,Long Haul,Poor
34,Delta,10952,143,100,Delayed,-43,Long Haul,Poor
35,Delta,1285,144,104,Delayed,-40,Short Haul,Poor
36,Delta,2156,89,11,OnTime,-78,Short Haul,Good
37,Delta,851,61,155,Delayed,94,Short Haul,Poor
38,Delta,2354,149,6,Delayed,-143,Short Haul,Good
39,Emirates,11108,157,148,OnTime,-9,Long Haul,Poor
40,Emirates,11828,19,116,OnTime,97,Long Haul,Poor
41,Delta,4727,23,113,Delayed,90,Medium Long,Poor
42,Indigo,10594,115,81,OnTime,-34,Long Haul,Poor
43,Emirates,11103,95,69,Delayed,-26,Long Haul,Poor
44,Delta,11979,157,161,OnTime,4,Long Haul,Poor
45,Emirates,9432,19,95,Delayed,76,Long Haul,Poor
46,Emirates,9168,168,58,Delayed,-110,Long Haul,Poor
47,Lufthansa,8391,124,162,Delayed,38,Long Haul,Poor
48,Indigo,3654,136,158,OnTime,22,Medium Long,Poor
49,Emirates,8161,53,65,Delayed,12,Long Haul,Poor
50,Lufthansa,1483,87,169,Delayed,82,Short Haul,Poor
51,Indigo,1567,40,83,Delayed,43,Short Haul,Poor
52,Indigo,8303,60,197,OnTime,137,Long Haul,Poor
53,Indigo,3325,162,39,Delayed,-123,Medium Long,Poor
54,Emirates,7106,8,149,OnTime,141,Long Haul,Poor
55,Indigo,1065,101,151,OnTime,50,Short Haul,Poor
56,Emirates,11910,156,192,Delayed,36,Long Haul,Poor
57,Delta,6116,60,184,OnTime,124,Medium Long,Poor
58,Delta,5303,53,100,OnTime,47,Medium Long,Poor
59,Delta,7450,145,103,Delayed,-42,Long Haul,Poor
60,Lufthansa,10263,61,61,OnTime,0,Long Haul,Poor
61,Emirates,7003,35,78,Delayed,43,Long Haul,Poor
62,Lufthansa,5825,12,167,OnTime,155,Medium Long,Poor
63,Indigo,11793,28,90,OnTime,62,Long Haul,Poor
64,Delta,6710,16,109,OnTime,93,Medium Long,Poor
65,Emirates,9396,46,118,OnTime,72,Long Haul,Poor
66,Indigo,7039,33,135,Delayed,102,Long Haul,Poor
67,Emirates,2029,53,144,Delayed,91,Short Haul,Poor
68,Emirates,651,87,63,Delayed,-24,Short Haul,Poor
69,Indigo,2342,14,54,OnTime,40,Short Haul,Poor
70,Delta,3719,45,56,OnTime,11,Medium Long,Poor
71,Lufthansa,6543,136,158,OnTime,22,Medium Long,Poor
72,Delta,439,125,122,OnTime,-3,Short Haul,Poor
73,Lufthansa,1065,149,117,Delayed,-32,Short Haul,Poor
74,Delta,11052,36,121,Delayed,85,Long Haul,Poor
75,Lufthansa,4038,88,92,OnTime,4,Medium Long,Poor
76,Delta,6532,148,78,OnTime,-70,Medium Long,Poor
77,Delta,3024,175,191,Delayed,16,Medium Long,Poor
78,Delta,7908,109,23,OnTime,-86,Long Haul,Good
79,Emirates,1506,60,194,Delayed,134,Short Haul,Poor
80,Indigo,4770,91,179,Delayed,88,Medium Long,Poor
81,Indigo,5038,88,160,OnTime,72,Medium Long,Poor
82,Emirates,1693,36,125,OnTime,89,Short Haul,Poor
83,Emirates,4531,49,71,OnTime,22,Medium Long,Poor
84,Indigo,8919,100,27,Delayed,-73,Long Haul,Good
85,Delta,3922,177,92,Delayed,-85,Medium Long,Poor
86,Indigo,1294,54,6,OnTime,-48,Short Haul,Good
87,Emirates,4683,46,74,OnTime,28,Medium Long,Poor
88,Emirates,7871,7,106,OnTime,99,Long Haul,Poor
89,Delta,7084,27,97,Delayed,70,Long Haul,Poor
90,Emirates,951,161,128,Delayed,-33,Short Haul,Poor
91,Emirates,10471,50,128,OnTime,78,Long Haul,Poor
92,Delta,10058,140,198,Delayed,58,Long Haul,Poor
93,Lufthansa,389,61,158,Delayed,97,Short Haul,Poor
94,Emirates,296,20,150,Delayed,130,Short Haul,Poor
95,Indigo,6427,61,127,OnTime,66,Medium Long,Poor
96,Delta,2291,99,151,Delayed,52,Short Haul,Poor
97,Indigo,1376,98,141,OnTime,43,Short Haul,Poor
98,Delta,10473,90,103,OnTime,13,Long Haul,Poor
99,Lufthansa,10178,143,169,OnTime,26,Long Haul,Poor
100,Emirates,6893,39,193,OnTime,154,Medium Long,Poor
101,Emirates,3448,14,98,OnTime,84,Medium Long,Poor
102,Lufthansa,6444,168,111,Delayed,-57,Medium Long,Poor
103,Indigo,3582,68,102,OnTime,34,Medium Long,Poor
104,Lufthansa,4958,167,9,Delayed,-158,Medium Long,Good
105,Lufthansa,9195,142,169,OnTime,27,Long Haul,Poor
106,Lufthansa,1579,24,151,Delayed,127,Short Haul,Poor
107,Lufthansa,11518,51,94,Delayed,43,Long Haul,Poor
108,Emirates,7946,111,84,OnTime,-27,Long Haul,Poor
109,Delta,4816,55,67,OnTime,12,Medium Long,Poor
110,Delta,7544,67,170,OnTime,103,Long Haul,Poor
111,Delta,8838,97,159,Delayed,62,Long Haul,Poor
112,Lufthansa,1698,69,96,Delayed,27,Short Haul,Poor
113,Delta,10052,81,155,Delayed,74,Long Haul,Poor
114,Delta,3411,129,141,Delayed,12,Medium Long,Poor
115,Lufthansa,8637,24,164,OnTime,140,Long Haul,Poor
116,Indigo,931,62,39,OnTime,-23,Short Haul,Poor
117,Indigo,2349,49,183,OnTime,134,Short Haul,Poor
118,Lufthansa,11009,120,47,Delayed,-73,Long Haul,Poor
119,Indigo,7184,108,65,Delayed,-43,Long Haul,Poor
120,Lufthansa,8547,112,99,OnTime,-13,Long Haul,Poor
121,Lufthansa,806,178,115,Delayed,-63,Short Haul,Poor
122,Indigo,5105,65,28,Delayed,-37,Medium Long,Good
123,Emirates,8793,129,169,OnTime,40,Long Haul,Poor
124,Indigo,610,144,138,Delayed,-6,Short Haul,Poor
125,Indigo,2132,159,154,Delayed,-5,Short Haul,Poor
126,Indigo,9545,87,135,OnTime,48,Long Haul,Poor
127,Emirates,6497,103,182,OnTime,79,Medium Long,Poor
128,Indigo,5950,83,174,Delayed,91,Medium Long,Poor
129,Indigo,5857,154,136,OnTime,-18,Medium Long,Poor
130,Indigo,9789,149,32,OnTime,-117,Long Haul,Poor
131,Lufthansa,11345,103,8,OnTime,-95,Long Haul,Good
132,Emirates,5941,44,20,Delayed,-24,Medium Long,Good
133,Lufthansa,426,155,24,Delayed,-131,Short Haul,Good
134,Emirates,9276,133,132,OnTime,-1,Long Haul,Poor
135,Delta,1750,83,32,Delayed,-51,Short Haul,Poor
136,Indigo,11661,175,113,Delayed,-62,Long Haul,Poor
137,Emirates,1147,116,13,Delayed,-103,Short Haul,Good
138,Lufthansa,9787,149,103,OnTime,-46,Long Haul,Poor
139,Delta,10154,171,7,Delayed,-164,Long Haul,Good
140,Indigo,9672,146,166,Delayed,20,Long Haul,Poor
141,Emirates,8696,62,129,OnTime,67,Long Haul,Poor
142,Emirates,7281,146,121,OnTime,-25,Long Haul,Poor
143,Indigo,5448,51,20,Delayed,-31,Medium Long,Good
144,Indigo,6835,13,71,Delayed,58,Medium Long,Poor
145,Indigo,4600,66,157,OnTime,91,Medium Long,Poor
146,Indigo,3392,159,84,Delayed,-75,Medium Long,Poor
147,Lufthansa,3786,104,8,OnTime,-96,Medium Long,Good
148,Emirates,10175,90,10,Delayed,-80,Long Haul,Good
149,Indigo,1940,35,159,Delayed,124,Short Haul,Poor
150,Emirates,2832,64,86,Delayed,22,Short Haul,Poor
151,Lufthansa,7263,39,53,Delayed,14,Long Haul,Poor
152,Delta,2687,4,179,OnTime,175,Short Haul,Poor
153,Lufthansa,10177,135,142,Delayed,7,Long Haul,Poor
154,Emirates,9719,111,20,Delayed,-91,Long Haul,Good
155,Lufthansa,8198,165,33,Delayed,-132,Long Haul,Poor
156,Lufthansa,830,83,127,Delayed,44,Short Haul,Poor
157,Emirates,11443,102,136,OnTime,34,Long Haul,Poor
158,Lufthansa,2299,26,139,Delayed,113,Short Haul,Poor
159,Indigo,4545,26,175,Delayed,149,Medium Long,Poor
160,Emirates,7797,42,118,Delayed,76,Long Haul,Poor
161,Lufthansa,7739,67,26,Delayed,-41,Long Haul,Good
162,Lufthansa,1915,169,55,OnTime,-114,Short Haul,Poor
163,Delta,342,39,141,OnTime,102,Short Haul,Poor
164,Delta,1803,77,190,Delayed,113,Short Haul,Poor
165,Emirates,10482,135,132,Delayed,-3,Long Haul,Poor
166,Indigo,10524,145,146,Delayed,1,Long Haul,Poor
167,Indigo,1567,6,88,Delayed,82,Short Haul,Poor
168,Lufthansa,8917,57,138,Delayed,81,Long Haul,Poor
169,Emirates,2882,81,141,Delayed,60,Short Haul,Poor
170,Lufthansa,1628,71,124,Delayed,53,Short Haul,Poor
171,Delta,9227,25,190,OnTime,165,Long Haul,Poor
172,Delta,3887,121,38,OnTime,-83,Medium Long,Poor
173,Lufthansa,10700,118,168,Delayed,50,Long Haul,Poor
174,Delta,3123,129,107,Delayed,-22,Medium Long,Poor
175,Lufthansa,6192,112,155,Delayed,43,Medium Long,Poor
176,Delta,8177,46,119,Delayed,73,Long Haul,Poor
177,Delta,9166,10,44,Delayed,34,Long Haul,Poor
178,Indigo,3255,7,168,OnTime,161,Medium Long,Poor
179,Emirates,3174,106,131,Delayed,25,Medium Long,Poor
180,Lufthansa,5865,150,79,OnTime,-71,Medium Long,Poor
181,Delta,3852,112,161,OnTime,49,Medium Long,Poor
182,Delta,11302,145,73,OnTime,-72,Long Haul,Poor
183,Indigo,6860,86,49,Delayed,-37,Medium Long,Poor
184,Emirates,3316,114,197,Delayed,83,Medium Long,Poor
185,Delta,3131,71,23,Delayed,-48,Medium Long,Good
186,Delta,6636,176,25,OnTime,-151,Medium Long,Good
187,Lufthansa,8281,124,105,Delayed,-19,Long Haul,Poor
188,Delta,11710,53,160,OnTime,107,Long Haul,Poor
189,Delta,10408,131,17,Delayed,-114,Long Haul,Good
190,Delta,6130,104,123,Delayed,19,Medium Long,Poor
191,Lufthansa,1408,69,65,OnTime,-4,Short Haul,Poor
192,Delta,7999,45,21,OnTime,-24,Long Haul,Good
193,Indigo,9041,85,30,OnTime,-55,Long Haul,Good
194,Delta,4074,58,95,Delayed,37,Medium Long,Poor
195,Delta,9900,75,146,OnTime,71,Long Haul,Poor
196,Delta,10684,13,196,OnTime,183,Long Haul,Poor
197,Indigo,2892,76,26,Delayed,-50,Short Haul,Good
198,Delta,9424,48,134,Delayed,86,Long Haul,Poor
199,Delta,2341,172,8,OnTime,-164,Short Haul,Good
200,Delta,11581,18,108,Delayed,90,Long Haul,Poor
201,Delta,6117,45,86,Delayed,41,Medium Long,Poor
202,Indigo,10146,11,146,Delayed,135,Long Haul,Poor
203,Delta,7863,62,96,Delayed,34,Long Haul,Poor
204,Lufthansa,690,158,57,OnTime,-101,Short Haul,Poor
205,Emirates,7968,154,74,OnTime,-80,Long Haul,Poor
206,Emirates,8129,63,160,OnTime,97,Long Haul,Poor
207,Indigo,358,92,145,OnTime,53,Short Haul,Poor
208,Lufthansa,4668,179,10,Delayed,-169,Medium Long,Good
209,Delta,9181,48,18,Delayed,-30,Long Haul,Good
210,Emirates,4958,48,57,Delayed,9,Medium Long,Poor
211,Lufthansa,11105,104,84,Delayed,-20,Long Haul,Poor
212,Delta,1454,117,12,Delayed,-105,Short Haul,Good
213,Lufthansa,11653,141,99,OnTime,-42,Long Haul,Poor
214,Lufthansa,4391,6,153,Delayed,147,Medium Long,Poor
215,Delta,4024,19,138,OnTime,119,Medium Long,Poor
216,Emirates,6522,131,8,OnTime,-123,Medium Long,Good
217,Lufthansa,8465,145,34,Delayed,-111,Long Haul,Poor
218,Delta,6536,143,48,OnTime,-95,Medium Long,Poor
219,Delta,8084,87,110,Delayed,23,Long Haul,Poor
220,Lufthansa,10073,82,175,Delayed,93,Long Haul,Poor
221,Indigo,8763,5,162,OnTime,157,Long Haul,Poor
222,Lufthansa,4083,175,42,Delayed,-133,Medium Long,Poor
223,Emirates,5716,161,62,OnTime,-99,Medium Long,Poor
224,Indigo,10722,73,106,Delayed,33,Long Haul,Poor
225,Emirates,11072,45,183,OnTime,138,Long Haul,Poor
226,Lufthansa,882,133,165,Delayed,32,Short Haul,Poor
227,Delta,5967,124,169,Delayed,45,Medium Long,Poor
228,Delta,5757,168,28,OnTime,-140,Medium Long,Good
229,Emirates,8437,130,91,OnTime,-39,Long Haul,Poor
230,Lufthansa,9982,96,164,OnTime,68,Long Haul,Poor
231,Indigo,4479,25,32,OnTime,7,Medium Long,Poor
232,Delta,10055,6,130,OnTime,124,Long Haul,Poor
233,Delta,5233,18,180,Delayed,162,Medium Long,Poor
234,Emirates,3479,166,14,OnTime,-152,Medium Long,Good
235,Delta,7994,168,137,OnTime,-31,Long Haul,Poor
236,Indigo,5911,19,191,OnTime,172,Medium Long,Poor
237,Lufthansa,9475,61,31,OnTime,-30,Long Haul,Poor
238,Emirates,9824,119,37,Delayed,-82,Long Haul,Poor
239,Delta,9955,136,115,Delayed,-21,Long Haul,Poor
240,Emirates,10325,99,198,OnTime,99,Long Haul,Poor
241,Delta,9519,84,12,OnTime,-72,Long Haul,Good
242,Lufthansa,1153,25,15,Delayed,-10,Short Haul,Good
243,Emirates,533,91,44,OnTime,-47,Short Haul,Poor
244,Lufthansa,5512,105,7,Delayed,-98,Medium Long,Good
245,Indigo,6608,177,87,OnTime,-90,Medium Long,Poor
246,Emirates,6922,2,129,Delayed,127,Medium Long,Poor
247,Emirates,1493,97,106,OnTime,9,Short Haul,Poor
248,Indigo,9372,121,90,OnTime,-31,Long Haul,Poor
249,Lufthansa,8186,136,26,Delayed,-110,Long Haul,Good
250,Lufthansa,4848,55,55,Delayed,0,Medium Long,Poor
251,Lufthansa,8231,50,55,OnTime,5,Long Haul,Poor
252,Delta,3393,165,87,OnTime,-78,Medium Long,Poor
253,Delta,5639,43,103,Delayed,60,Medium Long,Poor
254,Lufthansa,7450,106,4,Delayed,-102,Long Haul,Good
255,Lufthansa,6804,83,96,Delayed,13,Medium Long,Poor
256,Delta,7551,35,65,Delayed,30,Long Haul,Poor
257,Lufthansa,4517,26,133,OnTime,107,Medium Long,Poor
258,Delta,2062,91,65,OnTime,-26,Short Haul,Poor
259,Delta,8009,168,142,OnTime,-26,Long Haul,Poor
260,Delta,5082,124,39,OnTime,-85,Medium Long,Poor
261,Indigo,9536,68,102,Delayed,34,Long Haul,Poor
262,Emirates,3332,1,37,Delayed,36,Medium Long,Poor
263,Emirates,992,132,36,OnTime,-96,Short Haul,Poor
264,Indigo,4875,99,186,OnTime,87,Medium Long,Poor
265,Indigo,7103,150,184,Delayed,34,Long Haul,Poor
266,Delta,221,60,50,OnTime,-10,Short Haul,Poor
267,Lufthansa,7472,6,1,Delayed,-5,Long Haul,Good
268,Indigo,10837,154,149,OnTime,-5,Long Haul,Poor
269,Lufthansa,3095,46,43,OnTime,-3,Medium Long,Poor
270,Indigo,4907,31,75,Delayed,44,Medium Long,Poor
271,Lufthansa,1227,149,43,Delayed,-106,Short Haul,Poor
272,Indigo,2833,110,100,Delayed,-10,Short Haul,Poor
273,Delta,7331,144,38,OnTime,-106,Long Haul,Poor
274,Indigo,4678,36,25,OnTime,-11,Medium Long,Good
275,Delta,10969,108,150,Delayed,42,Long Haul,Poor
276,Emirates,5883,36,112,OnTime,76,Medium Long,Poor
277,Indigo,7486,164,170,OnTime,6,Long Haul,Poor
278,Delta,4900,53,84,Delayed,31,Medium Long,Poor
279,Delta,8984,152,190,Delayed,38,Long Haul,Poor
280,Emirates,5738,161,196,Delayed,35,Medium Long,Poor
281,Delta,5034,166,123,OnTime,-43,Medium Long,Poor
282,Delta,2944,83,94,Delayed,11,Short Haul,Poor
283,Emirates,8905,58,23,OnTime,-35,Long Haul,Good
284,Lufthansa,3401,72,133,OnTime,61,Medium Long,Poor
285,Emirates,8368,1,158,Delayed,157,Long Haul,Poor
286,Emirates,7243,137,103,OnTime,-34,Long Haul,Poor
287,Indigo,9166,81,1,Delayed,-80,Long Haul,Good
288,Lufthansa,452,118,66,Delayed,-52,Short Haul,Poor
289,Indigo,2944,80,85,OnTime,5,Short Haul,Poor
290,Indigo,6317,72,61,OnTime,-11,Medium Long,Poor
291,Lufthansa,9617,155,196,Delayed,41,Long Haul,Poor
292,Emirates,7678,79,170,OnTime,91,Long Haul,Poor
293,Emirates,6810,80,186,OnTime,106,Medium Long,Poor
294,Lufthansa,5088,167,145,OnTime,-22,Medium Long,Poor
295,Delta,11015,21,123,Delayed,102,Long Haul,Poor
296,Delta,9123,8,120,Delayed,112,Long Haul,Poor
297,Indigo,3059,97,109,Delayed,12,Medium Long,Poor
298,Delta,9122,134,70,OnTime,-64,Long Haul,Poor
299,Delta,1255,61,158,Delayed,97,Short Haul,Poor
300,Emirates,11410,108,130,Delayed,22,Long Haul,Poor
301,Delta,379,150,8,Delayed,-142,Short Haul,Good
302,Emirates,7112,118,189,OnTime,71,Long Haul,Poor
303,Emirates,3632,172,153,Delayed,-19,Medium Long,Poor
304,Emirates,4588,170,82,Delayed,-88,Medium Long,Poor
305,Lufthansa,2536,59,99,OnTime,40,Short Haul,Poor
306,Indigo,1705,135,72,Delayed,-63,Short Haul,Poor
307,Delta,4772,142,187,OnTime,45,Medium Long,Poor
308,Lufthansa,6400,27,33,OnTime,6,Medium Long,Poor
309,Delta,8370,167,8,OnTime,-159,Long Haul,Good
310,Lufthansa,4537,108,4,Delayed,-104,Medium Long,Good
311,Indigo,6275,165,8,Delayed,-157,Medium Long,Good
312,Indigo,8649,48,79,OnTime,31,Long Haul,Poor
313,Emirates,11006,65,165,Delayed,100,Long Haul,Poor
314,Emirates,10319,175,61,OnTime,-114,Long Haul,Poor
315,Emirates,1591,57,93,OnTime,36,Short Haul,Poor
316,Emirates,3033,163,197,Delayed,34,Medium Long,Poor
317,Lufthansa,7142,62,72,OnTime,10,Long Haul,Poor
318,Indigo,6700,38,38,OnTime,0,Medium Long,Poor
319,Lufthansa,5677,157,35,OnTime,-122,Medium Long,Poor
320,Emirates,10264,8,26,OnTime,18,Long Haul,Good
321,Indigo,8595,98,82,OnTime,-16,Long Haul,Poor
322,Lufthansa,984,22,199,OnTime,177,Short Haul,Poor
323,Lufthansa,9859,123,65,Delayed,-58,Long Haul,Poor
324,Lufthansa,6912,173,18,Delayed,-155,Medium Long,Good
325,Indigo,5339,127,189,OnTime,62,Medium Long,Poor
326,Delta,10851,141,174,Delayed,33,Long Haul,Poor
327,Emirates,11082,60,44,Delayed,-16,Long Haul,Poor
328,Emirates,10308,166,153,Delayed,-13,Long Haul,Poor
329,Emirates,4552,155,43,OnTime,-112,Medium Long,Poor
330,Delta,9313,88,106,OnTime,18,Long Haul,Poor
331,Indigo,8971,142,130,OnTime,-12,Long Haul,Poor
332,Lufthansa,1550,130,17,OnTime,-113,Short Haul,Good
333,Emirates,6630,161,21,OnTime,-140,Medium Long,Good
334,Indigo,511,4,26,OnTime,22,Short Haul,Good
335,Lufthansa,7686,131,192,Delayed,61,Long Haul,Poor
336,Indigo,3210,53,19,OnTime,-34,Medium Long,Good
337,Indigo,11849,46,73,Delayed,27,Long Haul,Poor
338,Emirates,3648,166,1,OnTime,-165,Medium Long,Good
339,Delta,8405,28,87,OnTime,59,Long Haul,Poor
340,Emirates,2444,10,86,OnTime,76,Short Haul,Poor
341,Delta,10924,8,184,Delayed,176,Long Haul,Poor
342,Emirates,9931,109,133,Delayed,24,Long Haul,Poor
343,Emirates,8195,47,122,Delayed,75,Long Haul,Poor
344,Lufthansa,8010,150,29,OnTime,-121,Long Haul,Good
345,Indigo,6666,31,132,Delayed,101,Medium Long,Poor
346,Delta,11387,98,65,Delayed,-33,Long Haul,Poor
347,Indigo,2531,3,134,OnTime,131,Short Haul,Poor
348,Delta,4092,15,40,OnTime,25,Medium Long,Poor
349,Emirates,3992,146,105,OnTime,-41,Medium Long,Poor
350,Emirates,7472,85,10,OnTime,-75,Long Haul,Good
351,Indigo,11873,121,12,Delayed,-109,Long Haul,Good
352,Lufthansa,1790,156,99,Delayed,-57,Short Haul,Poor
353,Lufthansa,10037,40,65,OnTime,25,Long Haul,Poor
354,Lufthansa,2049,8,191,Delayed,183,Short Haul,Poor
355,Lufthansa,1135,111,153,Delayed,42,Short Haul,Poor
356,Indigo,4591,151,170,Delayed,19,Medium Long,Poor
357,Indigo,7695,51,180,OnTime,129,Long Haul,Poor
358,Indigo,2043,48,124,Delayed,76,Short Haul,Poor
359,Delta,4037,162,48,Delayed,-114,Medium Long,Poor
360,Emirates,5295,151,42,OnTime,-109,Medium Long,Poor
361,Lufthansa,11044,16,56,Delayed,40,Long Haul,Poor
362,Lufthansa,8790,115,41,OnTime,-74,Long Haul,Poor
363,Indigo,10158,122,56,OnTime,-66,Long Haul,Poor
364,Delta,1929,50,17,OnTime,-33,Short Haul,Good
365,Indigo,4705,92,19,OnTime,-73,Medium Long,Good
366,Lufthansa,11565,150,69,OnTime,-81,Long Haul,Poor
367,Lufthansa,4921,166,53,OnTime,-113,Medium Long,Poor
368,Indigo,3670,142,172,OnTime,30,Medium Long,Poor
369,Emirates,2486,29,115,Delayed,86,Short Haul,Poor
370,Lufthansa,7271,26,140,Delayed,114,Long Haul,Poor
371,Lufthansa,9280,40,27,OnTime,-13,Long Haul,Good
372,Lufthansa,9484,60,181,Delayed,121,Long Haul,Poor
373,Lufthansa,9041,51,11,OnTime,-40,Long Haul,Good
374,Delta,6472,169,106,Delayed,-63,Medium Long,Poor
375,Delta,4947,122,126,Delayed,4,Medium Long,Poor
376,Emirates,6898,50,20,Delayed,-30,Medium Long,Good
377,Emirates,5499,148,52,Delayed,-96,Medium Long,Poor
378,Indigo,1726,82,15,Delayed,-67,Short Haul,Good
379,Lufthansa,10087,154,11,Delayed,-143,Long Haul,Good
380,Indigo,748,154,178,OnTime,24,Short Haul,Poor
381,Indigo,9715,157,113,Delayed,-44,Long Haul,Poor
382,Indigo,2406,116,184,OnTime,68,Short Haul,Poor
383,Lufthansa,6580,119,197,OnTime,78,Medium Long,Poor
384,Lufthansa,2456,82,189,OnTime,107,Short Haul,Poor
385,Indigo,4070,105,73,Delayed,-32,Medium Long,Poor
386,Lufthansa,9109,179,94,Delayed,-85,Long Haul,Poor
387,Indigo,7117,122,79,OnTime,-43,Long Haul,Poor
388,Delta,2067,29,110,OnTime,81,Short Haul,Poor
389,Indigo,10256,101,179,OnTime,78,Long Haul,Poor
390,Emirates,684,137,186,Delayed,49,Short Haul,Poor
391,Indigo,8787,83,17,OnTime,-66,Long Haul,Good
392,Indigo,4027,132,33,Delayed,-99,Medium Long,Poor
393,Indigo,3362,63,113,OnTime,50,Medium Long,Poor
394,Indigo,7049,71,142,OnTime,71,Long Haul,Poor
395,Delta,8010,78,172,OnTime,94,Long Haul,Poor
396,Delta,4401,5,144,OnTime,139,Medium Long,Poor
397,Lufthansa,1599,72,178,Delayed,106,Short Haul,Poor
398,Delta,4421,170,69,OnTime,-101,Medium Long,Poor
399,Lufthansa,10416,26,39,Delayed,13,Long Haul,Poor
400,Delta,2059,20,105,Delayed,85,Short Haul,Poor
401,Indigo,11851,50,196,Delayed,146,Long Haul,Poor
402,Emirates,10777,38,154,Delayed,116,Long Haul,Poor
403,Indigo,5950,27,7,Delayed,-20,Medium Long,Good
404,Lufthansa,8204,75,130,OnTime,55,Long Haul,Poor
405,Indigo,6883,116,93,Delayed,-23,Medium Long,Poor
406,Emirates,9969,15,2,Delayed,-13,Long Haul,Good
407,Delta,10178,59,168,Delayed,109,Long Haul,Poor
408,Emirates,11546,44,193,Delayed,149,Long Haul,Poor
409,Delta,11969,34,37,Delayed,3,Long Haul,Poor
410,Lufthansa,1087,4,43,OnTime,39,Short Haul,Poor
411,Lufthansa,7196,156,34,OnTime,-122,Long Haul,Poor
412,Lufthansa,4258,25,49,Delayed,24,Medium Long,Poor
413,Emirates,5976,121,122,Delayed,1,Medium Long,Poor
414,Lufthansa,6343,99,13,Delayed,-86,Medium Long,Good
415,Lufthansa,6478,132,188,Delayed,56,Medium Long,Poor
416,Delta,6865,96,174,Delayed,78,Medium Long,Poor
417,Indigo,8644,76,199,Delayed,123,Long Haul,Poor
418,Indigo,11080,133,92,OnTime,-41,Long Haul,Poor
419,Indigo,5648,124,154,OnTime,30,Medium Long,Poor
420,Indigo,10867,105,2,Delayed,-103,Long Haul,Good
421,Lufthansa,6747,3,85,Delayed,82,Medium Long,Poor
422,Indigo,10152,94,130,OnTime,36,Long Haul,Poor
423,Emirates,269,91,120,Delayed,29,Short Haul,Poor
424,Lufthansa,2904,9,111,OnTime,102,Short Haul,Poor
425,Lufthansa,8340,87,8,OnTime,-79,Long Haul,Good
426,Delta,4114,52,192,OnTime,140,Medium Long,Poor
427,Indigo,9636,141,62,Delayed,-79,Long Haul,Poor
428,Indigo,799,164,157,OnTime,-7,Short Haul,Poor
429,Indigo,8679,158,127,Delayed,-31,Long Haul,Poor
430,Emirates,9291,156,70,Delayed,-86,Long Haul,Poor
431,Delta,715,82,48,Delayed,-34,Short Haul,Poor
432,Emirates,1200,0,10,OnTime,10,Short Haul,Good
433,Lufthansa,4230,97,161,Delayed,64,Medium Long,Poor
434,Delta,588,158,126,OnTime,-32,Short Haul,Poor
435,Indigo,10819,45,134,Delayed,89,Long Haul,Poor
436,Delta,4313,78,33,Delayed,-45,Medium Long,Poor
437,Lufthansa,501,31,95,Delayed,64,Short Haul,Poor
438,Delta,1398,124,140,OnTime,16,Short Haul,Poor
439,Emirates,950,174,166,OnTime,-8,Short Haul,Poor
440,Emirates,4463,132,127,OnTime,-5,Medium Long,Poor
441,Lufthansa,5081,76,157,OnTime,81,Medium Long,Poor
442,Indigo,11609,24,63,Delayed,39,Long Haul,Poor
443,Lufthansa,10434,119,59,OnTime,-60,Long Haul,Poor
444,Indigo,2350,172,69,Delayed,-103,Short Haul,Poor
445,Emirates,8737,96,26,Delayed,-70,Long Haul,Good
446,Emirates,718,93,98,OnTime,5,Short Haul,Poor
447,Emirates,7154,124,33,Delayed,-91,Long Haul,Poor
448,Lufthansa,8610,1,177,OnTime,176,Long Haul,Poor
449,Indigo,5640,146,94,Delayed,-52,Medium Long,Poor
450,Lufthansa,10819,23,67,OnTime,44,Long Haul,Poor
451,Lufthansa,9213,65,136,Delayed,71,Long Haul,Poor
452,Delta,3332,56,19,OnTime,-37,Medium Long,Good
453,Lufthansa,4011,73,124,OnTime,51,Medium Long,Poor
454,Emirates,5332,156,56,OnTime,-100,Medium Long,Poor
455,Indigo,6460,150,90,OnTime,-60,Medium Long,Poor
456,Delta,8662,85,196,Delayed,111,Long Haul,Poor
457,Emirates,10719,11,124,OnTime,113,Long Haul,Poor
458,Emirates,6771,125,5,Delayed,-120,Medium Long,Good
459,Emirates,1509,51,131,OnTime,80,Short Haul,Poor
460,Indigo,11580,146,103,Delayed,-43,Long Haul,Poor
461,Lufthansa,11631,163,60,OnTime,-103,Long Haul,Poor
462,Lufthansa,3126,20,76,Delayed,56,Medium Long,Poor
463,Emirates,4448,45,105,Delayed,60,Medium Long,Poor
464,Delta,508,49,140,Delayed,91,Short Haul,Poor
465,Delta,4885,153,63,Delayed,-90,Medium Long,Poor
466,Lufthansa,898,157,183,OnTime,26,Short Haul,Poor
467,Indigo,1119,110,105,OnTime,-5,Short Haul,Poor
468,Lufthansa,5349,101,180,OnTime,79,Medium Long,Poor
469,Delta,4000,144,181,OnTime,37,Medium Long,Poor
470,Emirates,8152,75,108,Delayed,33,Long Haul,Poor
471,Delta,6776,132,79,Delayed,-53,Medium Long,Poor
472,Lufthansa,2287,61,165,Delayed,104,Short Haul,Poor
473,Lufthansa,11431,39,190,OnTime,151,Long Haul,Poor
474,Emirates,8504,32,115,OnTime,83,Long Haul,Poor
475,Lufthansa,3314,92,122,OnTime,30,Medium Long,Poor
476,Delta,9326,114,181,Delayed,67,Long Haul,Poor
477,Delta,1184,23,157,Delayed,134,Short Haul,Poor
478,Delta,10988,140,85,Delayed,-55,Long Haul,Poor
479,Lufthansa,9472,173,93,OnTime,-80,Long Haul,Poor
480,Indigo,1634,55,81,OnTime,26,Short Haul,Poor
481,Lufthansa,9110,57,21,Delayed,-36,Long Haul,Good
482,Lufthansa,9630,172,170,OnTime,-2,Long Haul,Poor
483,Indigo,11091,82,138,Delayed,56,Long Haul,Poor
484,Indigo,5409,155,110,Delayed,-45,Medium Long,Poor
485,Indigo,9428,53,71,OnTime,18,Long Haul,Poor
486,Indigo,6801,153,72,Delayed,-81,Medium Long,Poor
487,Lufthansa,4974,39,118,Delayed,79,Medium Long,Poor
488,Lufthansa,8899,61,6,Delayed,-55,Long Haul,Good
489,Indigo,10273,109,128,OnTime,19,Long Haul,Poor
490,Emirates,11486,59,11,Delayed,-48,Long Haul,Good
491,Lufthansa,11375,17,172,OnTime,155,Long Haul,Poor
492,Lufthansa,10328,7,95,OnTime,88,Long Haul,Poor
493,Lufthansa,1791,71,17,Delayed,-54,Short Haul,Good
494,Emirates,2606,168,33,OnTime,-135,Short Haul,Poor
495,Emirates,891,112,180,OnTime,68,Short Haul,Poor
496,Emirates,3951,44,40,OnTime,-4,Medium Long,Poor
497,Emirates,2893,159,49,Delayed,-110,Short Haul,Poor
498,Lufthansa,6054,65,103,OnTime,38,Medium Long,Poor
499,Emirates,7924,63,116,Delayed,53,Long Haul,Poor
500,Lufthansa,8682,42,189,OnTime,147,Long Haul,Poor
501,Emirates,6626,114,53,OnTime,-61,Medium Long,Poor
502,Delta,4734,88,68,OnTime,-20,Medium Long,Poor
503,Lufthansa,8360,149,70,OnTime,-79,Long Haul,Poor
504,Emirates,3641,145,112,Delayed,-33,Medium Long,Poor
505,Lufthansa,9190,2,61,Delayed,59,Long Haul,Poor
506,Indigo,4925,70,125,Delayed,55,Medium Long,Poor
507,Indigo,1226,19,9,Delayed,-10,Short Haul,Good
508,Emirates,10822,87,110,Delayed,23,Long Haul,Poor
509,Lufthansa,10236,30,18,Delayed,-12,Long Haul,Good
510,Delta,10701,70,141,OnTime,71,Long Haul,Poor
511,Emirates,2503,27,121,OnTime,94,Short Haul,Poor
512,Delta,10294,77,123,Delayed,46,Long Haul,Poor
513,Delta,11986,58,108,Delayed,50,Long Haul,Poor
514,Indigo,10823,147,76,OnTime,-71,Long Haul,Poor
515,Indigo,5173,38,138,Delayed,100,Medium Long,Poor
516,Indigo,4275,176,69,OnTime,-107,Medium Long,Poor
517,Delta,11403,73,71,Delayed,-2,Long Haul,Poor
518,Emirates,7138,156,85,Delayed,-71,Long Haul,Poor
519,Emirates,716,57,10,OnTime,-47,Short Haul,Good
520,Emirates,1444,71,10,OnTime,-61,Short Haul,Good
521,Indigo,7244,97,23,Delayed,-74,Long Haul,Good
522,Emirates,6935,113,7,Delayed,-106,Medium Long,Good
523,Emirates,8789,59,159,Delayed,100,Long Haul,Poor
524,Lufthansa,4407,112,25,Delayed,-87,Medium Long,Good
525,Indigo,8613,93,172,Delayed,79,Long Haul,Poor
526,Emirates,5760,50,43,OnTime,-7,Medium Long,Poor
527,Delta,11115,70,83,Delayed,13,Long Haul,Poor
528,Lufthansa,7888,100,65,Delayed,-35,Long Haul,Poor
529,Delta,2098,71,21,OnTime,-50,Short Haul,Good
530,Delta,542,92,96,Delayed,4,Short Haul,Poor
531,Indigo,9084,46,80,OnTime,34,Long Haul,Poor
532,Lufthansa,8161,69,199,OnTime,130,Long Haul,Poor
533,Delta,4297,49,52,Delayed,3,Medium Long,Poor
534,Emirates,6869,1,129,OnTime,128,Medium Long,Poor
535,Emirates,9671,71,10,Delayed,-61,Long Haul,Good
536,Emirates,1903,15,107,OnTime,92,Short Haul,Poor
537,Delta,1634,145,199,OnTime,54,Short Haul,Poor
538,Emirates,1328,57,178,Delayed,121,Short Haul,Poor
539,Lufthansa,1377,16,79,Delayed,63,Short Haul,Poor
540,Indigo,6999,114,113,OnTime,-1,Medium Long,Poor
541,Indigo,10450,119,138,OnTime,19,Long Haul,Poor
542,Lufthansa,3643,87,52,OnTime,-35,Medium Long,Poor
543,Delta,11100,35,180,Delayed,145,Long Haul,Poor
544,Delta,2989,17,63,OnTime,46,Short Haul,Poor
545,Lufthansa,6003,18,133,OnTime,115,Medium Long,Poor
546,Emirates,2751,6,9,Delayed,3,Short Haul,Good
547,Indigo,2684,42,95,Delayed,53,Short Haul,Poor
548,Emirates,7768,71,52,Delayed,-19,Long Haul,Poor
549,Lufthansa,8742,36,19,OnTime,-17,Long Haul,Good
550,Indigo,11314,26,122,OnTime,96,Long Haul,Poor
551,Indigo,7877,102,29,Delayed,-73,Long Haul,Good
552,Indigo,7494,85,181,OnTime,96,Long Haul,Poor
553,Emirates,4813,9,138,OnTime,129,Medium Long,Poor
554,Lufthansa,8152,147,7,OnTime,-140,Long Haul,Good
555,Delta,6680,62,0,OnTime,-62,Medium Long,Good
556,Emirates,11978,103,118,Delayed,15,Long Haul,Poor
557,Delta,11655,110,178,Delayed,68,Long Haul,Poor
558,Lufthansa,953,130,49,Delayed,-81,Short Haul,Poor
559,Lufthansa,4957,138,101,Delayed,-37,Medium Long,Poor
560,Lufthansa,6291,157,110,Delayed,-47,Medium Long,Poor
561,Delta,10779,172,102,OnTime,-70,Long Haul,Poor
562,Lufthansa,2887,146,94,Delayed,-52,Short Haul,Poor
563,Lufthansa,2557,23,1,OnTime,-22,Short Haul,Good
564,Delta,10851,17,21,OnTime,4,Long Haul,Good
565,Emirates,868,65,139,Delayed,74,Short Haul,Poor
566,Lufthansa,3547,81,57,Delayed,-24,Medium Long,Poor
567,Emirates,7705,90,118,Delayed,28,Long Haul,Poor
568,Indigo,1828,122,152,OnTime,30,Short Haul,Poor
569,Lufthansa,1649,131,141,OnTime,10,Short Haul,Poor
570,Lufthansa,328,168,48,OnTime,-120,Short Haul,Poor
571,Lufthansa,6499,28,3,OnTime,-25,Medium Long,Good
572,Lufthansa,11959,50,152,Delayed,102,Long Haul,Poor
573,Indigo,2434,59,90,Delayed,31,Short Haul,Poor
574,Delta,8716,130,87,OnTime,-43,Long Haul,Poor
575,Indigo,4703,103,22,Delayed,-81,Medium Long,Good
576,Indigo,836,37,162,OnTime,125,Short Haul,Poor
577,Delta,6877,94,21,OnTime,-73,Medium Long,Good
578,Indigo,3117,21,198,Delayed,177,Medium Long,Poor
579,Delta,6333,16,78,Delayed,62,Medium Long,Poor
580,Indigo,4550,16,103,OnTime,87,Medium Long,Poor
581,Indigo,7574,125,76,Delayed,-49,Long Haul,Poor
582,Lufthansa,1424,30,42,Delayed,12,Short Haul,Poor
583,Lufthansa,3159,127,75,Delayed,-52,Medium Long,Poor
584,Indigo,8465,93,189,OnTime,96,Long Haul,Poor
585,Indigo,736,101,73,Delayed,-28,Short Haul,Poor
586,Lufthansa,7342,8,70,OnTime,62,Long Haul,Poor
587,Lufthansa,8611,114,161,OnTime,47,Long Haul,Poor
588,Delta,10441,66,101,OnTime,35,Long Haul,Poor
589,Emirates,11174,52,38,Delayed,-14,Long Haul,Poor
590,Lufthansa,6736,114,185,Delayed,71,Medium Long,Poor
591,Emirates,5435,63,39,OnTime,-24,Medium Long,Poor
592,Emirates,8735,112,85,Delayed,-27,Long Haul,Poor
593,Indigo,9220,164,38,Delayed,-126,Long Haul,Poor
594,Lufthansa,1497,86,8,OnTime,-78,Short Haul,Good
595,Delta,9862,141,174,Delayed,33,Long Haul,Poor
596,Indigo,11513,7,44,Delayed,37,Long Haul,Poor
597,Emirates,4533,4,167,OnTime,163,Medium Long,Poor
598,Delta,5365,89,118,Delayed,29,Medium Long,Poor
599,Delta,3154,141,116,Delayed,-25,Medium Long,Poor
600,Indigo,5984,55,133,Delayed,78,Medium Long,Poor
601,Lufthansa,311,155,121,OnTime,-34,Short Haul,Poor
602,Lufthansa,5462,107,90,OnTime,-17,Medium Long,Poor
603,Delta,5716,159,113,OnTime,-46,Medium Long,Poor
604,Delta,2177,149,53,OnTime,-96,Short Haul,Poor
605,Delta,5845,71,68,OnTime,-3,Medium Long,Poor
606,Lufthansa,11186,4,96,OnTime,92,Long Haul,Poor
607,Emirates,6815,97,193,Delayed,96,Medium Long,Poor
608,Lufthansa,7910,134,170,Delayed,36,Long Haul,Poor
609,Delta,11587,48,77,Delayed,29,Long Haul,Poor
610,Indigo,2152,108,103,OnTime,-5,Short Haul,Poor
611,Indigo,9465,17,156,Delayed,139,Long Haul,Poor
612,Indigo,10718,173,48,Delayed,-125,Long Haul,Poor
613,Lufthansa,9194,6,109,Delayed,103,Long Haul,Poor
614,Indigo,10510,157,169,Delayed,12,Long Haul,Poor
615,Lufthansa,11471,168,3,OnTime,-165,Long Haul,Good
616,Lufthansa,5727,97,59,Delayed,-38,Medium Long,Poor
617,Indigo,5369,88,31,Delayed,-57,Medium Long,Poor
618,Lufthansa,1895,160,143,Delayed,-17,Short Haul,Poor
619,Lufthansa,3670,148,119,OnTime,-29,Medium Long,Poor
620,Lufthansa,2987,163,40,OnTime,-123,Short Haul,Poor
621,Lufthansa,10590,135,34,Delayed,-101,Long Haul,Poor
622,Delta,2542,89,40,OnTime,-49,Short Haul,Poor
623,Emirates,1555,53,67,Delayed,14,Short Haul,Poor
624,Delta,9711,125,195,Delayed,70,Long Haul,Poor
625,Indigo,10383,173,148,Delayed,-25,Long Haul,Poor
626,Indigo,401,92,47,OnTime,-45,Short Haul,Poor
627,Indigo,4967,105,177,Delayed,72,Medium Long,Poor
628,Delta,5817,157,195,Delayed,38,Medium Long,Poor
629,Lufthansa,3462,15,4,Delayed,-11,Medium Long,Good
630,Emirates,6489,123,17,OnTime,-106,Medium Long,Good
631,Emirates,10203,173,71,Delayed,-102,Long Haul,Poor
632,Indigo,8263,112,126,Delayed,14,Long Haul,Poor
633,Indigo,3229,5,180,OnTime,175,Medium Long,Poor
634,Lufthansa,10604,51,131,Delayed,80,Long Haul,Poor
635,Lufthansa,2887,18,83,Delayed,65,Short Haul,Poor
636,Lufthansa,11731,113,15,Delayed,-98,Long Haul,Good
637,Lufthansa,6231,88,31,OnTime,-57,Medium Long,Poor
638,Lufthansa,5259,114,126,OnTime,12,Medium Long,Poor
639,Delta,6819,142,34,Delayed,-108,Medium Long,Poor
640,Delta,8695,160,49,Delayed,-111,Long Haul,Poor
641,Emirates,7326,17,90,OnTime,73,Long Haul,Poor
642,Indigo,5296,151,64,Delayed,-87,Medium Long,Poor
643,Emirates,8169,80,112,OnTime,32,Long Haul,Poor
644,Delta,9478,86,176,OnTime,90,Long Haul,Poor
645,Lufthansa,2683,122,55,Delayed,-67,Short Haul,Poor
646,Emirates,7215,110,179,Delayed,69,Long Haul,Poor
647,Lufthansa,3112,112,99,OnTime,-13,Medium Long,Poor
648,Lufthansa,10241,59,45,Delayed,-14,Long Haul,Poor
649,Emirates,7102,71,17,OnTime,-54,Long Haul,Good
650,Emirates,6408,26,124,OnTime,98,Medium Long,Poor
651,Emirates,9979,143,65,OnTime,-78,Long Haul,Poor
652,Lufthansa,7777,127,129,Delayed,2,Long Haul,Poor
653,Lufthansa,9875,110,5,OnTime,-105,Long Haul,Good
654,Lufthansa,8874,161,95,Delayed,-66,Long Haul,Poor
655,Delta,4053,170,108,OnTime,-62,Medium Long,Poor
656,Delta,2297,66,70,Delayed,4,Short Haul,Poor
657,Emirates,3054,12,30,Delayed,18,Medium Long,Good
658,Indigo,523,5,191,Delayed,186,Short Haul,Poor
659,Delta,9726,128,169,OnTime,41,Long Haul,Poor
660,Emirates,10358,162,90,Delayed,-72,Long Haul,Poor
661,Emirates,6256,66,78,Delayed,12,Medium Long,Poor
662,Delta,2032,135,34,Delayed,-101,Short Haul,Poor
663,Delta,4670,56,170,Delayed,114,Medium Long,Poor
664,Indigo,4426,165,112,OnTime,-53,Medium Long,Poor
665,Lufthansa,8284,164,73,Delayed,-91,Long Haul,Poor
666,Indigo,512,14,135,Delayed,121,Short Haul,Poor
667,Indigo,6148,133,93,Delayed,-40,Medium Long,Poor
668,Delta,3108,72,14,Delayed,-58,Medium Long,Good
669,Lufthansa,5922,57,64,OnTime,7,Medium Long,Poor
670,Delta,3636,129,94,OnTime,-35,Medium Long,Poor
671,Lufthansa,1758,0,126,Delayed,126,Short Haul,Poor
672,Delta,7913,67,20,OnTime,-47,Long Haul,Good
673,Indigo,9479,168,142,Delayed,-26,Long Haul,Poor
674,Delta,5126,92,55,Delayed,-37,Medium Long,Poor
675,Indigo,666,102,60,Delayed,-42,Short Haul,Poor
676,Emirates,4069,48,124,Delayed,76,Medium Long,Poor
677,Indigo,6845,21,30,Delayed,9,Medium Long,Good
678,Delta,6083,151,147,OnTime,-4,Medium Long,Poor
679,Indigo,5626,50,57,Delayed,7,Medium Long,Poor
680,Emirates,8028,112,170,Delayed,58,Long Haul,Poor
681,Delta,4394,80,147,OnTime,67,Medium Long,Poor
682,Lufthansa,3775,57,119,OnTime,62,Medium Long,Poor
683,Indigo,2707,170,2,Delayed,-168,Short Haul,Good
684,Lufthansa,5714,119,73,Delayed,-46,Medium Long,Poor
685,Emirates,1464,43,120,Delayed,77,Short Haul,Poor
686,Lufthansa,5149,161,46,Delayed,-115,Medium Long,Poor
687,Lufthansa,9753,166,83,Delayed,-83,Long Haul,Poor
688,Delta,11991,61,124,Delayed,63,Long Haul,Poor
689,Lufthansa,523,121,117,Delayed,-4,Short Haul,Poor
690,Lufthansa,9944,17,19,OnTime,2,Long Haul,Good
691,Lufthansa,9081,77,46,Delayed,-31,Long Haul,Poor
692,Delta,6163,107,98,OnTime,-9,Medium Long,Poor
693,Indigo,7252,132,179,Delayed,47,Long Haul,Poor
694,Emirates,9624,27,127,OnTime,100,Long Haul,Poor
695,Delta,11814,78,95,OnTime,17,Long Haul,Poor
696,Indigo,8409,102,13,OnTime,-89,Long Haul,Good
697,Lufthansa,812,56,17,Delayed,-39,Short Haul,Good
698,Lufthansa,5473,94,166,OnTime,72,Medium Long,Poor
699,Lufthansa,1862,170,74,OnTime,-96,Short Haul,Poor
700,Delta,5415,48,196,OnTime,148,Medium Long,Poor
701,Indigo,6588,88,160,Delayed,72,Medium Long,Poor
702,Indigo,797,128,152,Delayed,24,Short Haul,Poor
703,Indigo,4816,135,108,Delayed,-27,Medium Long,Poor
704,Emirates,1968,92,30,OnTime,-62,Short Haul,Good
705,Lufthansa,2327,163,139,Delayed,-24,Short Haul,Poor
706,Delta,8015,123,15,Delayed,-108,Long Haul,Good
707,Delta,6039,50,156,Delayed,106,Medium Long,Poor
708,Delta,5579,141,129,Delayed,-12,Medium Long,Poor
709,Lufthansa,5261,23,121,OnTime,98,Medium Long,Poor
710,Emirates,2611,32,113,Delayed,81,Short Haul,Poor
711,Delta,11567,90,1,Delayed,-89,Long Haul,Good
712,Delta,11705,27,92,OnTime,65,Long Haul,Poor
713,Lufthansa,1223,23,138,OnTime,115,Short Haul,Poor
714,Delta,11506,73,28,Delayed,-45,Long Haul,Good
715,Delta,359,149,43,Delayed,-106,Short Haul,Poor
716,Indigo,9072,152,105,Delayed,-47,Long Haul,Poor
717,Emirates,6509,83,45,Delayed,-38,Medium Long,Poor
718,Delta,5425,77,92,Delayed,15,Medium Long,Poor
719,Lufthansa,2126,55,62,OnTime,7,Short Haul,Poor
720,Delta,9193,21,158,Delayed,137,Long Haul,Poor
721,Indigo,238,123,52,Delayed,-71,Short Haul,Poor
722,Indigo,4348,120,84,OnTime,-36,Medium Long,Poor
723,Emirates,9478,154,88,OnTime,-66,Long Haul,Poor
724,Lufthansa,7087,154,145,OnTime,-9,Long Haul,Poor
725,Emirates,6642,130,177,OnTime,47,Medium Long,Poor
726,Emirates,225,95,192,OnTime,97,Short Haul,Poor
727,Delta,2064,82,92,Delayed,10,Short Haul,Poor
728,Indigo,10149,69,58,Delayed,-11,Long Haul,Poor
729,Lufthansa,7897,4,33,OnTime,29,Long Haul,Poor
730,Lufthansa,6187,161,125,Delayed,-36,Medium Long,Poor
731,Delta,1284,179,82,OnTime,-97,Short Haul,Poor
732,Lufthansa,8332,103,180,OnTime,77,Long Haul,Poor
733,Delta,345,177,110,OnTime,-67,Short Haul,Poor
734,Emirates,7012,30,97,Delayed,67,Long Haul,Poor
735,Delta,11402,6,174,Delayed,168,Long Haul,Poor
736,Emirates,7072,68,94,OnTime,26,Long Haul,Poor
737,Indigo,11782,9,151,Delayed,142,Long Haul,Poor
738,Lufthansa,3542,13,84,Delayed,71,Medium Long,Poor
739,Delta,5531,63,170,OnTime,107,Medium Long,Poor
740,Lufthansa,2919,144,4,Delayed,-140,Short Haul,Good
741,Indigo,3754,143,51,OnTime,-92,Medium Long,Poor
742,Indigo,11402,4,126,Delayed,122,Long Haul,Poor
743,Emirates,3890,75,164,OnTime,89,Medium Long,Poor
744,Delta,2173,154,172,Delayed,18,Short Haul,Poor
745,Indigo,6722,170,75,Delayed,-95,Medium Long,Poor
746,Lufthansa,5679,98,55,Delayed,-43,Medium Long,Poor
747,Indigo,8292,68,27,OnTime,-41,Long Haul,Good
748,Indigo,9529,176,105,Delayed,-71,Long Haul,Poor
749,Emirates,5310,126,37,Delayed,-89,Medium Long,Poor
750,Emirates,9413,70,10,OnTime,-60,Long Haul,Good
751,Indigo,5984,2,138,Delayed,136,Medium Long,Poor
752,Indigo,11656,143,183,OnTime,40,Long Haul,Poor
753,Delta,9081,45,194,Delayed,149,Long Haul,Poor
754,Lufthansa,3964,32,100,OnTime,68,Medium Long,Poor
755,Indigo,10598,140,164,OnTime,24,Long Haul,Poor
756,Emirates,693,116,179,OnTime,63,Short Haul,Poor
757,Indigo,1762,147,113,Delayed,-34,Short Haul,Poor
758,Delta,9774,74,47,Delayed,-27,Long Haul,Poor
759,Indigo,11087,45,151,Delayed,106,Long Haul,Poor
760,Lufthansa,8934,77,73,OnTime,-4,Long Haul,Poor
761,Lufthansa,11876,24,76,OnTime,52,Long Haul,Poor
762,Lufthansa,715,48,69,Delayed,21,Short Haul,Poor
763,Indigo,414,136,78,Delayed,-58,Short Haul,Poor
764,Delta,10796,79,71,Delayed,-8,Long Haul,Poor
765,Delta,11552,20,0,OnTime,-20,Long Haul,Good
766,Emirates,645,173,19,OnTime,-154,Short Haul,Good
767,Indigo,8954,6,126,Delayed,120,Long Haul,Poor
768,Delta,1169,166,3,OnTime,-163,Short Haul,Good
769,Emirates,1049,24,105,OnTime,81,Short Haul,Poor
770,Lufthansa,2157,109,36,OnTime,-73,Short Haul,Poor
771,Lufthansa,11750,169,162,OnTime,-7,Long Haul,Poor
772,Lufthansa,11876,20,11,Delayed,-9,Long Haul,Good
773,Indigo,4249,124,6,OnTime,-118,Medium Long,Good
774,Indigo,10969,42,7,OnTime,-35,Long Haul,Good
775,Emirates,9306,88,84,OnTime,-4,Long Haul,Poor
776,Emirates,5764,112,102,OnTime,-10,Medium Long,Poor
777,Delta,1461,102,41,Delayed,-61,Short Haul,Poor
778,Emirates,6253,142,195,OnTime,53,Medium Long,Poor
779,Delta,734,133,43,OnTime,-90,Short Haul,Poor
780,Delta,1447,43,50,Delayed,7,Short Haul,Poor
781,Lufthansa,9350,179,153,Delayed,-26,Long Haul,Poor
782,Indigo,5878,39,186,OnTime,147,Medium Long,Poor
783,Lufthansa,7037,160,98,OnTime,-62,Long Haul,Poor
784,Indigo,10922,89,67,OnTime,-22,Long Haul,Poor
785,Lufthansa,5544,172,77,OnTime,-95,Medium Long,Poor
786,Indigo,2853,123,78,Delayed,-45,Short Haul,Poor
787,Emirates,10375,112,80,Delayed,-32,Long Haul,Poor
788,Lufthansa,3347,80,100,Delayed,20,Medium Long,Poor
789,Delta,10335,101,102,OnTime,1,Long Haul,Poor
790,Lufthansa,3595,59,3,OnTime,-56,Medium Long,Good
791,Indigo,653,120,102,Delayed,-18,Short Haul,Poor
792,Emirates,3583,178,67,OnTime,-111,Medium Long,Poor
793,Emirates,11656,32,184,Delayed,152,Long Haul,Poor
794,Indigo,2821,26,48,OnTime,22,Short Haul,Poor
795,Lufthansa,342,141,165,OnTime,24,Short Haul,Poor
796,Indigo,10148,86,195,Delayed,109,Long Haul,Poor
797,Indigo,2619,18,49,OnTime,31,Short Haul,Poor
798,Lufthansa,7688,80,72,Delayed,-8,Long Haul,Poor
799,Emirates,10367,33,82,Delayed,49,Long Haul,Poor
800,Delta,7114,165,65,OnTime,-100,Long Haul,Poor
801,Emirates,6450,54,14,OnTime,-40,Medium Long,Good
802,Emirates,3607,83,39,Delayed,-44,Medium Long,Poor
803,Indigo,9881,20,160,Delayed,140,Long Haul,Poor
804,Emirates,1455,105,144,Delayed,39,Short Haul,Poor
805,Delta,11055,1,30,Delayed,29,Long Haul,Good
806,Delta,10076,162,66,OnTime,-96,Long Haul,Poor
807,Emirates,11997,177,45,Delayed,-132,Long Haul,Poor
808,Lufthansa,7746,33,164,Delayed,131,Long Haul,Poor
809,Delta,8268,138,32,Delayed,-106,Long Haul,Poor
810,Emirates,9837,94,115,Delayed,21,Long Haul,Poor
811,Lufthansa,2466,117,2,OnTime,-115,Short Haul,Good
812,Delta,1100,59,85,OnTime,26,Short Haul,Poor
813,Emirates,6307,53,143,OnTime,90,Medium Long,Poor
814,Delta,11252,15,54,OnTime,39,Long Haul,Poor
815,Delta,5649,90,56,OnTime,-34,Medium Long,Poor
816,Indigo,3565,75,107,Delayed,32,Medium Long,Poor
817,Lufthansa,4942,126,151,Delayed,25,Medium Long,Poor
818,Indigo,3260,71,176,Delayed,105,Medium Long,Poor
819,Emirates,5238,142,197,Delayed,55,Medium Long,Poor
820,Lufthansa,5063,56,50,OnTime,-6,Medium Long,Poor
821,Emirates,2833,152,64,Delayed,-88,Short Haul,Poor
822,Emirates,2858,165,91,OnTime,-74,Short Haul,Poor
823,Indigo,1258,158,1,OnTime,-157,Short Haul,Good
824,Indigo,9441,90,145,OnTime,55,Long Haul,Poor
825,Lufthansa,10117,63,155,Delayed,92,Long Haul,Poor
826,Emirates,6291,2,14,OnTime,12,Medium Long,Good
827,Emirates,7660,36,174,Delayed,138,Long Haul,Poor
828,Lufthansa,7957,122,120,OnTime,-2,Long Haul,Poor
829,Lufthansa,1790,163,199,OnTime,36,Short Haul,Poor
830,Lufthansa,2658,15,159,OnTime,144,Short Haul,Poor
831,Delta,2486,37,171,Delayed,134,Short Haul,Poor
832,Indigo,2516,133,19,Delayed,-114,Short Haul,Good
833,Delta,6713,63,16,OnTime,-47,Medium Long,Good
834,Lufthansa,6551,25,143,OnTime,118,Medium Long,Poor
835,Emirates,8612,97,134,OnTime,37,Long Haul,Poor
836,Emirates,3831,92,25,Delayed,-67,Medium Long,Good
837,Emirates,2812,140,55,OnTime,-85,Short Haul,Poor
838,Emirates,11768,108,105,Delayed,-3,Long Haul,Poor
839,Emirates,10475,26,115,Delayed,89,Long Haul,Poor
840,Indigo,4277,13,160,OnTime,147,Medium Long,Poor
841,Indigo,1175,96,132,Delayed,36,Short Haul,Poor
842,Delta,4010,131,76,OnTime,-55,Medium Long,Poor
843,Emirates,10399,160,183,OnTime,23,Long Haul,Poor
844,Indigo,7522,158,30,OnTime,-128,Long Haul,Good
845,Lufthansa,5737,37,170,Delayed,133,Medium Long,Poor
846,Lufthansa,10200,30,171,Delayed,141,Long Haul,Poor
847,Delta,4159,134,132,Delayed,-2,Medium Long,Poor
848,Lufthansa,9253,83,107,Delayed,24,Long Haul,Poor
849,Lufthansa,10897,110,141,OnTime,31,Long Haul,Poor
850,Lufthansa,3891,61,51,Delayed,-10,Medium Long,Poor
851,Indigo,2205,148,33,OnTime,-115,Short Haul,Poor
852,Lufthansa,4618,10,174,OnTime,164,Medium Long,Poor
853,Emirates,11556,22,83,Delayed,61,Long Haul,Poor
854,Emirates,7210,14,64,Delayed,50,Long Haul,Poor
855,Lufthansa,3553,76,77,Delayed,1,Medium Long,Poor
856,Delta,8357,144,130,Delayed,-14,Long Haul,Poor
857,Delta,8105,13,15,OnTime,2,Long Haul,Good
858,Indigo,4851,115,39,Delayed,-76,Medium Long,Poor
859,Delta,6115,70,65,Delayed,-5,Medium Long,Poor
860,Indigo,5578,166,141,Delayed,-25,Medium Long,Poor
861,Emirates,2084,69,102,OnTime,33,Short Haul,Poor
862,Delta,1480,3,174,OnTime,171,Short Haul,Poor
863,Delta,2489,5,78,OnTime,73,Short Haul,Poor
864,Emirates,10415,134,132,Delayed,-2,Long Haul,Poor
865,Delta,7973,117,149,OnTime,32,Long Haul,Poor
866,Indigo,4558,21,158,Delayed,137,Medium Long,Poor
867,Indigo,3688,80,50,Delayed,-30,Medium Long,Poor
868,Delta,7901,98,84,Delayed,-14,Long Haul,Poor
869,Indigo,10828,89,29,Delayed,-60,Long Haul,Good
870,Emirates,7880,57,1,OnTime,-56,Long Haul,Good
871,Lufthansa,4746,179,89,OnTime,-90,Medium Long,Poor
872,Lufthansa,11368,83,185,OnTime,102,Long Haul,Poor
873,Indigo,6079,98,163,Delayed,65,Medium Long,Poor
874,Lufthansa,4110,125,99,Delayed,-26,Medium Long,Poor
875,Lufthansa,5537,99,149,Delayed,50,Medium Long,Poor
876,Emirates,750,154,115,OnTime,-39,Short Haul,Poor
877,Lufthansa,7778,31,137,OnTime,106,Long Haul,Poor
878,Indigo,273,176,38,OnTime,-138,Short Haul,Poor
879,Lufthansa,606,167,179,OnTime,12,Short Haul,Poor
880,Emirates,7470,53,164,Delayed,111,Long Haul,Poor
881,Indigo,2597,31,29,OnTime,-2,Short Haul,Good
882,Delta,298,73,31,Delayed,-42,Short Haul,Poor
883,Lufthansa,4107,22,62,Delayed,40,Medium Long,Poor
884,Emirates,11996,10,177,OnTime,167,Long Haul,Poor
885,Lufthansa,11069,68,68,Delayed,0,Long Haul,Poor
886,Lufthansa,1354,127,84,OnTime,-43,Short Haul,Poor
887,Lufthansa,11921,154,103,OnTime,-51,Long Haul,Poor
888,Indigo,10251,40,55,OnTime,15,Long Haul,Poor
889,Indigo,7924,148,18,Delayed,-130,Long Haul,Good
890,Lufthansa,9746,26,86,Delayed,60,Long Haul,Poor
891,Indigo,8074,173,186,Delayed,13,Long Haul,Poor
892,Indigo,6733,136,110,OnTime,-26,Medium Long,Poor
893,Emirates,3609,150,90,Delayed,-60,Medium Long,Poor
894,Indigo,7709,21,87,Delayed,66,Long Haul,Poor
895,Delta,873,64,74,OnTime,10,Short Haul,Poor
896,Lufthansa,10695,147,51,OnTime,-96,Long Haul,Poor
897,Indigo,10682,91,8,OnTime,-83,Long Haul,Good
898,Lufthansa,10728,107,24,OnTime,-83,Long Haul,Good
899,Lufthansa,554,131,38,OnTime,-93,Short Haul,Poor
900,Indigo,10506,123,166,Delayed,43,Long Haul,Poor
901,Indigo,7371,138,102,OnTime,-36,Long Haul,Poor
902,Emirates,3927,102,63,OnTime,-39,Medium Long,Poor
903,Emirates,7373,51,156,Delayed,105,Long Haul,Poor
904,Indigo,11277,85,44,OnTime,-41,Long Haul,Poor
905,Delta,10005,66,135,Delayed,69,Long Haul,Poor
906,Delta,6193,143,180,Delayed,37,Medium Long,Poor
907,Lufthansa,10829,36,60,OnTime,24,Long Haul,Poor
908,Delta,5440,47,191,OnTime,144,Medium Long,Poor
909,Delta,10490,89,155,OnTime,66,Long Haul,Poor
910,Delta,10734,43,146,Delayed,103,Long Haul,Poor
911,Indigo,8125,92,163,OnTime,71,Long Haul,Poor
912,Indigo,6839,60,191,OnTime,131,Medium Long,Poor
913,Lufthansa,7642,78,98,OnTime,20,Long Haul,Poor
914,Lufthansa,9593,103,28,OnTime,-75,Long Haul,Good
915,Delta,1986,23,179,OnTime,156,Short Haul,Poor
916,Indigo,5386,167,8,Delayed,-159,Medium Long,Good
917,Lufthansa,1152,1,8,OnTime,7,Short Haul,Good
918,Lufthansa,4188,63,176,OnTime,113,Medium Long,Poor
919,Indigo,8192,133,177,Delayed,44,Long Haul,Poor
920,Delta,4425,30,16,OnTime,-14,Medium Long,Good
921,Indigo,5590,82,49,Delayed,-33,Medium Long,Poor
922,Delta,5435,144,14,OnTime,-130,Medium Long,Good
923,Lufthansa,7954,171,94,OnTime,-77,Long Haul,Poor
924,Lufthansa,1639,87,32,Delayed,-55,Short Haul,Poor
925,Delta,6355,93,90,OnTime,-3,Medium Long,Poor
926,Emirates,1918,174,98,Delayed,-76,Short Haul,Poor
927,Lufthansa,7885,95,96,Delayed,1,Long Haul,Poor
928,Emirates,9919,110,125,OnTime,15,Long Haul,Poor
929,Lufthansa,9824,92,19,OnTime,-73,Long Haul,Good
930,Emirates,10076,43,122,OnTime,79,Long Haul,Poor
931,Emirates,1947,109,132,Delayed,23,Short Haul,Poor
932,Lufthansa,5243,3,162,Delayed,159,Medium Long,Poor
933,Lufthansa,10589,63,163,OnTime,100,Long Haul,Poor
934,Delta,6842,160,53,OnTime,-107,Medium Long,Poor
935,Emirates,1120,13,13,Delayed,0,Short Haul,Good
936,Indigo,2876,126,108,OnTime,-18,Short Haul,Poor
937,Lufthansa,5056,1,146,OnTime,145,Medium Long,Poor
938,Lufthansa,4106,76,67,Delayed,-9,Medium Long,Poor
939,Delta,1867,159,111,Delayed,-48,Short Haul,Poor
940,Delta,5810,101,24,OnTime,-77,Medium Long,Good
941,Lufthansa,6665,114,69,OnTime,-45,Medium Long,Poor
942,Delta,2914,26,60,OnTime,34,Short Haul,Poor
943,Indigo,4396,99,127,Delayed,28,Medium Long,Poor
944,Indigo,5706,171,78,Delayed,-93,Medium Long,Poor
945,Indigo,9032,40,76,OnTime,36,Long Haul,Poor
946,Delta,2812,141,168,OnTime,27,Short Haul,Poor
947,Indigo,9888,126,68,OnTime,-58,Long Haul,Poor
948,Emirates,3663,159,6,OnTime,-153,Medium Long,Good
949,Emirates,10943,147,101,Delayed,-46,Long Haul,Poor
950,Emirates,10668,166,120,Delayed,-46,Long Haul,Poor
951,Lufthansa,6226,66,63,OnTime,-3,Medium Long,Poor
952,Indigo,6439,174,102,OnTime,-72,Medium Long,Poor
953,Emirates,10389,118,170,OnTime,52,Long Haul,Poor
954,Emirates,5899,57,41,OnTime,-16,Medium Long,Poor
955,Lufthansa,3382,109,195,OnTime,86,Medium Long,Poor
956,Delta,6267,39,8,Delayed,-31,Medium Long,Good
957,Delta,4426,118,113,OnTime,-5,Medium Long,Poor
958,Emirates,8745,145,193,OnTime,48,Long Haul,Poor
959,Lufthansa,2675,128,49,OnTime,-79,Short Haul,Poor
960,Lufthansa,8767,138,9,Delayed,-129,Long Haul,Good
961,Emirates,10637,77,172,OnTime,95,Long Haul,Poor
962,Indigo,788,150,73,Delayed,-77,Short Haul,Poor
963,Delta,9693,141,127,Delayed,-14,Long Haul,Poor
964,Delta,234,82,102,OnTime,20,Short Haul,Poor
965,Lufthansa,2170,74,62,OnTime,-12,Short Haul,Poor
966,Indigo,9280,27,91,OnTime,64,Long Haul,Poor
967,Indigo,9276,23,128,Delayed,105,Long Haul,Poor
968,Lufthansa,2932,44,145,OnTime,101,Short Haul,Poor
969,Emirates,11614,156,181,Delayed,25,Long Haul,Poor
970,Lufthansa,9165,33,198,OnTime,165,Long Haul,Poor
971,Lufthansa,2675,94,48,OnTime,-46,Short Haul,Poor
972,Indigo,2464,150,34,Delayed,-116,Short Haul,Poor
973,Indigo,11201,86,19,OnTime,-67,Long Haul,Good
974,Delta,9544,156,171,OnTime,15,Long Haul,Poor
975,Indigo,11028,179,40,Delayed,-139,Long Haul,Poor
976,Lufthansa,1931,115,40,Delayed,-75,Short Haul,Poor
977,Delta,10992,42,57,OnTime,15,Long Haul,Poor
978,Emirates,763,175,174,Delayed,-1,Short Haul,Poor
979,Delta,2466,4,91,OnTime,87,Short Haul,Poor
980,Emirates,10094,176,11,Delayed,-165,Long Haul,Good
981,Emirates,1743,130,161,Delayed,31,Short Haul,Poor
982,Indigo,11426,163,68,Delayed,-95,Long Haul,Poor
983,Lufthansa,6859,169,195,Delayed,26,Medium Long,Poor
984,Indigo,11629,43,159,Delayed,116,Long Haul,Poor
985,Emirates,624,71,96,OnTime,25,Short Haul,Poor
986,Indigo,4304,153,161,Delayed,8,Medium Long,Poor
987,Indigo,3414,143,196,OnTime,53,Medium Long,Poor
988,Delta,5962,106,77,Delayed,-29,Medium Long,Poor
989,Delta,8138,70,17,Delayed,-53,Long Haul,Good
990,Lufthansa,10863,120,17,OnTime,-103,Long Haul,Good
991,Emirates,5942,119,106,Delayed,-13,Medium Long,Poor
992,Delta,5911,114,32,OnTime,-82,Medium Long,Poor
993,Emirates,11534,33,193,Delayed,160,Long Haul,Poor
994,Lufthansa,7121,111,44,OnTime,-67,Long Haul,Poor
995,Lufthansa,4075,74,193,OnTime,119,Medium Long,Poor
996,Emirates,4121,26,43,OnTime,17,Medium Long,Poor
997,Lufthansa,945,115,19,OnTime,-96,Short Haul,Good
998,Indigo,6936,145,22,Delayed,-123,Medium Long,Good
999,Indigo,9320,113,198,OnTime,85,Long Haul,Poor
1000,Delta,6652,3,172,Delayed,169,Medium Long,Poor
1001,Emirates,6173,7,17,OnTime,10,Medium Long,Good
1002,Indigo,9047,107,121,OnTime,14,Long Haul,Poor
1003,Lufthansa,836,102,160,Delayed,58,Short Haul,Poor
1004,Indigo,2355,39,187,Delayed,148,Short Haul,Poor
1005,Delta,7917,14,186,Delayed,172,Long Haul,Poor
1006,Lufthansa,11356,45,74,OnTime,29,Long Haul,Poor
1007,Emirates,4820,61,122,OnTime,61,Medium Long,Poor
1008,Lufthansa,9007,107,9,OnTime,-98,Long Haul,Good
1009,Delta,446,69,69,Delayed,0,Short Haul,Poor
1010,Lufthansa,6389,84,32,Delayed,-52,Medium Long,Poor
1011,Emirates,4819,57,183,Delayed,126,Medium Long,Poor
1012,Lufthansa,2295,53,151,OnTime,98,Short Haul,Poor
1013,Emirates,10676,14,168,Delayed,154,Long Haul,Poor
1014,Lufthansa,3948,62,173,Delayed,111,Medium Long,Poor
1015,Emirates,7338,178,5,Delayed,-173,Long Haul,Good
1016,Delta,1102,15,102,OnTime,87,Short Haul,Poor
1017,Lufthansa,11626,141,32,OnTime,-109,Long Haul,Poor
1018,Emirates,3470,68,165,Delayed,97,Medium Long,Poor
1019,Emirates,9554,92,148,Delayed,56,Long Haul,Poor
1020,Indigo,3912,63,102,Delayed,39,Medium Long,Poor
1021,Delta,4754,44,55,OnTime,11,Medium Long,Poor
1022,Emirates,4180,107,151,OnTime,44,Medium Long,Poor
1023,Lufthansa,728,71,157,OnTime,86,Short Haul,Poor
1024,Emirates,2489,110,176,Delayed,66,Short Haul,Poor
1025,Indigo,1271,70,45,OnTime,-25,Short Haul,Poor
1026,Delta,4262,25,46,OnTime,21,Medium Long,Poor
1027,Emirates,9742,15,119,Delayed,104,Long Haul,Poor
1028,Delta,11180,102,185,OnTime,83,Long Haul,Poor
1029,Emirates,4495,93,130,OnTime,37,Medium Long,Poor
1030,Emirates,4117,159,121,OnTime,-38,Medium Long,Poor
1031,Delta,4074,107,51,OnTime,-56,Medium Long,Poor
1032,Lufthansa,11987,74,83,Delayed,9,Long Haul,Poor
1033,Delta,9766,40,36,OnTime,-4,Long Haul,Poor
1034,Lufthansa,1544,125,158,OnTime,33,Short Haul,Poor
1035,Indigo,11203,149,102,OnTime,-47,Long Haul,Poor
1036,Delta,7774,59,146,OnTime,87,Long Haul,Poor
1037,Indigo,6671,57,11,OnTime,-46,Medium Long,Good
1038,Delta,9707,43,138,Delayed,95,Long Haul,Poor
1039,Emirates,604,9,21,OnTime,12,Short Haul,Good
1040,Emirates,1792,140,87,OnTime,-53,Short Haul,Poor
1041,Lufthansa,9128,123,177,Delayed,54,Long Haul,Poor
1042,Delta,1957,159,24,Delayed,-135,Short Haul,Good
1043,Indigo,2852,137,135,Delayed,-2,Short Haul,Poor
1044,Lufthansa,7728,32,129,Delayed,97,Long Haul,Poor
1045,Delta,5565,43,94,OnTime,51,Medium Long,Poor
1046,Emirates,3533,91,53,Delayed,-38,Medium Long,Poor
1047,Lufthansa,2498,172,14,OnTime,-158,Short Haul,Good
1048,Emirates,5769,89,31,OnTime,-58,Medium Long,Poor
1049,Delta,11569,128,145,OnTime,17,Long Haul,Poor
1050,Emirates,502,88,71,OnTime,-17,Short Haul,Poor
1051,Indigo,3137,116,60,OnTime,-56,Medium Long,Poor
1052,Indigo,8818,74,187,OnTime,113,Long Haul,Poor
1053,Delta,6930,69,9,Delayed,-60,Medium Long,Good
1054,Emirates,8915,133,187,OnTime,54,Long Haul,Poor
1055,Indigo,7653,58,7,OnTime,-51,Long Haul,Good
1056,Lufthansa,4626,92,91,Delayed,-1,Medium Long,Poor
1057,Indigo,4107,128,178,Delayed,50,Medium Long,Poor
1058,Lufthansa,8138,92,145,Delayed,53,Long Haul,Poor
1059,Lufthansa,1043,118,193,OnTime,75,Short Haul,Poor
1060,Emirates,11560,43,99,OnTime,56,Long Haul,Poor
1061,Emirates,2707,81,65,OnTime,-16,Short Haul,Poor
1062,Delta,7761,167,42,Delayed,-125,Long Haul,Poor
1063,Lufthansa,9718,49,154,Delayed,105,Long Haul,Poor
1064,Lufthansa,4746,123,23,Delayed,-100,Medium Long,Good
1065,Delta,4308,37,14,Delayed,-23,Medium Long,Good
1066,Lufthansa,670,11,158,OnTime,147,Short Haul,Poor
1067,Delta,1581,48,6,OnTime,-42,Short Haul,Good
1068,Lufthansa,4088,49,15,Delayed,-34,Medium Long,Good
1069,Indigo,6488,61,24,OnTime,-37,Medium Long,Good
1070,Indigo,857,74,130,Delayed,56,Short Haul,Poor
1071,Emirates,1240,29,152,OnTime,123,Short Haul,Poor
1072,Indigo,1398,45,96,Delayed,51,Short Haul,Poor
1073,Delta,3061,17,134,OnTime,117,Medium Long,Poor
1074,Indigo,2565,52,116,OnTime,64,Short Haul,Poor
1075,Lufthansa,11512,157,183,OnTime,26,Long Haul,Poor
1076,Emirates,2461,135,199,OnTime,64,Short Haul,Poor
1077,Emirates,11687,118,99,Delayed,-19,Long Haul,Poor
1078,Emirates,8898,76,108,Delayed,32,Long Haul,Poor
1079,Lufthansa,11123,2,70,OnTime,68,Long Haul,Poor
1080,Delta,5209,9,28,OnTime,19,Medium Long,Good
1081,Delta,9513,148,73,OnTime,-75,Long Haul,Poor
1082,Lufthansa,1112,103,131,Delayed,28,Short Haul,Poor
1083,Lufthansa,11883,68,16,OnTime,-52,Long Haul,Good
1084,Delta,1760,54,65,Delayed,11,Short Haul,Poor
1085,Delta,6621,23,104,OnTime,81,Medium Long,Poor
1086,Lufthansa,3008,165,198,Delayed,33,Medium Long,Poor
1087,Lufthansa,7384,23,145,OnTime,122,Long Haul,Poor
1088,Lufthansa,1589,102,67,Delayed,-35,Short Haul,Poor
1089,Delta,1290,105,131,Delayed,26,Short Haul,Poor
1090,Emirates,11273,72,31,Delayed,-41,Long Haul,Poor
1091,Indigo,6645,134,146,OnTime,12,Medium Long,Poor
1092,Lufthansa,366,142,194,Delayed,52,Short Haul,Poor
1093,Emirates,5748,145,164,OnTime,19,Medium Long,Poor
1094,Delta,8959,82,61,OnTime,-21,Long Haul,Poor
1095,Lufthansa,9847,103,83,OnTime,-20,Long Haul,Poor
1096,Delta,8758,86,39,Delayed,-47,Long Haul,Poor
1097,Indigo,5459,44,141,OnTime,97,Medium Long,Poor
1098,Emirates,8048,145,112,Delayed,-33,Long Haul,Poor
1099,Lufthansa,4562,117,118,Delayed,1,Medium Long,Poor
1100,Lufthansa,3167,61,170,OnTime,109,Medium Long,Poor
1101,Emirates,7576,16,158,OnTime,142,Long Haul,Poor
1102,Delta,10376,97,40,OnTime,-57,Long Haul,Poor
1103,Indigo,11888,12,63,OnTime,51,Long Haul,Poor
1104,Emirates,7198,9,181,OnTime,172,Long Haul,Poor
1105,Indigo,9450,108,189,OnTime,81,Long Haul,Poor
1106,Emirates,7340,148,27,Delayed,-121,Long Haul,Good
1107,Emirates,401,77,157,Delayed,80,Short Haul,Poor
1108,Indigo,3882,62,59,Delayed,-3,Medium Long,Poor
1109,Indigo,7171,99,115,OnTime,16,Long Haul,Poor
1110,Indigo,11724,39,39,OnTime,0,Long Haul,Poor
1111,Indigo,1849,38,97,Delayed,59,Short Haul,Poor
1112,Emirates,4805,24,15,OnTime,-9,Medium Long,Good
1113,Lufthansa,9944,34,59,Delayed,25,Long Haul,Poor
1114,Delta,635,167,118,Delayed,-49,Short Haul,Poor
1115,Indigo,3513,111,30,OnTime,-81,Medium Long,Good
1116,Lufthansa,3176,150,114,Delayed,-36,Medium Long,Poor
1117,Delta,8271,119,85,OnTime,-34,Long Haul,Poor
1118,Lufthansa,6419,57,2,OnTime,-55,Medium Long,Good
1119,Lufthansa,5558,92,187,OnTime,95,Medium Long,Poor
1120,Emirates,4031,133,41,OnTime,-92,Medium Long,Poor
1121,Delta,7832,94,129,Delayed,35,Long Haul,Poor
1122,Indigo,9379,105,132,Delayed,27,Long Haul,Poor
1123,Emirates,850,125,55,Delayed,-70,Short Haul,Poor
1124,Emirates,7326,41,189,OnTime,148,Long Haul,Poor
1125,Emirates,3353,120,140,OnTime,20,Medium Long,Poor
1126,Indigo,7472,108,53,OnTime,-55,Long Haul,Poor
1127,Indigo,9010,29,63,Delayed,34,Long Haul,Poor
1128,Indigo,3690,78,174,OnTime,96,Medium Long,Poor
1129,Emirates,4263,4,53,OnTime,49,Medium Long,Poor
1130,Lufthansa,6723,41,22,Delayed,-19,Medium Long,Good
1131,Lufthansa,11840,119,157,Delayed,38,Long Haul,Poor
1132,Delta,10989,127,27,OnTime,-100,Long Haul,Good
1133,Indigo,6239,97,171,Delayed,74,Medium Long,Poor
1134,Indigo,4700,142,20,Delayed,-122,Medium Long,Good
1135,Emirates,9059,102,182,Delayed,80,Long Haul,Poor
1136,Indigo,11255,138,117,Delayed,-21,Long Haul,Poor
1137,Indigo,9192,88,54,Delayed,-34,Long Haul,Poor
1138,Delta,2687,130,30,Delayed,-100,Short Haul,Good
1139,Indigo,1410,112,109,OnTime,-3,Short Haul,Poor
1140,Emirates,7693,46,91,OnTime,45,Long Haul,Poor
1141,Indigo,7801,157,68,OnTime,-89,Long Haul,Poor
1142,Indigo,11593,78,58,Delayed,-20,Long Haul,Poor
1143,Delta,2787,84,74,Delayed,-10,Short Haul,Poor
1144,Emirates,5761,13,194,OnTime,181,Medium Long,Poor
1145,Indigo,8842,49,99,Delayed,50,Long Haul,Poor
1146,Indigo,9290,76,101,Delayed,25,Long Haul,Poor
1147,Indigo,2122,0,197,OnTime,197,Short Haul,Poor
1148,Indigo,11246,114,44,OnTime,-70,Long Haul,Poor
1149,Emirates,2574,17,187,OnTime,170,Short Haul,Poor
1150,Indigo,5023,41,53,Delayed,12,Medium Long,Poor
1151,Emirates,9851,101,107,Delayed,6,Long Haul,Poor
1152,Emirates,11488,48,159,Delayed,111,Long Haul,Poor
1153,Emirates,5247,8,49,Delayed,41,Medium Long,Poor
1154,Indigo,8714,86,48,OnTime,-38,Long Haul,Poor
1155,Emirates,4236,49,146,Delayed,97,Medium Long,Poor
1156,Lufthansa,2536,49,153,OnTime,104,Short Haul,Poor
1157,Delta,5321,148,71,Delayed,-77,Medium Long,Poor
1158,Delta,8501,121,46,OnTime,-75,Long Haul,Poor
1159,Emirates,6150,132,119,Delayed,-13,Medium Long,Poor
1160,Lufthansa,3733,163,40,Delayed,-123,Medium Long,Poor
1161,Delta,4823,33,81,Delayed,48,Medium Long,Poor
1162,Emirates,1516,170,186,Delayed,16,Short Haul,Poor
1163,Delta,2379,21,181,Delayed,160,Short Haul,Poor
1164,Emirates,11175,73,199,OnTime,126,Long Haul,Poor
1165,Delta,997,44,120,Delayed,76,Short Haul,Poor
1166,Delta,7714,97,111,OnTime,14,Long Haul,Poor
1167,Delta,7621,69,54,Delayed,-15,Long Haul,Poor
1168,Indigo,9202,91,10,Delayed,-81,Long Haul,Good
1169,Lufthansa,6714,75,40,Delayed,-35,Medium Long,Poor
1170,Delta,8249,36,170,Delayed,134,Long Haul,Poor
1171,Emirates,5518,146,139,Delayed,-7,Medium Long,Poor
1172,Lufthansa,11081,118,135,Delayed,17,Long Haul,Poor
1173,Lufthansa,7995,115,19,OnTime,-96,Long Haul,Good
1174,Emirates,10427,113,114,Delayed,1,Long Haul,Poor
1175,Emirates,8714,91,137,Delayed,46,Long Haul,Poor
1176,Emirates,3053,8,164,Delayed,156,Medium Long,Poor
1177,Delta,10469,157,3,Delayed,-154,Long Haul,Good
1178,Emirates,11696,121,77,OnTime,-44,Long Haul,Poor
1179,Indigo,1772,19,187,OnTime,168,Short Haul,Poor
1180,Emirates,1595,30,20,OnTime,-10,Short Haul,Good
1181,Delta,9589,51,151,Delayed,100,Long Haul,Poor
1182,Emirates,9990,122,36,OnTime,-86,Long Haul,Poor
1183,Lufthansa,2041,168,21,OnTime,-147,Short Haul,Good
1184,Indigo,778,30,9,OnTime,-21,Short Haul,Good
1185,Delta,8867,57,140,OnTime,83,Long Haul,Poor
1186,Lufthansa,2011,174,38,Delayed,-136,Short Haul,Poor
1187,Indigo,11024,155,138,Delayed,-17,Long Haul,Poor
1188,Lufthansa,9448,7,183,OnTime,176,Long Haul,Poor
1189,Emirates,2008,1,141,OnTime,140,Short Haul,Poor
1190,Emirates,4579,111,168,Delayed,57,Medium Long,Poor
1191,Lufthansa,8518,28,104,Delayed,76,Long Haul,Poor
1192,Emirates,10136,8,3,Delayed,-5,Long Haul,Good
1193,Lufthansa,3046,4,178,OnTime,174,Medium Long,Poor
1194,Indigo,10809,140,84,Delayed,-56,Long Haul,Poor
1195,Emirates,9172,10,191,OnTime,181,Long Haul,Poor
1196,Lufthansa,7268,175,127,Delayed,-48,Long Haul,Poor
1197,Emirates,7262,120,153,Delayed,33,Long Haul,Poor
1198,Delta,3736,50,34,OnTime,-16,Medium Long,Poor
1199,Lufthansa,7380,53,187,Delayed,134,Long Haul,Poor
1200,Delta,445,134,120,Delayed,-14,Short Haul,Poor
1201,Delta,8341,151,54,OnTime,-97,Long Haul,Poor
1202,Emirates,4857,152,55,Delayed,-97,Medium Long,Poor
1203,Delta,5348,104,32,OnTime,-72,Medium Long,Poor
1204,Emirates,10025,144,30,Delayed,-114,Long Haul,Good
1205,Delta,5893,147,135,Delayed,-12,Medium Long,Poor
1206,Emirates,2403,110,60,OnTime,-50,Short Haul,Poor
1207,Emirates,7466,35,109,Delayed,74,Long Haul,Poor
1208,Delta,5894,124,60,OnTime,-64,Medium Long,Poor
1209,Delta,2276,124,7,Delayed,-117,Short Haul,Good
1210,Lufthansa,616,99,126,OnTime,27,Short Haul,Poor
1211,Lufthansa,1529,114,193,Delayed,79,Short Haul,Poor
1212,Emirates,3096,22,115,OnTime,93,Medium Long,Poor
1213,Emirates,2639,105,57,OnTime,-48,Short Haul,Poor
1214,Lufthansa,4936,66,147,OnTime,81,Medium Long,Poor
1215,Indigo,577,75,179,OnTime,104,Short Haul,Poor
1216,Emirates,11455,56,32,OnTime,-24,Long Haul,Poor
1217,Emirates,2686,41,115,OnTime,74,Short Haul,Poor
1218,Indigo,3654,97,11,OnTime,-86,Medium Long,Good
1219,Indigo,11243,30,131,Delayed,101,Long Haul,Poor
1220,Lufthansa,2137,89,102,OnTime,13,Short Haul,Poor
1221,Emirates,9226,178,54,Delayed,-124,Long Haul,Poor
1222,Indigo,10511,162,165,OnTime,3,Long Haul,Poor
1223,Indigo,2484,163,57,Delayed,-106,Short Haul,Poor
1224,Emirates,8108,42,147,OnTime,105,Long Haul,Poor
1225,Delta,5818,132,70,OnTime,-62,Medium Long,Poor
1226,Lufthansa,4620,81,12,Delayed,-69,Medium Long,Good
1227,Delta,5857,50,161,Delayed,111,Medium Long,Poor
1228,Delta,7387,109,35,OnTime,-74,Long Haul,Poor
1229,Emirates,9846,95,71,OnTime,-24,Long Haul,Poor
1230,Emirates,11478,80,111,Delayed,31,Long Haul,Poor
1231,Emirates,10598,72,133,Delayed,61,Long Haul,Poor
1232,Emirates,10158,172,93,OnTime,-79,Long Haul,Poor
1233,Indigo,7576,97,155,Delayed,58,Long Haul,Poor
1234,Emirates,4126,47,84,Delayed,37,Medium Long,Poor
1235,Emirates,4675,165,72,OnTime,-93,Medium Long,Poor
1236,Emirates,10270,152,121,Delayed,-31,Long Haul,Poor
1237,Lufthansa,2465,160,156,Delayed,-4,Short Haul,Poor
1238,Delta,3749,129,124,Delayed,-5,Medium Long,Poor
1239,Lufthansa,9303,50,108,OnTime,58,Long Haul,Poor
1240,Indigo,5745,37,162,Delayed,125,Medium Long,Poor
1241,Indigo,1324,86,86,OnTime,0,Short Haul,Poor
1242,Delta,11070,138,161,Delayed,23,Long Haul,Poor
1243,Lufthansa,7074,25,5,OnTime,-20,Long Haul,Good
1244,Delta,8257,82,149,Delayed,67,Long Haul,Poor
1245,Indigo,3075,11,163,Delayed,152,Medium Long,Poor
1246,Indigo,10127,107,12,OnTime,-95,Long Haul,Good
1247,Lufthansa,6013,124,66,OnTime,-58,Medium Long,Poor
1248,Delta,4357,8,106,OnTime,98,Medium Long,Poor
1249,Indigo,2671,163,19,Delayed,-144,Short Haul,Good
1250,Indigo,576,71,146,OnTime,75,Short Haul,Poor
1251,Delta,7225,21,31,OnTime,10,Long Haul,Poor
1252,Delta,3386,11,1,Delayed,-10,Medium Long,Good
1253,Emirates,8229,28,66,Delayed,38,Long Haul,Poor
1254,Indigo,5482,70,94,Delayed,24,Medium Long,Poor
1255,Indigo,10172,154,57,OnTime,-97,Long Haul,Poor
1256,Indigo,5647,19,199,OnTime,180,Medium Long,Poor
1257,Indigo,7927,100,153,Delayed,53,Long Haul,Poor
1258,Emirates,8545,33,195,Delayed,162,Long Haul,Poor
1259,Lufthansa,3376,106,68,Delayed,-38,Medium Long,Poor
1260,Lufthansa,7447,111,71,OnTime,-40,Long Haul,Poor
1261,Indigo,1148,152,19,Delayed,-133,Short Haul,Good
1262,Indigo,10391,9,4,Delayed,-5,Long Haul,Good
1263,Indigo,752,14,175,Delayed,161,Short Haul,Poor
1264,Delta,317,67,111,OnTime,44,Short Haul,Poor
1265,Indigo,11834,113,42,Delayed,-71,Long Haul,Poor
1266,Emirates,11065,172,116,Delayed,-56,Long Haul,Poor
1267,Indigo,1964,44,121,OnTime,77,Short Haul,Poor
1268,Lufthansa,6445,76,50,OnTime,-26,Medium Long,Poor
1269,Delta,2776,44,175,OnTime,131,Short Haul,Poor
1270,Lufthansa,2075,29,76,Delayed,47,Short Haul,Poor
1271,Indigo,4391,92,67,Delayed,-25,Medium Long,Poor
1272,Lufthansa,4333,97,81,OnTime,-16,Medium Long,Poor
1273,Indigo,11664,67,72,OnTime,5,Long Haul,Poor
1274,Indigo,8645,35,27,OnTime,-8,Long Haul,Good
1275,Delta,11592,108,178,OnTime,70,Long Haul,Poor
1276,Delta,973,40,167,OnTime,127,Short Haul,Poor
1277,Lufthansa,11652,9,114,OnTime,105,Long Haul,Poor
1278,Emirates,9507,47,165,Delayed,118,Long Haul,Poor
1279,Indigo,10039,126,196,Delayed,70,Long Haul,Poor
1280,Emirates,1099,172,77,Delayed,-95,Short Haul,Poor
1281,Lufthansa,9312,63,171,Delayed,108,Long Haul,Poor
1282,Indigo,10078,114,190,OnTime,76,Long Haul,Poor
1283,Delta,8311,83,153,Delayed,70,Long Haul,Poor
1284,Lufthansa,7148,31,156,OnTime,125,Long Haul,Poor
1285,Lufthansa,9608,42,182,OnTime,140,Long Haul,Poor
1286,Emirates,4065,73,154,Delayed,81,Medium Long,Poor
1287,Indigo,1062,94,83,Delayed,-11,Short Haul,Poor
1288,Delta,9352,144,185,OnTime,41,Long Haul,Poor
1289,Lufthansa,5425,166,117,Delayed,-49,Medium Long,Poor
1290,Delta,831,61,86,Delayed,25,Short Haul,Poor
1291,Emirates,4200,151,1,Delayed,-150,Medium Long,Good
1292,Indigo,4967,19,42,Delayed,23,Medium Long,Poor
1293,Delta,10166,126,149,OnTime,23,Long Haul,Poor
1294,Lufthansa,1914,31,196,Delayed,165,Short Haul,Poor
1295,Indigo,1518,86,154,Delayed,68,Short Haul,Poor
1296,Indigo,4356,151,170,Delayed,19,Medium Long,Poor
1297,Delta,8644,83,114,OnTime,31,Long Haul,Poor
1298,Indigo,9253,66,122,OnTime,56,Long Haul,Poor
1299,Indigo,11533,47,176,Delayed,129,Long Haul,Poor
1300,Delta,11434,157,109,Delayed,-48,Long Haul,Poor
1301,Indigo,3125,167,66,OnTime,-101,Medium Long,Poor
1302,Indigo,4942,118,108,Delayed,-10,Medium Long,Poor
1303,Emirates,3606,68,107,Delayed,39,Medium Long,Poor
1304,Emirates,11658,140,165,Delayed,25,Long Haul,Poor
1305,Emirates,9932,93,199,Delayed,106,Long Haul,Poor
1306,Emirates,10255,26,22,OnTime,-4,Long Haul,Good
1307,Delta,9334,133,37,Delayed,-96,Long Haul,Poor
1308,Indigo,9572,138,147,Delayed,9,Long Haul,Poor
1309,Indigo,7013,22,150,Delayed,128,Long Haul,Poor
1310,Lufthansa,10875,49,33,Delayed,-16,Long Haul,Poor
1311,Indigo,8249,84,150,OnTime,66,Long Haul,Poor
1312,Lufthansa,6903,13,101,Delayed,88,Medium Long,Poor
1313,Emirates,8654,24,80,Delayed,56,Long Haul,Poor
1314,Emirates,10037,174,37,Delayed,-137,Long Haul,Poor
1315,Indigo,7075,175,195,Delayed,20,Long Haul,Poor
1316,Lufthansa,2577,137,191,Delayed,54,Short Haul,Poor
1317,Delta,7543,154,105,Delayed,-49,Long Haul,Poor
1318,Lufthansa,4674,158,112,OnTime,-46,Medium Long,Poor
1319,Lufthansa,4838,112,164,OnTime,52,Medium Long,Poor
1320,Indigo,8363,21,8,Delayed,-13,Long Haul,Good
1321,Indigo,9874,26,19,Delayed,-7,Long Haul,Good
1322,Lufthansa,7713,36,173,Delayed,137,Long Haul,Poor
1323,Delta,968,9,96,OnTime,87,Short Haul,Poor
1324,Indigo,4957,129,25,Delayed,-104,Medium Long,Good
1325,Emirates,2099,158,161,OnTime,3,Short Haul,Poor
1326,Emirates,8731,100,187,Delayed,87,Long Haul,Poor
1327,Lufthansa,3524,32,87,OnTime,55,Medium Long,Poor
1328,Emirates,7783,40,130,Delayed,90,Long Haul,Poor
1329,Lufthansa,10439,99,43,Delayed,-56,Long Haul,Poor
1330,Emirates,3411,73,116,OnTime,43,Medium Long,Poor
1331,Emirates,6464,124,14,OnTime,-110,Medium Long,Good
1332,Emirates,8578,143,150,Delayed,7,Long Haul,Poor
1333,Delta,7256,80,41,OnTime,-39,Long Haul,Poor
1334,Emirates,9969,93,131,OnTime,38,Long Haul,Poor
1335,Indigo,8675,179,119,OnTime,-60,Long Haul,Poor
1336,Indigo,4119,177,111,OnTime,-66,Medium Long,Poor
1337,Delta,1915,28,164,OnTime,136,Short Haul,Poor
1338,Emirates,725,117,19,OnTime,-98,Short Haul,Good
1339,Indigo,2521,178,141,OnTime,-37,Short Haul,Poor
1340,Delta,7777,142,189,Delayed,47,Long Haul,Poor
1341,Lufthansa,5366,136,177,Delayed,41,Medium Long,Poor
1342,Emirates,1883,120,39,OnTime,-81,Short Haul,Poor
1343,Emirates,819,54,176,OnTime,122,Short Haul,Poor
1344,Delta,9212,141,35,Delayed,-106,Long Haul,Poor
1345,Delta,8990,56,146,Delayed,90,Long Haul,Poor
1346,Lufthansa,7984,76,50,Delayed,-26,Long Haul,Poor
1347,Emirates,9372,147,89,Delayed,-58,Long Haul,Poor
1348,Lufthansa,3024,39,23,Delayed,-16,Medium Long,Good
1349,Indigo,5756,29,31,Delayed,2,Medium Long,Poor
1350,Emirates,4448,109,87,OnTime,-22,Medium Long,Poor
1351,Emirates,3920,134,54,Delayed,-80,Medium Long,Poor
1352,Emirates,8615,107,147,Delayed,40,Long Haul,Poor
1353,Emirates,10511,128,174,OnTime,46,Long Haul,Poor
1354,Delta,860,163,28,OnTime,-135,Short Haul,Good
1355,Indigo,11187,21,83,OnTime,62,Long Haul,Poor
1356,Lufthansa,4341,171,188,Delayed,17,Medium Long,Poor
1357,Lufthansa,1644,93,167,Delayed,74,Short Haul,Poor
1358,Emirates,356,107,116,Delayed,9,Short Haul,Poor
1359,Emirates,9088,21,10,Delayed,-11,Long Haul,Good
1360,Indigo,3731,67,84,Delayed,17,Medium Long,Poor
1361,Indigo,952,148,82,Delayed,-66,Short Haul,Poor
1362,Indigo,7448,36,182,OnTime,146,Long Haul,Poor
1363,Lufthansa,11671,165,71,OnTime,-94,Long Haul,Poor
1364,Indigo,5626,169,188,Delayed,19,Medium Long,Poor
1365,Delta,3444,141,9,OnTime,-132,Medium Long,Good
1366,Delta,9898,144,76,Delayed,-68,Long Haul,Poor
1367,Delta,7366,109,30,Delayed,-79,Long Haul,Good
1368,Indigo,3560,162,81,Delayed,-81,Medium Long,Poor
1369,Lufthansa,11096,38,100,Delayed,62,Long Haul,Poor
1370,Delta,8275,9,166,Delayed,157,Long Haul,Poor
1371,Delta,6465,99,25,OnTime,-74,Medium Long,Good
1372,Emirates,9361,142,0,Delayed,-142,Long Haul,Good
1373,Lufthansa,1078,56,153,OnTime,97,Short Haul,Poor
1374,Emirates,3907,136,186,Delayed,50,Medium Long,Poor
1375,Emirates,7182,70,68,OnTime,-2,Long Haul,Poor
1376,Delta,9083,176,118,OnTime,-58,Long Haul,Poor
1377,Delta,3174,134,160,Delayed,26,Medium Long,Poor
1378,Indigo,9259,60,83,OnTime,23,Long Haul,Poor
1379,Delta,10688,11,153,Delayed,142,Long Haul,Poor
1380,Indigo,4750,74,93,OnTime,19,Medium Long,Poor
1381,Indigo,6070,73,29,OnTime,-44,Medium Long,Good
1382,Emirates,9504,8,163,Delayed,155,Long Haul,Poor
1383,Lufthansa,748,151,165,OnTime,14,Short Haul,Poor
1384,Emirates,11936,10,192,OnTime,182,Long Haul,Poor
1385,Lufthansa,1215,121,83,Delayed,-38,Short Haul,Poor
1386,Lufthansa,4353,70,141,OnTime,71,Medium Long,Poor
1387,Indigo,443,32,95,OnTime,63,Short Haul,Poor
1388,Indigo,6097,149,156,Delayed,7,Medium Long,Poor
1389,Delta,9884,20,181,Delayed,161,Long Haul,Poor
1390,Lufthansa,909,87,106,Delayed,19,Short Haul,Poor
1391,Emirates,11139,22,62,OnTime,40,Long Haul,Poor
1392,Emirates,5223,143,147,Delayed,4,Medium Long,Poor
1393,Indigo,10760,91,86,Delayed,-5,Long Haul,Poor
1394,Delta,7883,42,98,OnTime,56,Long Haul,Poor
1395,Indigo,8111,165,61,Delayed,-104,Long Haul,Poor
1396,Emirates,8118,119,173,OnTime,54,Long Haul,Poor
1397,Lufthansa,10211,175,139,Delayed,-36,Long Haul,Poor
1398,Indigo,3141,45,38,Delayed,-7,Medium Long,Poor
1399,Lufthansa,8193,61,73,OnTime,12,Long Haul,Poor
1400,Delta,2912,1,116,OnTime,115,Short Haul,Poor
1401,Lufthansa,11343,143,135,OnTime,-8,Long Haul,Poor
1402,Indigo,323,39,68,Delayed,29,Short Haul,Poor
1403,Delta,1344,42,120,OnTime,78,Short Haul,Poor
1404,Emirates,8006,9,115,Delayed,106,Long Haul,Poor
1405,Indigo,8554,147,33,OnTime,-114,Long Haul,Poor
1406,Indigo,3003,158,11,OnTime,-147,Medium Long,Good
1407,Lufthansa,10420,171,136,Delayed,-35,Long Haul,Poor
1408,Lufthansa,8549,122,26,OnTime,-96,Long Haul,Good
1409,Delta,10806,79,126,Delayed,47,Long Haul,Poor
1410,Emirates,1370,153,136,Delayed,-17,Short Haul,Poor
1411,Indigo,5930,167,85,Delayed,-82,Medium Long,Poor
1412,Lufthansa,662,172,117,OnTime,-55,Short Haul,Poor
1413,Emirates,5928,147,165,Delayed,18,Medium Long,Poor
1414,Emirates,1889,62,64,OnTime,2,Short Haul,Poor
1415,Lufthansa,6541,169,109,OnTime,-60,Medium Long,Poor
1416,Indigo,7556,174,70,Delayed,-104,Long Haul,Poor
1417,Delta,3980,3,129,Delayed,126,Medium Long,Poor
1418,Emirates,5859,66,105,OnTime,39,Medium Long,Poor
1419,Lufthansa,941,123,26,Delayed,-97,Short Haul,Good
1420,Lufthansa,7306,88,103,OnTime,15,Long Haul,Poor
1421,Emirates,10991,38,103,OnTime,65,Long Haul,Poor
1422,Indigo,3505,87,50,OnTime,-37,Medium Long,Poor
1423,Lufthansa,3245,26,179,Delayed,153,Medium Long,Poor
1424,Lufthansa,1604,99,192,OnTime,93,Short Haul,Poor
1425,Emirates,1613,112,95,OnTime,-17,Short Haul,Poor
1426,Indigo,6856,79,148,OnTime,69,Medium Long,Poor
1427,Emirates,5923,91,2,OnTime,-89,Medium Long,Good
1428,Lufthansa,10508,28,182,Delayed,154,Long Haul,Poor
1429,Indigo,3657,2,77,OnTime,75,Medium Long,Poor
1430,Delta,2306,100,72,Delayed,-28,Short Haul,Poor
1431,Indigo,582,127,82,OnTime,-45,Short Haul,Poor
1432,Lufthansa,5230,173,37,Delayed,-136,Medium Long,Poor
1433,Lufthansa,1480,17,126,Delayed,109,Short Haul,Poor
1434,Lufthansa,11145,32,189,Delayed,157,Long Haul,Poor
1435,Emirates,4972,78,89,Delayed,11,Medium Long,Poor
1436,Emirates,2051,112,180,Delayed,68,Short Haul,Poor
1437,Delta,9139,153,60,Delayed,-93,Long Haul,Poor
1438,Lufthansa,2453,112,53,Delayed,-59,Short Haul,Poor
1439,Lufthansa,11772,130,197,Delayed,67,Long Haul,Poor
1440,Emirates,6986,117,49,Delayed,-68,Medium Long,Poor
1441,Emirates,9863,129,122,OnTime,-7,Long Haul,Poor
1442,Indigo,3677,97,73,OnTime,-24,Medium Long,Poor
1443,Lufthansa,933,123,4,OnTime,-119,Short Haul,Good
1444,Delta,2742,58,198,Delayed,140,Short Haul,Poor
1445,Lufthansa,10258,28,26,OnTime,-2,Long Haul,Good
1446,Emirates,11642,15,114,Delayed,99,Long Haul,Poor
1447,Indigo,8672,26,82,OnTime,56,Long Haul,Poor
1448,Emirates,8532,105,2,OnTime,-103,Long Haul,Good
1449,Indigo,6893,56,56,OnTime,0,Medium Long,Poor
1450,Emirates,7477,87,40,Delayed,-47,Long Haul,Poor
1451,Indigo,951,1,11,OnTime,10,Short Haul,Good
1452,Indigo,10324,96,198,OnTime,102,Long Haul,Poor
1453,Indigo,11261,147,51,OnTime,-96,Long Haul,Poor
1454,Emirates,589,85,8,Delayed,-77,Short Haul,Good
1455,Indigo,10818,143,10,Delayed,-133,Long Haul,Good
1456,Emirates,11121,169,6,OnTime,-163,Long Haul,Good
1457,Emirates,6969,59,165,Delayed,106,Medium Long,Poor
1458,Emirates,7856,134,149,OnTime,15,Long Haul,Poor
1459,Lufthansa,4577,85,75,Delayed,-10,Medium Long,Poor
1460,Delta,5023,118,70,OnTime,-48,Medium Long,Poor
1461,Emirates,1134,95,145,Delayed,50,Short Haul,Poor
1462,Lufthansa,3111,134,60,Delayed,-74,Medium Long,Poor
1463,Indigo,4097,12,158,OnTime,146,Medium Long,Poor
1464,Indigo,8750,55,156,Delayed,101,Long Haul,Poor
1465,Delta,1372,106,45,Delayed,-61,Short Haul,Poor
1466,Emirates,11723,14,176,Delayed,162,Long Haul,Poor
1467,Indigo,6155,178,178,Delayed,0,Medium Long,Poor
1468,Indigo,10162,92,122,Delayed,30,Long Haul,Poor
1469,Indigo,3861,18,186,OnTime,168,Medium Long,Poor
1470,Emirates,6944,88,170,OnTime,82,Medium Long,Poor
1471,Lufthansa,1851,115,97,OnTime,-18,Short Haul,Poor
1472,Emirates,3966,54,136,Delayed,82,Medium Long,Poor
1473,Lufthansa,11543,140,110,Delayed,-30,Long Haul,Poor
1474,Delta,9200,85,93,Delayed,8,Long Haul,Poor
1475,Lufthansa,5364,86,99,Delayed,13,Medium Long,Poor
1476,Emirates,9063,64,4,Delayed,-60,Long Haul,Good
1477,Lufthansa,7163,52,70,Delayed,18,Long Haul,Poor
1478,Indigo,9296,149,33,Delayed,-116,Long Haul,Poor
1479,Lufthansa,11718,104,0,Delayed,-104,Long Haul,Good
1480,Emirates,2449,72,171,OnTime,99,Short Haul,Poor
1481,Emirates,9610,143,183,OnTime,40,Long Haul,Poor
1482,Lufthansa,10409,72,145,OnTime,73,Long Haul,Poor
1483,Delta,7908,70,28,Delayed,-42,Long Haul,Good
1484,Lufthansa,830,100,95,OnTime,-5,Short Haul,Poor
1485,Emirates,2034,174,78,Delayed,-96,Short Haul,Poor
1486,Lufthansa,2633,55,125,OnTime,70,Short Haul,Poor
1487,Delta,9555,68,91,Delayed,23,Long Haul,Poor
1488,Lufthansa,2077,162,187,Delayed,25,Short Haul,Poor
1489,Lufthansa,9859,91,90,Delayed,-1,Long Haul,Poor
1490,Emirates,5246,162,105,Delayed,-57,Medium Long,Poor
1491,Lufthansa,9336,120,173,OnTime,53,Long Haul,Poor
1492,Lufthansa,6577,77,136,Delayed,59,Medium Long,Poor
1493,Emirates,556,117,142,Delayed,25,Short Haul,Poor
1494,Lufthansa,5888,101,9,OnTime,-92,Medium Long,Good
1495,Delta,2325,90,19,Delayed,-71,Short Haul,Good
1496,Emirates,5361,179,26,Delayed,-153,Medium Long,Good
1497,Lufthansa,3420,4,84,Delayed,80,Medium Long,Poor
1498,Indigo,1837,105,9,Delayed,-96,Short Haul,Good
1499,Delta,8186,52,147,Delayed,95,Long Haul,Poor
1500,Delta,7957,14,7,OnTime,-7,Long Haul,Good
1501,Emirates,4090,20,74,Delayed,54,Medium Long,Poor
1502,Indigo,3346,112,175,OnTime,63,Medium Long,Poor
1503,Lufthansa,11008,43,60,OnTime,17,Long Haul,Poor
1504,Emirates,2173,33,91,Delayed,58,Short Haul,Poor
1505,Emirates,7329,44,194,Delayed,150,Long Haul,Poor
1506,Emirates,2541,57,163,Delayed,106,Short Haul,Poor
1507,Emirates,1104,91,160,OnTime,69,Short Haul,Poor
1508,Emirates,2201,109,32,OnTime,-77,Short Haul,Poor
1509,Lufthansa,3848,167,33,Delayed,-134,Medium Long,Poor
1510,Emirates,10563,163,54,Delayed,-109,Long Haul,Poor
1511,Delta,10646,1,109,OnTime,108,Long Haul,Poor
1512,Indigo,4311,164,170,Delayed,6,Medium Long,Poor
1513,Delta,1568,4,114,OnTime,110,Short Haul,Poor
1514,Emirates,774,64,16,OnTime,-48,Short Haul,Good
1515,Delta,7317,134,67,Delayed,-67,Long Haul,Poor
1516,Indigo,10899,18,125,Delayed,107,Long Haul,Poor
1517,Indigo,5548,13,183,Delayed,170,Medium Long,Poor
1518,Emirates,2531,32,68,OnTime,36,Short Haul,Poor
1519,Emirates,5140,34,127,Delayed,93,Medium Long,Poor
1520,Emirates,9988,143,188,Delayed,45,Long Haul,Poor
1521,Lufthansa,2379,166,98,OnTime,-68,Short Haul,Poor
1522,Indigo,5577,84,50,OnTime,-34,Medium Long,Poor
1523,Delta,8443,75,72,OnTime,-3,Long Haul,Poor
1524,Delta,8150,4,30,Delayed,26,Long Haul,Good
1525,Delta,8105,88,186,Delayed,98,Long Haul,Poor
1526,Emirates,10964,68,55,Delayed,-13,Long Haul,Poor
1527,Lufthansa,6453,41,110,OnTime,69,Medium Long,Poor
1528,Indigo,7782,99,154,Delayed,55,Long Haul,Poor
1529,Emirates,11377,142,155,OnTime,13,Long Haul,Poor
1530,Indigo,4567,2,115,Delayed,113,Medium Long,Poor
1531,Delta,6236,68,17,OnTime,-51,Medium Long,Good
1532,Emirates,9454,37,198,OnTime,161,Long Haul,Poor
1533,Indigo,11787,5,79,Delayed,74,Long Haul,Poor
1534,Delta,1384,11,150,OnTime,139,Short Haul,Poor
1535,Indigo,1005,115,52,OnTime,-63,Short Haul,Poor
1536,Lufthansa,8886,113,104,Delayed,-9,Long Haul,Poor
1537,Indigo,4759,57,144,OnTime,87,Medium Long,Poor
1538,Emirates,380,59,69,OnTime,10,Short Haul,Poor
1539,Lufthansa,2946,70,181,Delayed,111,Short Haul,Poor
1540,Indigo,5539,134,11,OnTime,-123,Medium Long,Good
1541,Delta,4638,60,33,OnTime,-27,Medium Long,Poor
1542,Emirates,3086,35,195,OnTime,160,Medium Long,Poor
1543,Delta,4031,120,14,Delayed,-106,Medium Long,Good
1544,Emirates,381,6,97,OnTime,91,Short Haul,Poor
1545,Emirates,9220,23,6,OnTime,-17,Long Haul,Good
1546,Indigo,329,60,152,OnTime,92,Short Haul,Poor
1547,Lufthansa,11753,10,134,OnTime,124,Long Haul,Poor
1548,Indigo,3658,5,36,OnTime,31,Medium Long,Poor
1549,Emirates,1615,92,102,Delayed,10,Short Haul,Poor
1550,Lufthansa,1934,139,33,Delayed,-106,Short Haul,Poor
1551,Indigo,10436,28,3,OnTime,-25,Long Haul,Good
1552,Indigo,3997,82,150,Delayed,68,Medium Long,Poor
1553,Delta,9183,174,120,Delayed,-54,Long Haul,Poor
1554,Indigo,11365,116,175,OnTime,59,Long Haul,Poor
1555,Indigo,2442,107,110,OnTime,3,Short Haul,Poor
1556,Indigo,377,161,41,OnTime,-120,Short Haul,Poor
1557,Emirates,6186,23,176,Delayed,153,Medium Long,Poor
1558,Lufthansa,7368,138,152,OnTime,14,Long Haul,Poor
1559,Indigo,4590,44,30,OnTime,-14,Medium Long,Good
1560,Delta,8831,74,72,OnTime,-2,Long Haul,Poor
1561,Delta,10491,164,179,OnTime,15,Long Haul,Poor
1562,Emirates,4582,55,53,Delayed,-2,Medium Long,Poor
1563,Indigo,9086,123,73,Delayed,-50,Long Haul,Poor
1564,Delta,8570,4,184,OnTime,180,Long Haul,Poor
1565,Emirates,4086,54,9,Delayed,-45,Medium Long,Good
1566,Indigo,11385,80,70,Delayed,-10,Long Haul,Poor
1567,Lufthansa,2432,134,126,Delayed,-8,Short Haul,Poor
1568,Emirates,11649,42,120,Delayed,78,Long Haul,Poor
1569,Delta,10985,19,97,Delayed,78,Long Haul,Poor
1570,Lufthansa,10687,118,83,Delayed,-35,Long Haul,Poor
1571,Delta,8549,96,178,OnTime,82,Long Haul,Poor
1572,Emirates,10227,127,42,Delayed,-85,Long Haul,Poor
1573,Lufthansa,9636,6,197,Delayed,191,Long Haul,Poor
1574,Indigo,9525,156,190,Delayed,34,Long Haul,Poor
1575,Emirates,5382,141,113,OnTime,-28,Medium Long,Poor
1576,Emirates,976,22,154,Delayed,132,Short Haul,Poor
1577,Lufthansa,9653,124,19,OnTime,-105,Long Haul,Good
1578,Emirates,5609,81,83,OnTime,2,Medium Long,Poor
1579,Emirates,4952,89,130,OnTime,41,Medium Long,Poor
1580,Emirates,7222,106,61,Delayed,-45,Long Haul,Poor
1581,Delta,3519,19,122,Delayed,103,Medium Long,Poor
1582,Delta,2768,147,188,OnTime,41,Short Haul,Poor
1583,Indigo,10863,145,1,OnTime,-144,Long Haul,Good
1584,Emirates,7159,7,176,OnTime,169,Long Haul,Poor
1585,Emirates,3084,43,138,OnTime,95,Medium Long,Poor
1586,Indigo,3647,120,130,Delayed,10,Medium Long,Poor
1587,Lufthansa,5830,140,29,Delayed,-111,Medium Long,Good
1588,Indigo,7909,125,77,Delayed,-48,Long Haul,Poor
1589,Lufthansa,6982,130,96,OnTime,-34,Medium Long,Poor
1590,Lufthansa,3048,84,19,OnTime,-65,Medium Long,Good
1591,Emirates,7359,63,135,Delayed,72,Long Haul,Poor
1592,Indigo,10212,58,175,OnTime,117,Long Haul,Poor
1593,Lufthansa,3541,156,197,Delayed,41,Medium Long,Poor
1594,Emirates,4386,165,37,Delayed,-128,Medium Long,Poor
1595,Lufthansa,6773,149,80,OnTime,-69,Medium Long,Poor
1596,Lufthansa,997,57,15,OnTime,-42,Short Haul,Good
1597,Delta,11845,141,21,OnTime,-120,Long Haul,Good
1598,Indigo,11860,52,146,OnTime,94,Long Haul,Poor
1599,Indigo,11027,179,7,OnTime,-172,Long Haul,Good
1600,Lufthansa,8351,170,199,Delayed,29,Long Haul,Poor
1601,Emirates,9635,136,167,Delayed,31,Long Haul,Poor
1602,Emirates,11257,129,157,OnTime,28,Long Haul,Poor
1603,Indigo,693,61,157,Delayed,96,Short Haul,Poor
1604,Indigo,3980,140,160,OnTime,20,Medium Long,Poor
1605,Delta,8690,100,151,OnTime,51,Long Haul,Poor
1606,Indigo,2729,63,141,OnTime,78,Short Haul,Poor
1607,Emirates,11821,94,89,OnTime,-5,Long Haul,Poor
1608,Indigo,8650,75,89,Delayed,14,Long Haul,Poor
1609,Indigo,1800,171,135,OnTime,-36,Short Haul,Poor
1610,Lufthansa,5733,166,63,Delayed,-103,Medium Long,Poor
1611,Delta,11539,41,28,OnTime,-13,Long Haul,Good
1612,Indigo,10517,113,162,Delayed,49,Long Haul,Poor
1613,Delta,5575,154,184,Delayed,30,Medium Long,Poor
1614,Emirates,1105,110,81,OnTime,-29,Short Haul,Poor
1615,Delta,9708,66,143,Delayed,77,Long Haul,Poor
1616,Delta,2624,25,136,OnTime,111,Short Haul,Poor
1617,Lufthansa,1384,52,64,Delayed,12,Short Haul,Poor
1618,Lufthansa,10353,48,100,OnTime,52,Long Haul,Poor
1619,Lufthansa,9128,109,150,Delayed,41,Long Haul,Poor
1620,Lufthansa,11773,81,27,OnTime,-54,Long Haul,Good
1621,Lufthansa,9905,57,123,OnTime,66,Long Haul,Poor
1622,Indigo,557,126,123,OnTime,-3,Short Haul,Poor
1623,Emirates,237,153,50,OnTime,-103,Short Haul,Poor
1624,Emirates,5799,23,117,OnTime,94,Medium Long,Poor
1625,Indigo,1013,57,142,Delayed,85,Short Haul,Poor
1626,Emirates,9386,144,181,OnTime,37,Long Haul,Poor
1627,Emirates,4191,146,159,Delayed,13,Medium Long,Poor
1628,Delta,4917,139,37,Delayed,-102,Medium Long,Poor
1629,Indigo,5600,45,153,OnTime,108,Medium Long,Poor
1630,Indigo,4639,118,156,OnTime,38,Medium Long,Poor
1631,Emirates,6314,89,198,OnTime,109,Medium Long,Poor
1632,Lufthansa,8614,123,193,OnTime,70,Long Haul,Poor
1633,Emirates,2119,0,137,OnTime,137,Short Haul,Poor
1634,Delta,9119,107,37,Delayed,-70,Long Haul,Poor
1635,Lufthansa,6435,176,71,OnTime,-105,Medium Long,Poor
1636,Delta,3351,145,24,OnTime,-121,Medium Long,Good
1637,Indigo,8506,134,189,OnTime,55,Long Haul,Poor
1638,Delta,10720,54,156,OnTime,102,Long Haul,Poor
1639,Emirates,9325,136,181,OnTime,45,Long Haul,Poor
1640,Indigo,4766,122,151,Delayed,29,Medium Long,Poor
1641,Delta,6798,27,168,OnTime,141,Medium Long,Poor
1642,Indigo,8640,9,17,OnTime,8,Long Haul,Good
1643,Lufthansa,7433,128,37,Delayed,-91,Long Haul,Poor
1644,Emirates,5547,89,160,Delayed,71,Medium Long,Poor
1645,Indigo,830,95,130,Delayed,35,Short Haul,Poor
1646,Indigo,2274,29,168,Delayed,139,Short Haul,Poor
1647,Emirates,1998,41,142,OnTime,101,Short Haul,Poor
1648,Emirates,1342,87,113,OnTime,26,Short Haul,Poor
1649,Emirates,5289,27,14,Delayed,-13,Medium Long,Good
1650,Indigo,7734,152,85,Delayed,-67,Long Haul,Poor
1651,Indigo,7381,125,144,OnTime,19,Long Haul,Poor
1652,Lufthansa,6756,81,2,Delayed,-79,Medium Long,Good
1653,Lufthansa,3564,111,32,OnTime,-79,Medium Long,Poor
1654,Indigo,5837,60,123,Delayed,63,Medium Long,Poor
1655,Emirates,11607,4,15,OnTime,11,Long Haul,Good
1656,Lufthansa,1192,175,161,Delayed,-14,Short Haul,Poor
1657,Lufthansa,6027,42,60,OnTime,18,Medium Long,Poor
1658,Indigo,5150,141,173,OnTime,32,Medium Long,Poor
1659,Delta,2476,125,170,Delayed,45,Short Haul,Poor
1660,Lufthansa,4074,170,2,OnTime,-168,Medium Long,Good
1661,Emirates,11684,8,111,Delayed,103,Long Haul,Poor
1662,Indigo,5090,29,3,OnTime,-26,Medium Long,Good
1663,Delta,3423,121,5,Delayed,-116,Medium Long,Good
1664,Lufthansa,652,23,56,Delayed,33,Short Haul,Poor
1665,Indigo,4221,161,86,OnTime,-75,Medium Long,Poor
1666,Lufthansa,10296,18,52,OnTime,34,Long Haul,Poor
1667,Delta,8688,142,47,OnTime,-95,Long Haul,Poor
1668,Indigo,10833,110,135,Delayed,25,Long Haul,Poor
1669,Indigo,10101,135,77,Delayed,-58,Long Haul,Poor
1670,Emirates,10628,66,118,OnTime,52,Long Haul,Poor
1671,Lufthansa,2323,2,53,OnTime,51,Short Haul,Poor
1672,Indigo,7312,58,195,OnTime,137,Long Haul,Poor
1673,Indigo,2636,173,141,Delayed,-32,Short Haul,Poor
1674,Lufthansa,772,144,67,OnTime,-77,Short Haul,Poor
1675,Emirates,2012,168,100,OnTime,-68,Short Haul,Poor
1676,Lufthansa,9938,85,69,Delayed,-16,Long Haul,Poor
1677,Indigo,5596,96,103,Delayed,7,Medium Long,Poor
1678,Lufthansa,10116,25,118,OnTime,93,Long Haul,Poor
1679,Emirates,6107,86,95,Delayed,9,Medium Long,Poor
1680,Indigo,11231,178,161,Delayed,-17,Long Haul,Poor
1681,Delta,7812,135,91,Delayed,-44,Long Haul,Poor
1682,Emirates,9266,31,182,Delayed,151,Long Haul,Poor
1683,Emirates,9532,37,38,Delayed,1,Long Haul,Poor
1684,Lufthansa,11083,58,110,Delayed,52,Long Haul,Poor
1685,Delta,7973,118,176,OnTime,58,Long Haul,Poor
1686,Emirates,1376,24,129,OnTime,105,Short Haul,Poor
1687,Lufthansa,7193,78,57,Delayed,-21,Long Haul,Poor
1688,Indigo,9652,107,90,OnTime,-17,Long Haul,Poor
1689,Delta,6432,175,196,OnTime,21,Medium Long,Poor
1690,Indigo,10152,55,63,OnTime,8,Long Haul,Poor
1691,Emirates,10675,109,57,Delayed,-52,Long Haul,Poor
1692,Lufthansa,8751,45,68,OnTime,23,Long Haul,Poor
1693,Delta,7469,113,54,Delayed,-59,Long Haul,Poor
1694,Lufthansa,8445,132,14,Delayed,-118,Long Haul,Good
1695,Delta,4344,99,194,OnTime,95,Medium Long,Poor
1696,Delta,5243,132,181,Delayed,49,Medium Long,Poor
1697,Emirates,10412,43,102,OnTime,59,Long Haul,Poor
1698,Delta,2749,133,129,OnTime,-4,Short Haul,Poor
1699,Emirates,684,146,67,OnTime,-79,Short Haul,Poor
1700,Delta,1752,73,88,OnTime,15,Short Haul,Poor
1701,Lufthansa,2158,151,130,Delayed,-21,Short Haul,Poor
1702,Delta,3692,116,148,OnTime,32,Medium Long,Poor
1703,Lufthansa,11423,17,122,Delayed,105,Long Haul,Poor
1704,Delta,5197,64,129,OnTime,65,Medium Long,Poor
1705,Delta,3142,24,173,OnTime,149,Medium Long,Poor
1706,Emirates,2664,39,79,OnTime,40,Short Haul,Poor
1707,Indigo,11065,114,20,OnTime,-94,Long Haul,Good
1708,Emirates,8848,46,72,Delayed,26,Long Haul,Poor
1709,Emirates,4004,76,191,OnTime,115,Medium Long,Poor
1710,Lufthansa,2887,133,161,OnTime,28,Short Haul,Poor
1711,Lufthansa,11115,97,101,OnTime,4,Long Haul,Poor
1712,Lufthansa,6510,99,120,Delayed,21,Medium Long,Poor
1713,Indigo,891,142,133,OnTime,-9,Short Haul,Poor
1714,Emirates,11859,52,10,OnTime,-42,Long Haul,Good
1715,Delta,5316,143,48,OnTime,-95,Medium Long,Poor
1716,Lufthansa,271,60,14,Delayed,-46,Short Haul,Good
1717,Lufthansa,1475,166,69,OnTime,-97,Short Haul,Poor
1718,Emirates,3618,174,120,OnTime,-54,Medium Long,Poor
1719,Delta,8454,16,103,Delayed,87,Long Haul,Poor
1720,Lufthansa,542,4,149,Delayed,145,Short Haul,Poor
1721,Delta,2187,12,62,OnTime,50,Short Haul,Poor
1722,Lufthansa,10178,126,8,Delayed,-118,Long Haul,Good
1723,Lufthansa,5899,145,110,Delayed,-35,Medium Long,Poor
1724,Lufthansa,217,119,23,Delayed,-96,Short Haul,Good
1725,Lufthansa,11683,142,184,OnTime,42,Long Haul,Poor
1726,Delta,8259,146,118,OnTime,-28,Long Haul,Poor
1727,Emirates,11499,128,140,Delayed,12,Long Haul,Poor
1728,Lufthansa,10630,157,111,Delayed,-46,Long Haul,Poor
1729,Emirates,10727,68,127,OnTime,59,Long Haul,Poor
1730,Indigo,5320,41,147,Delayed,106,Medium Long,Poor
1731,Indigo,8432,169,98,OnTime,-71,Long Haul,Poor
1732,Delta,1086,146,69,OnTime,-77,Short Haul,Poor
1733,Indigo,11353,28,82,OnTime,54,Long Haul,Poor
1734,Indigo,7028,42,197,OnTime,155,Long Haul,Poor
1735,Emirates,11596,121,173,Delayed,52,Long Haul,Poor
1736,Lufthansa,3345,159,148,OnTime,-11,Medium Long,Poor
1737,Delta,3474,86,80,OnTime,-6,Medium Long,Poor
1738,Emirates,2852,66,17,OnTime,-49,Short Haul,Good
1739,Emirates,6690,81,60,OnTime,-21,Medium Long,Poor
1740,Emirates,6626,167,2,OnTime,-165,Medium Long,Good
1741,Lufthansa,5135,106,60,Delayed,-46,Medium Long,Poor
1742,Delta,7636,37,186,Delayed,149,Long Haul,Poor
1743,Indigo,7653,161,76,Delayed,-85,Long Haul,Poor
1744,Indigo,673,44,94,OnTime,50,Short Haul,Poor
1745,Lufthansa,4622,125,96,OnTime,-29,Medium Long,Poor
1746,Emirates,8151,175,24,OnTime,-151,Long Haul,Good
1747,Delta,1188,67,18,Delayed,-49,Short Haul,Good
1748,Lufthansa,4729,21,76,OnTime,55,Medium Long,Poor
1749,Delta,8786,49,17,OnTime,-32,Long Haul,Good
1750,Indigo,473,168,190,OnTime,22,Short Haul,Poor
1751,Delta,776,130,21,OnTime,-109,Short Haul,Good
1752,Indigo,11961,115,24,OnTime,-91,Long Haul,Good
1753,Indigo,2266,162,173,OnTime,11,Short Haul,Poor
1754,Indigo,9711,87,134,OnTime,47,Long Haul,Poor
1755,Lufthansa,2192,0,170,OnTime,170,Short Haul,Poor
1756,Indigo,1751,116,148,OnTime,32,Short Haul,Poor
1757,Emirates,4534,146,182,OnTime,36,Medium Long,Poor
1758,Emirates,8508,19,35,OnTime,16,Long Haul,Poor
1759,Emirates,4857,41,7,OnTime,-34,Medium Long,Good
1760,Indigo,5304,97,11,Delayed,-86,Medium Long,Good
1761,Emirates,10935,0,93,OnTime,93,Long Haul,Poor
1762,Delta,3053,151,0,OnTime,-151,Medium Long,Good
1763,Lufthansa,7296,122,68,Delayed,-54,Long Haul,Poor
1764,Emirates,2342,12,152,Delayed,140,Short Haul,Poor
1765,Indigo,6020,105,114,Delayed,9,Medium Long,Poor
1766,Emirates,5284,116,152,OnTime,36,Medium Long,Poor
1767,Indigo,7516,35,112,OnTime,77,Long Haul,Poor
1768,Emirates,2460,62,125,OnTime,63,Short Haul,Poor
1769,Delta,3990,169,70,OnTime,-99,Medium Long,Poor
1770,Delta,11977,81,10,OnTime,-71,Long Haul,Good
1771,Indigo,2903,48,161,Delayed,113,Short Haul,Poor
1772,Indigo,9000,144,85,OnTime,-59,Long Haul,Poor
1773,Indigo,3647,156,176,Delayed,20,Medium Long,Poor
1774,Emirates,5648,18,138,OnTime,120,Medium Long,Poor
1775,Lufthansa,6773,75,152,Delayed,77,Medium Long,Poor
1776,Lufthansa,1595,41,97,Delayed,56,Short Haul,Poor
1777,Delta,8164,97,98,Delayed,1,Long Haul,Poor
1778,Indigo,4928,69,105,Delayed,36,Medium Long,Poor
1779,Lufthansa,5634,86,10,OnTime,-76,Medium Long,Good
1780,Indigo,6657,80,31,Delayed,-49,Medium Long,Poor
1781,Indigo,448,159,34,OnTime,-125,Short Haul,Poor
1782,Delta,1094,143,2,Delayed,-141,Short Haul,Good
1783,Emirates,6590,160,123,Delayed,-37,Medium Long,Poor
1784,Indigo,409,13,120,OnTime,107,Short Haul,Poor
1785,Lufthansa,2392,65,199,Delayed,134,Short Haul,Poor
1786,Delta,9395,128,35,Delayed,-93,Long Haul,Poor
1787,Delta,9944,160,9,Delayed,-151,Long Haul,Good
1788,Delta,5033,132,185,Delayed,53,Medium Long,Poor
1789,Emirates,1423,178,19,Delayed,-159,Short Haul,Good
1790,Emirates,9266,123,184,Delayed,61,Long Haul,Poor
1791,Emirates,3679,83,26,OnTime,-57,Medium Long,Good
1792,Delta,4911,145,16,Delayed,-129,Medium Long,Good
1793,Delta,6295,116,159,OnTime,43,Medium Long,Poor
1794,Lufthansa,5586,22,69,OnTime,47,Medium Long,Poor
1795,Lufthansa,4086,161,180,OnTime,19,Medium Long,Poor
1796,Delta,2305,120,180,OnTime,60,Short Haul,Poor
1797,Delta,6557,43,56,Delayed,13,Medium Long,Poor
1798,Lufthansa,853,12,60,Delayed,48,Short Haul,Poor
1799,Emirates,7643,139,37,Delayed,-102,Long Haul,Poor
1800,Indigo,6887,170,51,Delayed,-119,Medium Long,Poor
1801,Indigo,9198,150,139,OnTime,-11,Long Haul,Poor
1802,Emirates,11330,128,33,Delayed,-95,Long Haul,Poor
1803,Indigo,9732,65,161,Delayed,96,Long Haul,Poor
1804,Emirates,2595,165,141,OnTime,-24,Short Haul,Poor
1805,Lufthansa,4344,124,109,Delayed,-15,Medium Long,Poor
1806,Lufthansa,7299,4,100,OnTime,96,Long Haul,Poor
1807,Emirates,1759,24,157,OnTime,133,Short Haul,Poor
1808,Emirates,8363,119,155,Delayed,36,Long Haul,Poor
1809,Indigo,2511,138,121,Delayed,-17,Short Haul,Poor
1810,Emirates,3873,151,185,Delayed,34,Medium Long,Poor
1811,Emirates,2561,112,142,OnTime,30,Short Haul,Poor
1812,Emirates,8385,99,25,Delayed,-74,Long Haul,Good
1813,Emirates,5004,16,139,Delayed,123,Medium Long,Poor
1814,Indigo,2642,98,125,Delayed,27,Short Haul,Poor
1815,Delta,3091,87,169,Delayed,82,Medium Long,Poor
1816,Lufthansa,9328,152,106,OnTime,-46,Long Haul,Poor
1817,Emirates,579,116,2,OnTime,-114,Short Haul,Good
1818,Delta,3885,81,127,Delayed,46,Medium Long,Poor
1819,Emirates,4361,137,93,Delayed,-44,Medium Long,Poor
1820,Delta,8189,142,7,OnTime,-135,Long Haul,Good
1821,Lufthansa,2739,128,21,OnTime,-107,Short Haul,Good
1822,Lufthansa,8010,115,100,OnTime,-15,Long Haul,Poor
1823,Delta,3243,67,17,Delayed,-50,Medium Long,Good
1824,Lufthansa,11389,133,103,OnTime,-30,Long Haul,Poor
1825,Lufthansa,4774,126,39,OnTime,-87,Medium Long,Poor
1826,Indigo,468,60,6,Delayed,-54,Short Haul,Good
1827,Delta,10492,64,51,Delayed,-13,Long Haul,Poor
1828,Indigo,10425,110,109,Delayed,-1,Long Haul,Poor
1829,Lufthansa,6925,112,99,OnTime,-13,Medium Long,Poor
1830,Indigo,7953,26,133,Delayed,107,Long Haul,Poor
1831,Lufthansa,5501,18,131,OnTime,113,Medium Long,Poor
1832,Emirates,215,146,134,Delayed,-12,Short Haul,Poor
1833,Lufthansa,5812,19,105,Delayed,86,Medium Long,Poor
1834,Lufthansa,5015,104,141,OnTime,37,Medium Long,Poor
1835,Delta,6241,154,155,OnTime,1,Medium Long,Poor
1836,Lufthansa,10580,175,20,Delayed,-155,Long Haul,Good
1837,Indigo,8526,113,185,OnTime,72,Long Haul,Poor
1838,Indigo,9145,89,119,OnTime,30,Long Haul,Poor
1839,Delta,4711,156,152,Delayed,-4,Medium Long,Poor
1840,Delta,3578,43,72,Delayed,29,Medium Long,Poor
1841,Emirates,4845,53,15,OnTime,-38,Medium Long,Good
1842,Indigo,5940,7,97,OnTime,90,Medium Long,Poor
1843,Indigo,5182,158,184,OnTime,26,Medium Long,Poor
1844,Lufthansa,8264,31,134,Delayed,103,Long Haul,Poor
1845,Emirates,10488,100,150,OnTime,50,Long Haul,Poor
1846,Emirates,9381,104,100,Delayed,-4,Long Haul,Poor
1847,Emirates,2666,161,2,Delayed,-159,Short Haul,Good
1848,Lufthansa,10742,179,58,OnTime,-121,Long Haul,Poor
1849,Indigo,1758,42,22,Delayed,-20,Short Haul,Good
1850,Lufthansa,10185,64,188,OnTime,124,Long Haul,Poor
1851,Emirates,2968,169,76,OnTime,-93,Short Haul,Poor
1852,Emirates,997,153,161,Delayed,8,Short Haul,Poor
1853,Emirates,8558,101,25,OnTime,-76,Long Haul,Good
1854,Lufthansa,5288,132,153,OnTime,21,Medium Long,Poor
1855,Emirates,11731,7,80,OnTime,73,Long Haul,Poor
1856,Indigo,546,87,130,OnTime,43,Short Haul,Poor
1857,Delta,9840,99,127,OnTime,28,Long Haul,Poor
1858,Delta,9521,23,78,Delayed,55,Long Haul,Poor
1859,Emirates,8417,177,127,OnTime,-50,Long Haul,Poor
1860,Indigo,11496,32,34,Delayed,2,Long Haul,Poor
1861,Delta,11712,29,28,OnTime,-1,Long Haul,Good
1862,Indigo,5306,128,148,Delayed,20,Medium Long,Poor
1863,Emirates,8170,85,28,Delayed,-57,Long Haul,Good
1864,Lufthansa,8156,82,84,OnTime,2,Long Haul,Poor
1865,Delta,6388,17,146,OnTime,129,Medium Long,Poor
1866,Indigo,4373,128,90,OnTime,-38,Medium Long,Poor
1867,Delta,10116,121,22,OnTime,-99,Long Haul,Good
1868,Lufthansa,10471,36,67,Delayed,31,Long Haul,Poor
1869,Indigo,6111,81,77,OnTime,-4,Medium Long,Poor
1870,Indigo,656,32,87,Delayed,55,Short Haul,Poor
1871,Lufthansa,2258,164,59,Delayed,-105,Short Haul,Poor
1872,Emirates,11910,102,131,OnTime,29,Long Haul,Poor
1873,Delta,9438,77,8,Delayed,-69,Long Haul,Good
1874,Indigo,8624,110,34,OnTime,-76,Long Haul,Poor
1875,Emirates,9378,21,157,Delayed,136,Long Haul,Poor
1876,Lufthansa,9763,45,146,OnTime,101,Long Haul,Poor
1877,Emirates,4856,141,34,Delayed,-107,Medium Long,Poor
1878,Indigo,1634,113,147,Delayed,34,Short Haul,Poor
1879,Emirates,3865,122,120,Delayed,-2,Medium Long,Poor
1880,Delta,11786,126,157,OnTime,31,Long Haul,Poor
1881,Indigo,5175,89,75,Delayed,-14,Medium Long,Poor
1882,Emirates,4756,130,60,OnTime,-70,Medium Long,Poor
1883,Emirates,6493,135,117,OnTime,-18,Medium Long,Poor
1884,Delta,4945,169,111,OnTime,-58,Medium Long,Poor
1885,Lufthansa,1899,103,158,Delayed,55,Short Haul,Poor
1886,Lufthansa,1106,61,45,OnTime,-16,Short Haul,Poor
1887,Delta,585,68,173,OnTime,105,Short Haul,Poor
1888,Emirates,10871,2,53,Delayed,51,Long Haul,Poor
1889,Indigo,10309,47,53,Delayed,6,Long Haul,Poor
1890,Delta,4665,46,173,Delayed,127,Medium Long,Poor
1891,Delta,9566,165,131,OnTime,-34,Long Haul,Poor
1892,Delta,10419,158,122,Delayed,-36,Long Haul,Poor
1893,Indigo,2186,53,188,OnTime,135,Short Haul,Poor
1894,Emirates,10246,67,119,Delayed,52,Long Haul,Poor
1895,Delta,6257,147,172,Delayed,25,Medium Long,Poor
1896,Delta,11125,132,191,Delayed,59,Long Haul,Poor
1897,Delta,7403,17,138,Delayed,121,Long Haul,Poor
1898,Delta,3995,93,137,Delayed,44,Medium Long,Poor
1899,Lufthansa,5422,28,177,Delayed,149,Medium Long,Poor
1900,Lufthansa,9363,105,105,Delayed,0,Long Haul,Poor
1901,Indigo,2916,65,184,Delayed,119,Short Haul,Poor
1902,Delta,5737,171,15,Delayed,-156,Medium Long,Good
1903,Lufthansa,1716,63,109,Delayed,46,Short Haul,Poor
1904,Delta,8902,140,188,OnTime,48,Long Haul,Poor
1905,Lufthansa,11225,15,66,Delayed,51,Long Haul,Poor
1906,Lufthansa,2655,13,3,OnTime,-10,Short Haul,Good
1907,Indigo,4384,99,71,OnTime,-28,Medium Long,Poor
1908,Indigo,8552,139,147,Delayed,8,Long Haul,Poor
1909,Indigo,3484,80,111,OnTime,31,Medium Long,Poor
1910,Indigo,9022,107,1,Delayed,-106,Long Haul,Good
1911,Indigo,3976,178,41,OnTime,-137,Medium Long,Poor
1912,Delta,8000,25,12,Delayed,-13,Long Haul,Good
1913,Indigo,10541,139,66,OnTime,-73,Long Haul,Poor
1914,Delta,1152,117,147,Delayed,30,Short Haul,Poor
1915,Indigo,6649,30,156,OnTime,126,Medium Long,Poor
1916,Delta,4336,134,161,Delayed,27,Medium Long,Poor
1917,Emirates,1622,46,118,OnTime,72,Short Haul,Poor
1918,Lufthansa,4842,175,57,Delayed,-118,Medium Long,Poor
1919,Delta,5637,84,11,OnTime,-73,Medium Long,Good
1920,Emirates,4825,161,82,Delayed,-79,Medium Long,Poor
1921,Emirates,9181,137,23,OnTime,-114,Long Haul,Good
1922,Emirates,10869,6,108,OnTime,102,Long Haul,Poor
1923,Indigo,5987,140,191,Delayed,51,Medium Long,Poor
1924,Emirates,9504,108,54,OnTime,-54,Long Haul,Poor
1925,Delta,6892,90,29,Delayed,-61,Medium Long,Good
1926,Delta,6756,75,0,Delayed,-75,Medium Long,Good
1927,Indigo,8773,50,28,OnTime,-22,Long Haul,Good
1928,Emirates,1831,40,121,Delayed,81,Short Haul,Poor
1929,Emirates,11524,147,110,OnTime,-37,Long Haul,Poor
1930,Emirates,4711,104,38,OnTime,-66,Medium Long,Poor
1931,Indigo,844,65,30,OnTime,-35,Short Haul,Good
1932,Delta,9070,137,45,Delayed,-92,Long Haul,Poor
1933,Emirates,1265,123,11,OnTime,-112,Short Haul,Good
1934,Lufthansa,4486,164,165,OnTime,1,Medium Long,Poor
1935,Indigo,8377,45,102,OnTime,57,Long Haul,Poor
1936,Indigo,7821,123,138,OnTime,15,Long Haul,Poor
1937,Indigo,3097,112,75,Delayed,-37,Medium Long,Poor
1938,Indigo,7802,91,5,Delayed,-86,Long Haul,Good
1939,Indigo,6004,165,192,Delayed,27,Medium Long,Poor
1940,Delta,7803,28,45,Delayed,17,Long Haul,Poor
1941,Lufthansa,10964,144,53,OnTime,-91,Long Haul,Poor
1942,Indigo,3123,138,20,OnTime,-118,Medium Long,Good
1943,Lufthansa,3563,108,122,OnTime,14,Medium Long,Poor
1944,Indigo,1997,74,54,OnTime,-20,Short Haul,Poor
1945,Delta,2216,86,4,Delayed,-82,Short Haul,Good
1946,Delta,5628,110,87,Delayed,-23,Medium Long,Poor
1947,Emirates,10957,23,24,OnTime,1,Long Haul,Good
1948,Indigo,4942,92,67,OnTime,-25,Medium Long,Poor
1949,Delta,4736,117,177,Delayed,60,Medium Long,Poor
1950,Emirates,5266,13,157,Delayed,144,Medium Long,Poor
1951,Lufthansa,10888,13,68,OnTime,55,Long Haul,Poor
1952,Indigo,7659,171,134,OnTime,-37,Long Haul,Poor
1953,Indigo,11561,97,148,OnTime,51,Long Haul,Poor
1954,Lufthansa,9830,59,129,Delayed,70,Long Haul,Poor
1955,Indigo,8194,153,181,OnTime,28,Long Haul,Poor
1956,Delta,8114,7,5,Delayed,-2,Long Haul,Good
1957,Lufthansa,7464,17,129,OnTime,112,Long Haul,Poor
1958,Delta,7670,98,156,OnTime,58,Long Haul,Poor
1959,Delta,6299,39,139,Delayed,100,Medium Long,Poor
1960,Emirates,1103,174,3,Delayed,-171,Short Haul,Good
1961,Lufthansa,4981,35,65,OnTime,30,Medium Long,Poor
1962,Delta,10877,19,52,OnTime,33,Long Haul,Poor
1963,Delta,6836,170,115,Delayed,-55,Medium Long,Poor
1964,Delta,8084,58,4,Delayed,-54,Long Haul,Good
1965,Delta,5613,61,3,Delayed,-58,Medium Long,Good
1966,Delta,8162,38,137,Delayed,99,Long Haul,Poor
1967,Delta,6375,80,2,OnTime,-78,Medium Long,Good
1968,Indigo,4231,53,21,OnTime,-32,Medium Long,Good
1969,Emirates,486,156,45,Delayed,-111,Short Haul,Poor
1970,Indigo,8530,148,117,OnTime,-31,Long Haul,Poor
1971,Indigo,3197,42,130,OnTime,88,Medium Long,Poor
1972,Lufthansa,3650,87,61,Delayed,-26,Medium Long,Poor
1973,Lufthansa,11017,162,175,Delayed,13,Long Haul,Poor
1974,Delta,5977,101,192,OnTime,91,Medium Long,Poor
1975,Delta,10122,142,163,OnTime,21,Long Haul,Poor
1976,Emirates,10484,60,167,Delayed,107,Long Haul,Poor
1977,Indigo,7181,163,55,Delayed,-108,Long Haul,Poor
1978,Emirates,1256,46,156,OnTime,110,Short Haul,Poor
1979,Indigo,880,179,87,Delayed,-92,Short Haul,Poor
1980,Lufthansa,3892,172,122,Delayed,-50,Medium Long,Poor
1981,Lufthansa,2762,120,116,Delayed,-4,Short Haul,Poor
1982,Emirates,803,66,119,OnTime,53,Short Haul,Poor
1983,Lufthansa,10799,156,0,OnTime,-156,Long Haul,Good
1984,Lufthansa,2132,127,112,OnTime,-15,Short Haul,Poor
1985,Indigo,1116,137,172,OnTime,35,Short Haul,Poor
1986,Lufthansa,4258,52,197,Delayed,145,Medium Long,Poor
1987,Indigo,7634,121,60,OnTime,-61,Long Haul,Poor
1988,Emirates,11791,167,196,OnTime,29,Long Haul,Poor
1989,Indigo,11543,76,80,OnTime,4,Long Haul,Poor
1990,Lufthansa,4929,14,81,OnTime,67,Medium Long,Poor
1991,Emirates,1593,94,81,Delayed,-13,Short Haul,Poor
1992,Delta,5982,57,180,Delayed,123,Medium Long,Poor
1993,Indigo,6811,176,14,Delayed,-162,Medium Long,Good
1994,Emirates,9884,125,42,OnTime,-83,Long Haul,Poor
1995,Emirates,6875,118,106,OnTime,-12,Medium Long,Poor
1996,Lufthansa,6918,74,116,OnTime,42,Medium Long,Poor
1997,Indigo,1897,86,58,Delayed,-28,Short Haul,Poor
1998,Indigo,7874,143,191,OnTime,48,Long Haul,Poor
1999,Delta,3181,129,68,OnTime,-61,Medium Long,Poor
2000,Lufthansa,6579,144,3,Delayed,-141,Medium Long,Good
2001,Indigo,11806,57,50,OnTime,-7,Long Haul,Poor
2002,Indigo,1083,116,47,OnTime,-69,Short Haul,Poor
2003,Indigo,10827,4,1,OnTime,-3,Long Haul,Good
2004,Lufthansa,9326,171,41,Delayed,-130,Long Haul,Poor
2005,Indigo,832,165,129,Delayed,-36,Short Haul,Poor
2006,Lufthansa,202,109,30,Delayed,-79,Short Haul,Good
2007,Emirates,10501,112,171,Delayed,59,Long Haul,Poor
2008,Delta,10053,15,84,OnTime,69,Long Haul,Poor
2009,Emirates,968,68,197,Delayed,129,Short Haul,Poor
2010,Lufthansa,9014,30,198,Delayed,168,Long Haul,Poor
2011,Indigo,10121,61,80,Delayed,19,Long Haul,Poor
2012,Lufthansa,9341,114,75,Delayed,-39,Long Haul,Poor
2013,Lufthansa,2951,114,190,Delayed,76,Short Haul,Poor
2014,Emirates,11223,104,199,OnTime,95,Long Haul,Poor
2015,Indigo,10365,111,130,OnTime,19,Long Haul,Poor
2016,Emirates,1601,5,82,Delayed,77,Short Haul,Poor
2017,Emirates,5069,23,184,OnTime,161,Medium Long,Poor
2018,Lufthansa,8681,144,162,OnTime,18,Long Haul,Poor
2019,Delta,4786,174,167,Delayed,-7,Medium Long,Poor
2020,Lufthansa,10541,55,5,Delayed,-50,Long Haul,Good
2021,Indigo,8209,139,94,OnTime,-45,Long Haul,Poor
2022,Lufthansa,10238,21,26,Delayed,5,Long Haul,Good
2023,Emirates,10802,123,28,Delayed,-95,Long Haul,Good
2024,Indigo,3366,54,88,OnTime,34,Medium Long,Poor
2025,Emirates,6477,102,8,OnTime,-94,Medium Long,Good
2026,Delta,11705,24,87,OnTime,63,Long Haul,Poor
2027,Emirates,6500,142,71,Delayed,-71,Medium Long,Poor
2028,Indigo,7140,30,48,Delayed,18,Long Haul,Poor
2029,Delta,11519,68,79,OnTime,11,Long Haul,Poor
2030,Delta,9128,77,136,OnTime,59,Long Haul,Poor
2031,Delta,1696,28,187,Delayed,159,Short Haul,Poor
2032,Delta,7328,135,151,Delayed,16,Long Haul,Poor
2033,Emirates,4021,56,140,OnTime,84,Medium Long,Poor
2034,Delta,500,122,76,OnTime,-46,Short Haul,Poor
2035,Indigo,10446,132,53,Delayed,-79,Long Haul,Poor
2036,Indigo,2848,147,152,Delayed,5,Short Haul,Poor
2037,Lufthansa,6094,66,114,OnTime,48,Medium Long,Poor
2038,Indigo,8324,120,154,OnTime,34,Long Haul,Poor
2039,Indigo,445,160,87,Delayed,-73,Short Haul,Poor
2040,Indigo,9447,100,167,Delayed,67,Long Haul,Poor
2041,Delta,8177,72,80,OnTime,8,Long Haul,Poor
2042,Lufthansa,10075,79,46,OnTime,-33,Long Haul,Poor
2043,Delta,6481,67,119,Delayed,52,Medium Long,Poor
2044,Emirates,9273,66,21,OnTime,-45,Long Haul,Good
2045,Emirates,4976,158,50,Delayed,-108,Medium Long,Poor
2046,Emirates,7413,172,172,Delayed,0,Long Haul,Poor
2047,Emirates,10160,163,30,OnTime,-133,Long Haul,Good
2048,Indigo,2808,173,183,OnTime,10,Short Haul,Poor
2049,Lufthansa,5995,100,106,OnTime,6,Medium Long,Poor
2050,Emirates,6639,96,132,Delayed,36,Medium Long,Poor
2051,Emirates,1671,141,186,Delayed,45,Short Haul,Poor
2052,Delta,2625,69,31,OnTime,-38,Short Haul,Poor
2053,Lufthansa,9890,153,72,Delayed,-81,Long Haul,Poor
2054,Emirates,3671,64,55,OnTime,-9,Medium Long,Poor
2055,Emirates,11962,109,190,Delayed,81,Long Haul,Poor
2056,Indigo,10291,153,66,OnTime,-87,Long Haul,Poor
2057,Delta,1210,23,84,OnTime,61,Short Haul,Poor
2058,Lufthansa,7913,103,84,Delayed,-19,Long Haul,Poor
2059,Lufthansa,2684,108,72,Delayed,-36,Short Haul,Poor
2060,Lufthansa,1658,178,174,Delayed,-4,Short Haul,Poor
2061,Delta,4237,34,163,Delayed,129,Medium Long,Poor
2062,Delta,6611,118,105,OnTime,-13,Medium Long,Poor
2063,Indigo,855,90,187,Delayed,97,Short Haul,Poor
2064,Delta,3079,69,47,Delayed,-22,Medium Long,Poor
2065,Delta,2131,8,196,Delayed,188,Short Haul,Poor
2066,Indigo,9124,175,77,Delayed,-98,Long Haul,Poor
2067,Lufthansa,2392,102,199,OnTime,97,Short Haul,Poor
2068,Delta,8289,31,183,Delayed,152,Long Haul,Poor
2069,Lufthansa,6966,66,64,Delayed,-2,Medium Long,Poor
2070,Indigo,9505,13,24,Delayed,11,Long Haul,Good
2071,Indigo,497,137,33,Delayed,-104,Short Haul,Poor
2072,Delta,2478,36,109,OnTime,73,Short Haul,Poor
2073,Delta,7843,166,121,Delayed,-45,Long Haul,Poor
2074,Emirates,7860,79,141,OnTime,62,Long Haul,Poor
2075,Delta,7376,57,1,Delayed,-56,Long Haul,Good
2076,Delta,11721,163,46,Delayed,-117,Long Haul,Poor
2077,Emirates,1812,93,104,OnTime,11,Short Haul,Poor
2078,Lufthansa,5626,150,51,OnTime,-99,Medium Long,Poor
2079,Emirates,3124,5,170,Delayed,165,Medium Long,Poor
2080,Delta,7702,83,95,OnTime,12,Long Haul,Poor
2081,Delta,2112,31,63,Delayed,32,Short Haul,Poor
2082,Lufthansa,5418,19,128,OnTime,109,Medium Long,Poor
2083,Lufthansa,9358,6,98,OnTime,92,Long Haul,Poor
2084,Indigo,4132,42,180,OnTime,138,Medium Long,Poor
2085,Emirates,1811,144,46,OnTime,-98,Short Haul,Poor
2086,Lufthansa,4932,8,111,Delayed,103,Medium Long,Poor
2087,Emirates,11751,132,18,Delayed,-114,Long Haul,Good
2088,Lufthansa,10067,85,143,Delayed,58,Long Haul,Poor
2089,Emirates,7414,53,57,Delayed,4,Long Haul,Poor
2090,Indigo,10033,33,42,Delayed,9,Long Haul,Poor
2091,Delta,10008,130,2,Delayed,-128,Long Haul,Good
2092,Indigo,7175,86,74,OnTime,-12,Long Haul,Poor
2093,Lufthansa,1291,54,169,OnTime,115,Short Haul,Poor
2094,Indigo,2244,52,197,OnTime,145,Short Haul,Poor
2095,Emirates,6215,136,99,Delayed,-37,Medium Long,Poor
2096,Lufthansa,5501,30,101,Delayed,71,Medium Long,Poor
2097,Delta,3550,109,111,OnTime,2,Medium Long,Poor
2098,Emirates,10736,176,186,Delayed,10,Long Haul,Poor
2099,Indigo,9655,115,104,Delayed,-11,Long Haul,Poor
2100,Emirates,1767,53,108,OnTime,55,Short Haul,Poor
2101,Delta,4876,171,68,OnTime,-103,Medium Long,Poor
2102,Delta,5263,145,55,OnTime,-90,Medium Long,Poor
2103,Emirates,5112,15,155,OnTime,140,Medium Long,Poor
2104,Indigo,1002,71,175,Delayed,104,Short Haul,Poor
2105,Indigo,6206,42,163,Delayed,121,Medium Long,Poor
2106,Emirates,8087,169,7,OnTime,-162,Long Haul,Good
2107,Indigo,4766,4,87,Delayed,83,Medium Long,Poor
2108,Emirates,9852,169,151,Delayed,-18,Long Haul,Poor
2109,Emirates,10373,7,155,OnTime,148,Long Haul,Poor
2110,Lufthansa,11558,92,90,Delayed,-2,Long Haul,Poor
2111,Lufthansa,4974,156,147,Delayed,-9,Medium Long,Poor
2112,Delta,6607,129,45,OnTime,-84,Medium Long,Poor
2113,Delta,1145,14,61,OnTime,47,Short Haul,Poor
2114,Emirates,9468,37,3,OnTime,-34,Long Haul,Good
2115,Emirates,3906,140,96,Delayed,-44,Medium Long,Poor
2116,Delta,8865,26,0,Delayed,-26,Long Haul,Good
2117,Lufthansa,5148,150,150,Delayed,0,Medium Long,Poor
2118,Lufthansa,3179,1,34,OnTime,33,Medium Long,Poor
2119,Indigo,3284,4,197,OnTime,193,Medium Long,Poor
2120,Lufthansa,8833,1,67,OnTime,66,Long Haul,Poor
2121,Delta,7157,31,121,Delayed,90,Long Haul,Poor
2122,Emirates,8611,146,52,OnTime,-94,Long Haul,Poor
2123,Emirates,10517,87,57,Delayed,-30,Long Haul,Poor
2124,Delta,7290,22,123,OnTime,101,Long Haul,Poor
2125,Emirates,1790,116,23,OnTime,-93,Short Haul,Good
2126,Lufthansa,1613,143,57,Delayed,-86,Short Haul,Poor
2127,Delta,5821,113,155,Delayed,42,Medium Long,Poor
2128,Delta,2673,103,40,OnTime,-63,Short Haul,Poor
2129,Delta,2887,7,137,Delayed,130,Short Haul,Poor
2130,Lufthansa,8841,77,157,OnTime,80,Long Haul,Poor
2131,Lufthansa,10205,173,41,OnTime,-132,Long Haul,Poor
2132,Indigo,5743,86,10,Delayed,-76,Medium Long,Good
2133,Lufthansa,4405,162,94,OnTime,-68,Medium Long,Poor
2134,Delta,8891,169,167,OnTime,-2,Long Haul,Poor
2135,Lufthansa,2126,117,89,Delayed,-28,Short Haul,Poor
2136,Indigo,3646,132,1,Delayed,-131,Medium Long,Good
2137,Lufthansa,6411,101,95,OnTime,-6,Medium Long,Poor
2138,Delta,5277,123,115,OnTime,-8,Medium Long,Poor
2139,Emirates,6081,81,186,OnTime,105,Medium Long,Poor
2140,Indigo,1189,141,18,Delayed,-123,Short Haul,Good
2141,Delta,9339,105,153,Delayed,48,Long Haul,Poor
2142,Delta,7754,61,104,OnTime,43,Long Haul,Poor
2143,Indigo,7489,3,133,OnTime,130,Long Haul,Poor
2144,Emirates,7162,152,71,Delayed,-81,Long Haul,Poor
2145,Indigo,8254,56,190,OnTime,134,Long Haul,Poor
2146,Lufthansa,11395,137,88,OnTime,-49,Long Haul,Poor
2147,Emirates,9427,78,71,Delayed,-7,Long Haul,Poor
2148,Delta,6644,145,180,OnTime,35,Medium Long,Poor
2149,Emirates,3692,140,122,Delayed,-18,Medium Long,Poor
2150,Emirates,2304,154,125,Delayed,-29,Short Haul,Poor
2151,Lufthansa,7287,16,111,Delayed,95,Long Haul,Poor
2152,Indigo,10136,120,77,OnTime,-43,Long Haul,Poor
2153,Delta,9194,52,102,OnTime,50,Long Haul,Poor
2154,Indigo,2350,159,95,Delayed,-64,Short Haul,Poor
2155,Delta,7222,128,3,OnTime,-125,Long Haul,Good
2156,Delta,11573,66,106,OnTime,40,Long Haul,Poor
2157,Indigo,5772,148,52,OnTime,-96,Medium Long,Poor
2158,Indigo,8464,27,124,Delayed,97,Long Haul,Poor
2159,Emirates,9935,108,53,OnTime,-55,Long Haul,Poor
2160,Lufthansa,3104,151,161,Delayed,10,Medium Long,Poor
2161,Emirates,9743,25,67,OnTime,42,Long Haul,Poor
2162,Delta,4032,150,48,Delayed,-102,Medium Long,Poor
2163,Lufthansa,2648,39,58,OnTime,19,Short Haul,Poor
2164,Emirates,3436,104,81,Delayed,-23,Medium Long,Poor
2165,Indigo,11823,139,44,Delayed,-95,Long Haul,Poor
2166,Indigo,1660,65,19,OnTime,-46,Short Haul,Good
2167,Lufthansa,11374,71,114,OnTime,43,Long Haul,Poor
2168,Delta,9012,77,2,Delayed,-75,Long Haul,Good
2169,Delta,8163,178,87,OnTime,-91,Long Haul,Poor
2170,Indigo,1942,33,48,OnTime,15,Short Haul,Poor
2171,Indigo,1701,114,11,Delayed,-103,Short Haul,Good
2172,Indigo,2165,69,133,Delayed,64,Short Haul,Poor
2173,Emirates,8334,161,47,Delayed,-114,Long Haul,Poor
2174,Emirates,8300,60,102,OnTime,42,Long Haul,Poor
2175,Indigo,3558,84,130,OnTime,46,Medium Long,Poor
2176,Lufthansa,3954,112,13,Delayed,-99,Medium Long,Good
2177,Lufthansa,1759,131,100,Delayed,-31,Short Haul,Poor
2178,Delta,11883,164,91,Delayed,-73,Long Haul,Poor
2179,Delta,10727,65,19,Delayed,-46,Long Haul,Good
2180,Delta,5471,22,111,Delayed,89,Medium Long,Poor
2181,Indigo,4994,59,52,OnTime,-7,Medium Long,Poor
2182,Emirates,433,2,145,Delayed,143,Short Haul,Poor
2183,Indigo,5282,32,26,OnTime,-6,Medium Long,Good
2184,Delta,10124,127,10,OnTime,-117,Long Haul,Good
2185,Indigo,3499,8,105,OnTime,97,Medium Long,Poor
2186,Emirates,10112,138,152,OnTime,14,Long Haul,Poor
2187,Delta,6424,86,196,OnTime,110,Medium Long,Poor
2188,Delta,10507,132,158,OnTime,26,Long Haul,Poor
2189,Lufthansa,3624,144,41,OnTime,-103,Medium Long,Poor
2190,Emirates,7040,107,118,OnTime,11,Long Haul,Poor
2191,Indigo,1571,70,83,OnTime,13,Short Haul,Poor
2192,Indigo,10141,171,7,Delayed,-164,Long Haul,Good
2193,Emirates,4425,77,131,Delayed,54,Medium Long,Poor
2194,Delta,3685,94,147,OnTime,53,Medium Long,Poor
2195,Emirates,3629,128,2,OnTime,-126,Medium Long,Good
2196,Indigo,9350,58,63,Delayed,5,Long Haul,Poor
2197,Emirates,5683,62,102,Delayed,40,Medium Long,Poor
2198,Indigo,4244,141,144,OnTime,3,Medium Long,Poor
2199,Lufthansa,2573,6,25,OnTime,19,Short Haul,Good
2200,Delta,1966,50,193,Delayed,143,Short Haul,Poor
2201,Emirates,10849,76,137,OnTime,61,Long Haul,Poor
2202,Lufthansa,9579,43,25,OnTime,-18,Long Haul,Good
2203,Delta,210,70,63,OnTime,-7,Short Haul,Poor
2204,Delta,757,95,5,OnTime,-90,Short Haul,Good
2205,Lufthansa,6300,61,71,Delayed,10,Medium Long,Poor
2206,Delta,1020,58,146,Delayed,88,Short Haul,Poor
2207,Emirates,1220,125,180,Delayed,55,Short Haul,Poor
2208,Lufthansa,5332,94,22,Delayed,-72,Medium Long,Good
2209,Emirates,8610,156,196,OnTime,40,Long Haul,Poor
2210,Lufthansa,7636,157,17,OnTime,-140,Long Haul,Good
2211,Delta,4314,110,43,Delayed,-67,Medium Long,Poor
2212,Delta,4170,74,161,Delayed,87,Medium Long,Poor
2213,Emirates,6009,157,192,OnTime,35,Medium Long,Poor
2214,Indigo,10634,161,123,Delayed,-38,Long Haul,Poor
2215,Lufthansa,1349,56,24,OnTime,-32,Short Haul,Good
2216,Delta,2733,169,138,Delayed,-31,Short Haul,Poor
2217,Indigo,1042,24,28,OnTime,4,Short Haul,Good
2218,Indigo,6911,79,198,Delayed,119,Medium Long,Poor
2219,Delta,4289,156,53,Delayed,-103,Medium Long,Poor
2220,Emirates,5993,162,23,Delayed,-139,Medium Long,Good
2221,Lufthansa,1114,139,185,Delayed,46,Short Haul,Poor
2222,Delta,212,110,115,OnTime,5,Short Haul,Poor
2223,Delta,10049,93,2,OnTime,-91,Long Haul,Good
2224,Lufthansa,3482,95,141,Delayed,46,Medium Long,Poor
2225,Indigo,8487,92,117,OnTime,25,Long Haul,Poor
2226,Lufthansa,5033,175,178,Delayed,3,Medium Long,Poor
2227,Delta,5489,29,13,Delayed,-16,Medium Long,Good
2228,Delta,1936,81,110,OnTime,29,Short Haul,Poor
2229,Emirates,3350,43,172,Delayed,129,Medium Long,Poor
2230,Lufthansa,9233,41,102,Delayed,61,Long Haul,Poor
2231,Emirates,3835,22,9,OnTime,-13,Medium Long,Good
2232,Lufthansa,3754,37,35,OnTime,-2,Medium Long,Poor
2233,Indigo,11120,91,155,OnTime,64,Long Haul,Poor
2234,Emirates,5620,155,116,OnTime,-39,Medium Long,Poor
2235,Indigo,9182,175,77,OnTime,-98,Long Haul,Poor
2236,Delta,8451,92,115,Delayed,23,Long Haul,Poor
2237,Lufthansa,7795,65,74,Delayed,9,Long Haul,Poor
2238,Delta,6423,8,114,OnTime,106,Medium Long,Poor
2239,Indigo,11250,57,171,OnTime,114,Long Haul,Poor
2240,Lufthansa,6073,104,42,OnTime,-62,Medium Long,Poor
2241,Emirates,7687,127,142,Delayed,15,Long Haul,Poor
2242,Emirates,9127,164,33,OnTime,-131,Long Haul,Poor
2243,Emirates,2322,129,11,Delayed,-118,Short Haul,Good
2244,Delta,9375,124,32,OnTime,-92,Long Haul,Poor
2245,Lufthansa,10222,146,113,OnTime,-33,Long Haul,Poor
2246,Emirates,778,34,169,OnTime,135,Short Haul,Poor
2247,Emirates,4641,75,77,Delayed,2,Medium Long,Poor
2248,Indigo,4085,155,191,Delayed,36,Medium Long,Poor
2249,Emirates,2549,117,31,OnTime,-86,Short Haul,Poor
2250,Lufthansa,8899,3,109,OnTime,106,Long Haul,Poor
2251,Emirates,3481,124,64,Delayed,-60,Medium Long,Poor
2252,Delta,8877,55,162,OnTime,107,Long Haul,Poor
2253,Indigo,6500,113,182,Delayed,69,Medium Long,Poor
2254,Delta,1050,108,111,OnTime,3,Short Haul,Poor
2255,Emirates,8560,74,38,Delayed,-36,Long Haul,Poor
2256,Emirates,3900,14,190,Delayed,176,Medium Long,Poor
2257,Lufthansa,6142,9,163,Delayed,154,Medium Long,Poor
2258,Emirates,9094,71,11,OnTime,-60,Long Haul,Good
2259,Delta,2246,148,183,Delayed,35,Short Haul,Poor
2260,Delta,3477,11,113,OnTime,102,Medium Long,Poor
2261,Lufthansa,4977,70,10,OnTime,-60,Medium Long,Good
2262,Emirates,229,70,97,OnTime,27,Short Haul,Poor
2263,Indigo,10977,155,22,OnTime,-133,Long Haul,Good
2264,Indigo,8015,106,83,OnTime,-23,Long Haul,Poor
2265,Delta,478,9,22,Delayed,13,Short Haul,Good
2266,Delta,8205,53,55,OnTime,2,Long Haul,Poor
2267,Lufthansa,4220,130,103,OnTime,-27,Medium Long,Poor
2268,Emirates,2095,112,103,OnTime,-9,Short Haul,Poor
2269,Emirates,8462,93,20,Delayed,-73,Long Haul,Good
2270,Delta,6515,4,62,Delayed,58,Medium Long,Poor
2271,Indigo,11515,85,98,OnTime,13,Long Haul,Poor
2272,Delta,5075,59,87,OnTime,28,Medium Long,Poor
2273,Lufthansa,3043,109,82,OnTime,-27,Medium Long,Poor
2274,Delta,9059,45,49,OnTime,4,Long Haul,Poor
2275,Delta,670,21,7,Delayed,-14,Short Haul,Good
2276,Delta,950,174,79,OnTime,-95,Short Haul,Poor
2277,Lufthansa,3690,16,134,OnTime,118,Medium Long,Poor
2278,Lufthansa,2527,161,124,Delayed,-37,Short Haul,Poor
2279,Indigo,2998,32,37,Delayed,5,Short Haul,Poor
2280,Indigo,10682,37,127,OnTime,90,Long Haul,Poor
2281,Delta,5808,1,43,Delayed,42,Medium Long,Poor
2282,Lufthansa,8633,61,65,Delayed,4,Long Haul,Poor
2283,Emirates,8638,66,65,OnTime,-1,Long Haul,Poor
2284,Indigo,7796,9,196,OnTime,187,Long Haul,Poor
2285,Delta,5978,106,97,Delayed,-9,Medium Long,Poor
2286,Delta,3669,121,26,OnTime,-95,Medium Long,Good
2287,Delta,8234,162,168,OnTime,6,Long Haul,Poor
2288,Emirates,5515,68,120,Delayed,52,Medium Long,Poor
2289,Delta,5430,61,61,OnTime,0,Medium Long,Poor
2290,Indigo,3050,69,138,Delayed,69,Medium Long,Poor
2291,Emirates,2738,158,10,OnTime,-148,Short Haul,Good
2292,Emirates,4852,116,192,Delayed,76,Medium Long,Poor
2293,Lufthansa,3960,29,58,OnTime,29,Medium Long,Poor
2294,Lufthansa,3201,79,116,OnTime,37,Medium Long,Poor
2295,Lufthansa,1346,54,60,Delayed,6,Short Haul,Poor
2296,Delta,7591,85,74,OnTime,-11,Long Haul,Poor
2297,Indigo,3488,86,69,Delayed,-17,Medium Long,Poor
2298,Indigo,9552,41,4,Delayed,-37,Long Haul,Good
2299,Emirates,6193,120,37,OnTime,-83,Medium Long,Poor
2300,Delta,3844,33,68,Delayed,35,Medium Long,Poor
2301,Indigo,3292,36,143,Delayed,107,Medium Long,Poor
2302,Delta,9572,64,71,OnTime,7,Long Haul,Poor
2303,Emirates,4081,16,39,Delayed,23,Medium Long,Poor
2304,Delta,1917,160,102,OnTime,-58,Short Haul,Poor
2305,Indigo,4973,31,167,Delayed,136,Medium Long,Poor
2306,Indigo,7315,126,9,OnTime,-117,Long Haul,Good
2307,Lufthansa,10607,44,30,Delayed,-14,Long Haul,Good
2308,Lufthansa,7143,66,45,OnTime,-21,Long Haul,Poor
2309,Delta,10775,103,175,Delayed,72,Long Haul,Poor
2310,Indigo,2375,20,174,OnTime,154,Short Haul,Poor
2311,Lufthansa,3909,90,171,Delayed,81,Medium Long,Poor
2312,Delta,6236,60,57,OnTime,-3,Medium Long,Poor
2313,Emirates,2096,132,187,OnTime,55,Short Haul,Poor
2314,Lufthansa,1795,51,79,Delayed,28,Short Haul,Poor
2315,Indigo,4218,169,41,Delayed,-128,Medium Long,Poor
2316,Indigo,9910,90,73,OnTime,-17,Long Haul,Poor
2317,Indigo,6766,54,183,OnTime,129,Medium Long,Poor
2318,Delta,10121,109,14,Delayed,-95,Long Haul,Good
2319,Indigo,906,137,159,OnTime,22,Short Haul,Poor
2320,Indigo,2149,4,152,OnTime,148,Short Haul,Poor
2321,Indigo,8586,83,156,OnTime,73,Long Haul,Poor
2322,Indigo,1262,119,77,Delayed,-42,Short Haul,Poor
2323,Lufthansa,11108,147,0,OnTime,-147,Long Haul,Good
2324,Lufthansa,1144,73,54,Delayed,-19,Short Haul,Poor
2325,Emirates,4894,144,38,OnTime,-106,Medium Long,Poor
2326,Delta,4570,58,65,Delayed,7,Medium Long,Poor
2327,Delta,1425,134,36,Delayed,-98,Short Haul,Poor
2328,Delta,10914,51,36,Delayed,-15,Long Haul,Poor
2329,Indigo,2876,19,99,Delayed,80,Short Haul,Poor
2330,Emirates,8442,62,194,OnTime,132,Long Haul,Poor
2331,Delta,7607,159,172,OnTime,13,Long Haul,Poor
2332,Emirates,6338,177,5,OnTime,-172,Medium Long,Good
2333,Emirates,5935,117,127,OnTime,10,Medium Long,Poor
2334,Delta,8839,26,155,OnTime,129,Long Haul,Poor
2335,Delta,4029,124,168,Delayed,44,Medium Long,Poor
2336,Delta,908,139,140,OnTime,1,Short Haul,Poor
2337,Indigo,2411,24,39,Delayed,15,Short Haul,Poor
2338,Lufthansa,7691,7,84,OnTime,77,Long Haul,Poor
2339,Emirates,1539,107,137,OnTime,30,Short Haul,Poor
2340,Emirates,589,80,39,Delayed,-41,Short Haul,Poor
2341,Lufthansa,5302,82,136,OnTime,54,Medium Long,Poor
2342,Emirates,8893,161,175,Delayed,14,Long Haul,Poor
2343,Emirates,7048,97,44,OnTime,-53,Long Haul,Poor
2344,Lufthansa,2727,140,152,Delayed,12,Short Haul,Poor
2345,Indigo,9911,13,144,OnTime,131,Long Haul,Poor
2346,Lufthansa,9671,153,75,OnTime,-78,Long Haul,Poor
2347,Emirates,1973,134,66,Delayed,-68,Short Haul,Poor
2348,Lufthansa,8509,72,33,OnTime,-39,Long Haul,Poor
2349,Lufthansa,4740,7,76,OnTime,69,Medium Long,Poor
2350,Indigo,4182,13,13,Delayed,0,Medium Long,Good
2351,Lufthansa,9679,62,119,OnTime,57,Long Haul,Poor
2352,Indigo,9347,170,119,Delayed,-51,Long Haul,Poor
2353,Delta,5709,131,72,OnTime,-59,Medium Long,Poor
2354,Indigo,4154,24,129,OnTime,105,Medium Long,Poor
2355,Indigo,10545,43,12,OnTime,-31,Long Haul,Good
2356,Emirates,3406,14,172,Delayed,158,Medium Long,Poor
2357,Lufthansa,6552,67,120,OnTime,53,Medium Long,Poor
2358,Delta,3959,144,67,OnTime,-77,Medium Long,Poor
2359,Emirates,7983,174,187,OnTime,13,Long Haul,Poor
2360,Delta,4467,139,62,OnTime,-77,Medium Long,Poor
2361,Indigo,9373,103,134,OnTime,31,Long Haul,Poor
2362,Delta,10854,119,184,Delayed,65,Long Haul,Poor
2363,Indigo,8009,83,150,OnTime,67,Long Haul,Poor
2364,Indigo,2958,95,166,OnTime,71,Short Haul,Poor
2365,Indigo,1621,128,52,Delayed,-76,Short Haul,Poor
2366,Indigo,4609,89,72,Delayed,-17,Medium Long,Poor
2367,Delta,10279,109,64,OnTime,-45,Long Haul,Poor
2368,Lufthansa,6290,121,85,OnTime,-36,Medium Long,Poor
2369,Lufthansa,8381,102,113,Delayed,11,Long Haul,Poor
2370,Delta,3332,28,108,Delayed,80,Medium Long,Poor
2371,Lufthansa,9650,30,130,OnTime,100,Long Haul,Poor
2372,Indigo,9469,82,59,Delayed,-23,Long Haul,Poor
2373,Indigo,2350,72,63,Delayed,-9,Short Haul,Poor
2374,Delta,4524,7,121,Delayed,114,Medium Long,Poor
2375,Indigo,7521,168,130,Delayed,-38,Long Haul,Poor
2376,Delta,7455,83,4,OnTime,-79,Long Haul,Good
2377,Indigo,8068,159,30,Delayed,-129,Long Haul,Good
2378,Indigo,2752,172,66,OnTime,-106,Short Haul,Poor
2379,Delta,5227,114,148,OnTime,34,Medium Long,Poor
2380,Indigo,9480,95,0,OnTime,-95,Long Haul,Good
2381,Delta,11204,90,112,Delayed,22,Long Haul,Poor
2382,Emirates,11029,80,13,OnTime,-67,Long Haul,Good
2383,Indigo,2346,46,4,Delayed,-42,Short Haul,Good
2384,Emirates,2507,28,120,Delayed,92,Short Haul,Poor
2385,Indigo,5937,144,179,Delayed,35,Medium Long,Poor
2386,Delta,11659,110,144,Delayed,34,Long Haul,Poor
2387,Indigo,7047,163,76,Delayed,-87,Long Haul,Poor
2388,Emirates,653,67,135,OnTime,68,Short Haul,Poor
2389,Indigo,9680,156,189,Delayed,33,Long Haul,Poor
2390,Indigo,5919,175,37,OnTime,-138,Medium Long,Poor
2391,Lufthansa,2328,139,139,OnTime,0,Short Haul,Poor
2392,Emirates,6500,150,53,OnTime,-97,Medium Long,Poor
2393,Indigo,5691,13,61,Delayed,48,Medium Long,Poor
2394,Indigo,5842,120,133,Delayed,13,Medium Long,Poor
2395,Emirates,1348,47,169,OnTime,122,Short Haul,Poor
2396,Emirates,1802,94,165,Delayed,71,Short Haul,Poor
2397,Delta,2124,31,54,OnTime,23,Short Haul,Poor
2398,Delta,5777,166,172,Delayed,6,Medium Long,Poor
2399,Lufthansa,1821,66,107,Delayed,41,Short Haul,Poor
2400,Indigo,10806,150,11,OnTime,-139,Long Haul,Good
2401,Emirates,667,102,92,Delayed,-10,Short Haul,Poor
2402,Delta,6700,132,109,OnTime,-23,Medium Long,Poor
2403,Lufthansa,9632,50,83,OnTime,33,Long Haul,Poor
2404,Lufthansa,9636,128,175,Delayed,47,Long Haul,Poor
2405,Lufthansa,3050,39,148,OnTime,109,Medium Long,Poor
2406,Emirates,1510,4,104,Delayed,100,Short Haul,Poor
2407,Delta,9234,91,133,Delayed,42,Long Haul,Poor
2408,Indigo,9200,121,43,OnTime,-78,Long Haul,Poor
2409,Lufthansa,9753,126,153,Delayed,27,Long Haul,Poor
2410,Emirates,7273,77,23,OnTime,-54,Long Haul,Good
2411,Emirates,4680,174,116,Delayed,-58,Medium Long,Poor
2412,Delta,5250,118,120,Delayed,2,Medium Long,Poor
2413,Emirates,1027,74,84,OnTime,10,Short Haul,Poor
2414,Emirates,6098,69,183,Delayed,114,Medium Long,Poor
2415,Lufthansa,4771,38,69,OnTime,31,Medium Long,Poor
2416,Indigo,645,178,190,OnTime,12,Short Haul,Poor
2417,Delta,1084,9,82,OnTime,73,Short Haul,Poor
2418,Lufthansa,2707,67,134,OnTime,67,Short Haul,Poor
2419,Emirates,3599,166,139,OnTime,-27,Medium Long,Poor
2420,Lufthansa,1876,137,1,Delayed,-136,Short Haul,Good
2421,Lufthansa,5928,134,77,Delayed,-57,Medium Long,Poor
2422,Lufthansa,8051,125,166,OnTime,41,Long Haul,Poor
2423,Delta,3460,27,182,Delayed,155,Medium Long,Poor
2424,Indigo,11991,66,126,Delayed,60,Long Haul,Poor
2425,Delta,2831,119,26,Delayed,-93,Short Haul,Good
2426,Emirates,3020,96,52,OnTime,-44,Medium Long,Poor
2427,Indigo,3749,82,182,OnTime,100,Medium Long,Poor
2428,Lufthansa,9226,52,146,Delayed,94,Long Haul,Poor
2429,Emirates,7661,8,81,Delayed,73,Long Haul,Poor
2430,Delta,222,28,181,Delayed,153,Short Haul,Poor
2431,Emirates,2397,119,21,OnTime,-98,Short Haul,Good
2432,Delta,10013,42,146,Delayed,104,Long Haul,Poor
2433,Emirates,11656,32,44,Delayed,12,Long Haul,Poor
2434,Indigo,7524,3,187,OnTime,184,Long Haul,Poor
2435,Emirates,5291,100,49,Delayed,-51,Medium Long,Poor
2436,Delta,704,31,94,Delayed,63,Short Haul,Poor
2437,Delta,10868,122,62,Delayed,-60,Long Haul,Poor
2438,Indigo,10300,90,13,OnTime,-77,Long Haul,Good
2439,Lufthansa,8366,12,152,Delayed,140,Long Haul,Poor
2440,Indigo,10688,173,127,OnTime,-46,Long Haul,Poor
2441,Delta,7177,23,10,OnTime,-13,Long Haul,Good
2442,Lufthansa,7150,87,159,OnTime,72,Long Haul,Poor
2443,Indigo,6665,129,20,OnTime,-109,Medium Long,Good
2444,Delta,10894,70,85,OnTime,15,Long Haul,Poor
2445,Indigo,826,111,132,Delayed,21,Short Haul,Poor
2446,Indigo,1287,132,20,Delayed,-112,Short Haul,Good
2447,Lufthansa,1840,121,147,OnTime,26,Short Haul,Poor
2448,Lufthansa,9206,170,159,Delayed,-11,Long Haul,Poor
2449,Indigo,5363,43,143,OnTime,100,Medium Long,Poor
2450,Lufthansa,1502,172,43,Delayed,-129,Short Haul,Poor
2451,Indigo,5915,116,143,OnTime,27,Medium Long,Poor
2452,Delta,2860,80,63,OnTime,-17,Short Haul,Poor
2453,Emirates,11798,88,55,Delayed,-33,Long Haul,Poor
2454,Delta,5701,174,156,Delayed,-18,Medium Long,Poor
2455,Delta,10481,6,10,Delayed,4,Long Haul,Good
2456,Delta,3546,13,9,OnTime,-4,Medium Long,Good
2457,Indigo,9081,8,51,Delayed,43,Long Haul,Poor
2458,Indigo,5744,161,20,OnTime,-141,Medium Long,Good
2459,Lufthansa,9269,94,178,Delayed,84,Long Haul,Poor
2460,Indigo,11107,143,37,Delayed,-106,Long Haul,Poor
2461,Delta,8315,153,176,Delayed,23,Long Haul,Poor
2462,Indigo,8242,7,8,OnTime,1,Long Haul,Good
2463,Indigo,9916,102,136,OnTime,34,Long Haul,Poor
2464,Lufthansa,3944,56,75,Delayed,19,Medium Long,Poor
2465,Lufthansa,6357,86,177,OnTime,91,Medium Long,Poor
2466,Lufthansa,9097,75,116,Delayed,41,Long Haul,Poor
2467,Emirates,1170,34,186,Delayed,152,Short Haul,Poor
2468,Emirates,10801,93,40,OnTime,-53,Long Haul,Poor
2469,Emirates,10550,40,45,Delayed,5,Long Haul,Poor
2470,Delta,7406,101,178,OnTime,77,Long Haul,Poor
2471,Delta,8022,139,64,OnTime,-75,Long Haul,Poor
2472,Lufthansa,11099,34,198,OnTime,164,Long Haul,Poor
2473,Emirates,6464,174,173,OnTime,-1,Medium Long,Poor
2474,Lufthansa,8720,97,65,OnTime,-32,Long Haul,Poor
2475,Emirates,4313,3,99,Delayed,96,Medium Long,Poor
2476,Delta,7074,13,22,OnTime,9,Long Haul,Good
2477,Delta,4493,131,90,OnTime,-41,Medium Long,Poor
2478,Emirates,7174,92,119,OnTime,27,Long Haul,Poor
2479,Delta,3755,120,9,OnTime,-111,Medium Long,Good
2480,Delta,7367,131,54,OnTime,-77,Long Haul,Poor
2481,Emirates,10785,38,126,Delayed,88,Long Haul,Poor
2482,Lufthansa,7619,64,69,Delayed,5,Long Haul,Poor
2483,Indigo,7079,111,87,Delayed,-24,Long Haul,Poor
2484,Lufthansa,11488,62,88,Delayed,26,Long Haul,Poor
2485,Indigo,6580,9,7,Delayed,-2,Medium Long,Good
2486,Emirates,4565,100,111,Delayed,11,Medium Long,Poor
2487,Indigo,1774,129,7,OnTime,-122,Short Haul,Good
2488,Delta,1833,125,159,Delayed,34,Short Haul,Poor
2489,Emirates,2174,114,46,Delayed,-68,Short Haul,Poor
2490,Emirates,1001,157,87,OnTime,-70,Short Haul,Poor
2491,Delta,1724,23,158,Delayed,135,Short Haul,Poor
2492,Delta,8541,145,188,OnTime,43,Long Haul,Poor
2493,Emirates,2826,69,141,Delayed,72,Short Haul,Poor
2494,Emirates,5383,54,11,Delayed,-43,Medium Long,Good
2495,Delta,1201,65,172,OnTime,107,Short Haul,Poor
2496,Lufthansa,5916,133,113,OnTime,-20,Medium Long,Poor
2497,Delta,8992,174,109,OnTime,-65,Long Haul,Poor
2498,Indigo,9949,133,179,Delayed,46,Long Haul,Poor
2499,Emirates,1915,63,6,Delayed,-57,Short Haul,Good
2500,Delta,3893,24,162,OnTime,138,Medium Long,Poor
2501,Delta,5704,79,161,OnTime,82,Medium Long,Poor
2502,Delta,9103,112,110,OnTime,-2,Long Haul,Poor
2503,Delta,3006,131,16,OnTime,-115,Medium Long,Good
2504,Emirates,11908,115,25,OnTime,-90,Long Haul,Good
2505,Delta,595,38,86,Delayed,48,Short Haul,Poor
2506,Indigo,9333,48,39,OnTime,-9,Long Haul,Poor
2507,Indigo,4629,153,167,OnTime,14,Medium Long,Poor
2508,Indigo,8416,15,159,OnTime,144,Long Haul,Poor
2509,Delta,4432,59,175,Delayed,116,Medium Long,Poor
2510,Indigo,8248,49,148,OnTime,99,Long Haul,Poor
2511,Emirates,9428,10,105,OnTime,95,Long Haul,Poor
2512,Emirates,4150,66,181,Delayed,115,Medium Long,Poor
2513,Delta,10375,174,93,Delayed,-81,Long Haul,Poor
2514,Emirates,2295,177,85,OnTime,-92,Short Haul,Poor
2515,Indigo,1951,108,185,OnTime,77,Short Haul,Poor
2516,Delta,7887,57,65,Delayed,8,Long Haul,Poor
2517,Indigo,5391,118,198,OnTime,80,Medium Long,Poor
2518,Lufthansa,2410,123,180,OnTime,57,Short Haul,Poor
2519,Lufthansa,11345,111,133,Delayed,22,Long Haul,Poor
2520,Delta,10902,53,191,Delayed,138,Long Haul,Poor
2521,Delta,11842,136,137,OnTime,1,Long Haul,Poor
2522,Indigo,2746,3,132,Delayed,129,Short Haul,Poor
2523,Delta,443,14,71,Delayed,57,Short Haul,Poor
2524,Emirates,5869,123,188,Delayed,65,Medium Long,Poor
2525,Indigo,2948,54,115,Delayed,61,Short Haul,Poor
2526,Lufthansa,256,32,19,Delayed,-13,Short Haul,Good
2527,Delta,2576,123,185,Delayed,62,Short Haul,Poor
2528,Delta,9052,136,121,Delayed,-15,Long Haul,Poor
2529,Lufthansa,4513,98,150,OnTime,52,Medium Long,Poor
2530,Emirates,8420,1,136,OnTime,135,Long Haul,Poor
2531,Delta,2239,104,3,Delayed,-101,Short Haul,Good
2532,Lufthansa,1739,9,111,OnTime,102,Short Haul,Poor
2533,Indigo,4831,58,166,OnTime,108,Medium Long,Poor
2534,Emirates,2910,150,6,OnTime,-144,Short Haul,Good
2535,Indigo,8279,149,78,Delayed,-71,Long Haul,Poor
2536,Indigo,7095,79,132,OnTime,53,Long Haul,Poor
2537,Lufthansa,1796,129,132,OnTime,3,Short Haul,Poor
2538,Delta,3669,134,141,OnTime,7,Medium Long,Poor
2539,Lufthansa,3900,47,8,Delayed,-39,Medium Long,Good
2540,Emirates,4419,55,108,Delayed,53,Medium Long,Poor
2541,Delta,11723,37,154,OnTime,117,Long Haul,Poor
2542,Lufthansa,565,4,171,Delayed,167,Short Haul,Poor
2543,Emirates,767,163,74,OnTime,-89,Short Haul,Poor
2544,Emirates,7778,157,188,OnTime,31,Long Haul,Poor
2545,Indigo,5894,168,6,Delayed,-162,Medium Long,Good
2546,Emirates,9815,138,126,Delayed,-12,Long Haul,Poor
2547,Indigo,9546,123,197,OnTime,74,Long Haul,Poor
2548,Indigo,5983,27,163,Delayed,136,Medium Long,Poor
2549,Delta,2431,122,157,Delayed,35,Short Haul,Poor
2550,Delta,9396,6,151,Delayed,145,Long Haul,Poor
2551,Lufthansa,9343,86,173,OnTime,87,Long Haul,Poor
2552,Delta,9751,135,115,OnTime,-20,Long Haul,Poor
2553,Delta,8943,108,121,Delayed,13,Long Haul,Poor
2554,Emirates,11789,15,110,OnTime,95,Long Haul,Poor
2555,Lufthansa,5548,31,23,Delayed,-8,Medium Long,Good
2556,Emirates,9044,108,147,OnTime,39,Long Haul,Poor
2557,Indigo,10632,41,138,Delayed,97,Long Haul,Poor
2558,Lufthansa,8992,54,168,Delayed,114,Long Haul,Poor
2559,Emirates,4574,133,122,OnTime,-11,Medium Long,Poor
2560,Delta,10894,59,111,Delayed,52,Long Haul,Poor
2561,Delta,10018,26,149,Delayed,123,Long Haul,Poor
2562,Lufthansa,1494,65,183,OnTime,118,Short Haul,Poor
2563,Lufthansa,6629,74,124,Delayed,50,Medium Long,Poor
2564,Lufthansa,11901,176,27,Delayed,-149,Long Haul,Good
2565,Emirates,8082,167,166,OnTime,-1,Long Haul,Poor
2566,Indigo,434,56,162,OnTime,106,Short Haul,Poor
2567,Emirates,8073,77,69,OnTime,-8,Long Haul,Poor
2568,Emirates,10859,22,137,Delayed,115,Long Haul,Poor
2569,Indigo,3032,63,124,OnTime,61,Medium Long,Poor
2570,Emirates,694,22,32,OnTime,10,Short Haul,Poor
2571,Delta,2841,32,170,OnTime,138,Short Haul,Poor
2572,Indigo,11105,145,139,OnTime,-6,Long Haul,Poor
2573,Delta,5842,80,171,OnTime,91,Medium Long,Poor
2574,Lufthansa,8538,45,172,OnTime,127,Long Haul,Poor
2575,Indigo,4512,18,27,Delayed,9,Medium Long,Good
2576,Indigo,5203,153,103,Delayed,-50,Medium Long,Poor
2577,Lufthansa,4294,41,105,Delayed,64,Medium Long,Poor
2578,Lufthansa,464,14,128,Delayed,114,Short Haul,Poor
2579,Emirates,10395,59,41,Delayed,-18,Long Haul,Poor
2580,Emirates,5079,177,82,OnTime,-95,Medium Long,Poor
2581,Lufthansa,11915,30,127,OnTime,97,Long Haul,Poor
2582,Indigo,4363,153,191,OnTime,38,Medium Long,Poor
2583,Lufthansa,3342,168,118,Delayed,-50,Medium Long,Poor
2584,Indigo,288,9,15,OnTime,6,Short Haul,Good
2585,Indigo,8456,170,93,Delayed,-77,Long Haul,Poor
2586,Indigo,1977,33,120,Delayed,87,Short Haul,Poor
2587,Emirates,5627,154,16,OnTime,-138,Medium Long,Good
2588,Delta,3134,138,19,Delayed,-119,Medium Long,Good
2589,Lufthansa,11933,134,50,Delayed,-84,Long Haul,Poor
2590,Delta,2203,2,159,Delayed,157,Short Haul,Poor
2591,Lufthansa,3527,89,82,Delayed,-7,Medium Long,Poor
2592,Emirates,5024,113,192,Delayed,79,Medium Long,Poor
2593,Emirates,2836,61,55,Delayed,-6,Short Haul,Poor
2594,Delta,9605,17,62,Delayed,45,Long Haul,Poor
2595,Delta,469,12,196,Delayed,184,Short Haul,Poor
2596,Delta,3654,70,131,Delayed,61,Medium Long,Poor
2597,Emirates,8402,152,176,Delayed,24,Long Haul,Poor
2598,Delta,367,167,87,OnTime,-80,Short Haul,Poor
2599,Delta,432,39,133,Delayed,94,Short Haul,Poor
2600,Emirates,702,15,141,OnTime,126,Short Haul,Poor
2601,Delta,4770,134,40,OnTime,-94,Medium Long,Poor
2602,Emirates,9732,10,15,Delayed,5,Long Haul,Good
2603,Emirates,7142,81,179,OnTime,98,Long Haul,Poor
2604,Emirates,6245,51,113,Delayed,62,Medium Long,Poor
2605,Emirates,7429,170,12,OnTime,-158,Long Haul,Good
2606,Delta,4218,87,170,Delayed,83,Medium Long,Poor
2607,Lufthansa,2931,158,92,Delayed,-66,Short Haul,Poor
2608,Emirates,6725,136,93,Delayed,-43,Medium Long,Poor
2609,Lufthansa,6203,64,4,Delayed,-60,Medium Long,Good
2610,Delta,10395,124,142,OnTime,18,Long Haul,Poor
2611,Emirates,1590,148,53,Delayed,-95,Short Haul,Poor
2612,Indigo,11946,108,47,OnTime,-61,Long Haul,Poor
2613,Emirates,10612,101,117,OnTime,16,Long Haul,Poor
2614,Emirates,1813,102,52,Delayed,-50,Short Haul,Poor
2615,Delta,9306,0,113,OnTime,113,Long Haul,Poor
2616,Delta,2081,103,3,Delayed,-100,Short Haul,Good
2617,Lufthansa,9115,178,99,Delayed,-79,Long Haul,Poor
2618,Delta,3489,29,178,Delayed,149,Medium Long,Poor
2619,Emirates,5794,14,87,OnTime,73,Medium Long,Poor
2620,Indigo,1222,25,97,OnTime,72,Short Haul,Poor
2621,Indigo,4547,48,74,OnTime,26,Medium Long,Poor
2622,Delta,1297,46,100,OnTime,54,Short Haul,Poor
2623,Emirates,8506,18,10,OnTime,-8,Long Haul,Good
2624,Emirates,2524,116,115,OnTime,-1,Short Haul,Poor
2625,Delta,2884,150,156,OnTime,6,Short Haul,Poor
2626,Delta,6483,140,48,OnTime,-92,Medium Long,Poor
2627,Delta,2340,161,4,OnTime,-157,Short Haul,Good
2628,Emirates,8094,85,67,Delayed,-18,Long Haul,Poor
2629,Delta,226,133,58,OnTime,-75,Short Haul,Poor
2630,Lufthansa,3125,155,195,OnTime,40,Medium Long,Poor
2631,Indigo,5597,64,18,OnTime,-46,Medium Long,Good
2632,Lufthansa,2339,165,167,OnTime,2,Short Haul,Poor
2633,Delta,11335,17,59,OnTime,42,Long Haul,Poor
2634,Delta,10128,46,101,Delayed,55,Long Haul,Poor
2635,Lufthansa,11131,22,154,OnTime,132,Long Haul,Poor
2636,Delta,9422,155,188,Delayed,33,Long Haul,Poor
2637,Indigo,9876,7,56,Delayed,49,Long Haul,Poor
2638,Indigo,11574,108,47,OnTime,-61,Long Haul,Poor
2639,Emirates,10881,1,39,OnTime,38,Long Haul,Poor
2640,Indigo,4933,170,128,OnTime,-42,Medium Long,Poor
2641,Emirates,6216,13,157,OnTime,144,Medium Long,Poor
2642,Lufthansa,1195,54,18,OnTime,-36,Short Haul,Good
2643,Indigo,4563,139,89,Delayed,-50,Medium Long,Poor
2644,Indigo,4862,56,197,OnTime,141,Medium Long,Poor
2645,Emirates,2418,119,92,Delayed,-27,Short Haul,Poor
2646,Indigo,5626,54,107,OnTime,53,Medium Long,Poor
2647,Emirates,3855,22,1,OnTime,-21,Medium Long,Good
2648,Delta,7152,154,64,Delayed,-90,Long Haul,Poor
2649,Delta,7303,51,170,OnTime,119,Long Haul,Poor
2650,Lufthansa,10469,49,4,OnTime,-45,Long Haul,Good
2651,Indigo,7061,13,135,OnTime,122,Long Haul,Poor
2652,Lufthansa,4529,171,196,OnTime,25,Medium Long,Poor
2653,Emirates,8707,90,60,Delayed,-30,Long Haul,Poor
2654,Lufthansa,5776,154,187,OnTime,33,Medium Long,Poor
2655,Indigo,5074,109,100,OnTime,-9,Medium Long,Poor
2656,Delta,6213,82,67,OnTime,-15,Medium Long,Poor
2657,Emirates,5135,96,169,OnTime,73,Medium Long,Poor
2658,Lufthansa,6331,74,94,OnTime,20,Medium Long,Poor
2659,Lufthansa,9422,7,84,Delayed,77,Long Haul,Poor
2660,Indigo,11354,146,33,Delayed,-113,Long Haul,Poor
2661,Delta,4391,127,24,OnTime,-103,Medium Long,Good
2662,Emirates,5199,86,33,OnTime,-53,Medium Long,Poor
2663,Delta,1697,126,20,OnTime,-106,Short Haul,Good
2664,Lufthansa,5067,40,2,OnTime,-38,Medium Long,Good
2665,Indigo,7962,111,188,Delayed,77,Long Haul,Poor
2666,Emirates,7817,166,76,OnTime,-90,Long Haul,Poor
2667,Lufthansa,10585,117,32,OnTime,-85,Long Haul,Poor
2668,Lufthansa,5073,154,174,OnTime,20,Medium Long,Poor
2669,Indigo,10130,109,99,Delayed,-10,Long Haul,Poor
2670,Emirates,3072,178,34,OnTime,-144,Medium Long,Poor
2671,Emirates,2069,118,60,OnTime,-58,Short Haul,Poor
2672,Indigo,612,171,160,Delayed,-11,Short Haul,Poor
2673,Delta,10791,80,31,Delayed,-49,Long Haul,Poor
2674,Emirates,5750,168,65,Delayed,-103,Medium Long,Poor
2675,Emirates,6935,105,41,Delayed,-64,Medium Long,Poor
2676,Indigo,2876,74,52,Delayed,-22,Short Haul,Poor
2677,Indigo,1697,91,99,OnTime,8,Short Haul,Poor
2678,Delta,11676,169,110,OnTime,-59,Long Haul,Poor
2679,Delta,4286,120,43,OnTime,-77,Medium Long,Poor
2680,Emirates,5169,132,29,Delayed,-103,Medium Long,Good
2681,Emirates,9146,87,174,Delayed,87,Long Haul,Poor
2682,Indigo,916,104,39,Delayed,-65,Short Haul,Poor
2683,Delta,3330,132,36,Delayed,-96,Medium Long,Poor
2684,Lufthansa,9268,102,134,OnTime,32,Long Haul,Poor
2685,Lufthansa,1678,36,192,OnTime,156,Short Haul,Poor
2686,Delta,5534,116,74,Delayed,-42,Medium Long,Poor
2687,Lufthansa,2728,57,145,Delayed,88,Short Haul,Poor
2688,Delta,11147,112,186,OnTime,74,Long Haul,Poor
2689,Indigo,4010,173,159,Delayed,-14,Medium Long,Poor
2690,Indigo,6480,58,40,OnTime,-18,Medium Long,Poor
2691,Lufthansa,8983,113,128,OnTime,15,Long Haul,Poor
2692,Emirates,11477,151,123,OnTime,-28,Long Haul,Poor
2693,Emirates,5052,128,141,OnTime,13,Medium Long,Poor
2694,Emirates,10866,113,160,OnTime,47,Long Haul,Poor
2695,Delta,8805,103,1,OnTime,-102,Long Haul,Good
2696,Delta,8623,104,15,Delayed,-89,Long Haul,Good
2697,Delta,526,0,184,OnTime,184,Short Haul,Poor
2698,Emirates,3602,167,135,OnTime,-32,Medium Long,Poor
2699,Delta,9271,138,23,Delayed,-115,Long Haul,Good
2700,Indigo,7426,31,53,OnTime,22,Long Haul,Poor
2701,Indigo,11484,141,174,Delayed,33,Long Haul,Poor
2702,Delta,2194,23,129,OnTime,106,Short Haul,Poor
2703,Emirates,4281,146,28,Delayed,-118,Medium Long,Good
2704,Emirates,2714,149,88,OnTime,-61,Short Haul,Poor
2705,Delta,11535,18,50,Delayed,32,Long Haul,Poor
2706,Delta,6597,82,88,Delayed,6,Medium Long,Poor
2707,Indigo,1747,97,169,Delayed,72,Short Haul,Poor
2708,Emirates,8887,85,126,Delayed,41,Long Haul,Poor
2709,Indigo,4151,13,102,Delayed,89,Medium Long,Poor
2710,Emirates,4313,2,130,Delayed,128,Medium Long,Poor
2711,Emirates,6154,150,85,OnTime,-65,Medium Long,Poor
2712,Indigo,2639,9,61,OnTime,52,Short Haul,Poor
2713,Indigo,11038,46,123,Delayed,77,Long Haul,Poor
2714,Lufthansa,10131,30,76,Delayed,46,Long Haul,Poor
2715,Delta,5057,108,145,Delayed,37,Medium Long,Poor
2716,Emirates,4899,107,63,Delayed,-44,Medium Long,Poor
2717,Emirates,10253,89,154,OnTime,65,Long Haul,Poor
2718,Indigo,11306,17,137,OnTime,120,Long Haul,Poor
2719,Delta,6297,79,30,OnTime,-49,Medium Long,Good
2720,Indigo,9872,68,6,OnTime,-62,Long Haul,Good
2721,Emirates,6194,145,24,Delayed,-121,Medium Long,Good
2722,Emirates,8171,144,30,Delayed,-114,Long Haul,Good
2723,Lufthansa,7741,38,47,OnTime,9,Long Haul,Poor
2724,Lufthansa,4374,99,87,Delayed,-12,Medium Long,Poor
2725,Lufthansa,3390,125,36,OnTime,-89,Medium Long,Poor
2726,Delta,7248,25,0,OnTime,-25,Long Haul,Good
2727,Emirates,11647,127,126,Delayed,-1,Long Haul,Poor
2728,Indigo,927,112,50,OnTime,-62,Short Haul,Poor
2729,Lufthansa,9123,138,53,OnTime,-85,Long Haul,Poor
2730,Emirates,4601,174,81,OnTime,-93,Medium Long,Poor
2731,Indigo,10968,18,70,Delayed,52,Long Haul,Poor
2732,Lufthansa,11845,106,21,OnTime,-85,Long Haul,Good
2733,Lufthansa,2199,67,39,OnTime,-28,Short Haul,Poor
2734,Emirates,8019,56,75,Delayed,19,Long Haul,Poor
2735,Delta,9301,44,117,Delayed,73,Long Haul,Poor
2736,Delta,1595,10,95,Delayed,85,Short Haul,Poor
2737,Delta,10868,140,122,OnTime,-18,Long Haul,Poor
2738,Indigo,6475,1,63,Delayed,62,Medium Long,Poor
2739,Delta,3567,99,164,Delayed,65,Medium Long,Poor
2740,Indigo,6986,135,79,Delayed,-56,Medium Long,Poor
2741,Emirates,11876,26,60,Delayed,34,Long Haul,Poor
2742,Lufthansa,9708,53,180,Delayed,127,Long Haul,Poor
2743,Emirates,8788,145,130,Delayed,-15,Long Haul,Poor
2744,Delta,5958,60,34,Delayed,-26,Medium Long,Poor
2745,Indigo,7914,72,22,OnTime,-50,Long Haul,Good
2746,Emirates,10639,88,68,OnTime,-20,Long Haul,Poor
2747,Lufthansa,5379,41,186,OnTime,145,Medium Long,Poor
2748,Delta,2247,31,74,Delayed,43,Short Haul,Poor
2749,Delta,9493,105,89,Delayed,-16,Long Haul,Poor
2750,Delta,5645,171,87,Delayed,-84,Medium Long,Poor
2751,Indigo,871,30,167,Delayed,137,Short Haul,Poor
2752,Lufthansa,1000,29,19,Delayed,-10,Short Haul,Good
2753,Delta,8290,151,121,OnTime,-30,Long Haul,Poor
2754,Delta,6822,88,130,OnTime,42,Medium Long,Poor
2755,Lufthansa,10215,46,7,OnTime,-39,Long Haul,Good
2756,Lufthansa,6698,115,116,Delayed,1,Medium Long,Poor
2757,Delta,9158,154,30,Delayed,-124,Long Haul,Good
2758,Lufthansa,5686,101,196,Delayed,95,Medium Long,Poor
2759,Lufthansa,3466,82,152,OnTime,70,Medium Long,Poor
2760,Lufthansa,2612,61,11,Delayed,-50,Short Haul,Good
2761,Emirates,11512,166,45,OnTime,-121,Long Haul,Poor
2762,Indigo,3028,148,187,Delayed,39,Medium Long,Poor
2763,Emirates,9331,149,92,Delayed,-57,Long Haul,Poor
2764,Lufthansa,11852,68,55,OnTime,-13,Long Haul,Poor
2765,Delta,3556,168,120,Delayed,-48,Medium Long,Poor
2766,Lufthansa,3146,90,17,Delayed,-73,Medium Long,Good
2767,Lufthansa,2497,13,184,Delayed,171,Short Haul,Poor
2768,Emirates,9454,136,185,Delayed,49,Long Haul,Poor
2769,Delta,2797,76,196,OnTime,120,Short Haul,Poor
2770,Indigo,2637,68,88,OnTime,20,Short Haul,Poor
2771,Indigo,1788,52,21,OnTime,-31,Short Haul,Good
2772,Emirates,4146,92,41,OnTime,-51,Medium Long,Poor
2773,Emirates,8393,38,172,Delayed,134,Long Haul,Poor
2774,Emirates,9774,136,149,OnTime,13,Long Haul,Poor
2775,Indigo,520,94,26,OnTime,-68,Short Haul,Good
2776,Delta,5048,64,73,OnTime,9,Medium Long,Poor
2777,Indigo,8230,119,185,Delayed,66,Long Haul,Poor
2778,Indigo,6208,35,163,Delayed,128,Medium Long,Poor
2779,Indigo,5705,35,162,Delayed,127,Medium Long,Poor
2780,Emirates,11106,109,161,OnTime,52,Long Haul,Poor
2781,Delta,8650,86,158,OnTime,72,Long Haul,Poor
2782,Emirates,1415,156,7,Delayed,-149,Short Haul,Good
2783,Delta,5010,97,25,OnTime,-72,Medium Long,Good
2784,Indigo,8198,123,25,OnTime,-98,Long Haul,Good
2785,Indigo,11792,34,198,OnTime,164,Long Haul,Poor
2786,Emirates,9400,97,161,OnTime,64,Long Haul,Poor
2787,Lufthansa,11226,124,36,OnTime,-88,Long Haul,Poor
2788,Delta,5101,42,19,OnTime,-23,Medium Long,Good
2789,Emirates,10683,97,91,OnTime,-6,Long Haul,Poor
2790,Delta,11845,51,31,Delayed,-20,Long Haul,Poor
2791,Emirates,8499,141,136,OnTime,-5,Long Haul,Poor
2792,Emirates,3123,76,5,OnTime,-71,Medium Long,Good
2793,Indigo,3562,47,134,Delayed,87,Medium Long,Poor
2794,Delta,5386,139,81,OnTime,-58,Medium Long,Poor
2795,Lufthansa,1067,129,196,OnTime,67,Short Haul,Poor
2796,Indigo,9093,131,85,Delayed,-46,Long Haul,Poor
2797,Emirates,4340,98,170,Delayed,72,Medium Long,Poor
2798,Lufthansa,4417,104,24,OnTime,-80,Medium Long,Good
2799,Lufthansa,1739,150,0,Delayed,-150,Short Haul,Good
2800,Delta,2999,149,71,OnTime,-78,Short Haul,Poor
2801,Lufthansa,10377,25,176,OnTime,151,Long Haul,Poor
2802,Lufthansa,8210,45,8,OnTime,-37,Long Haul,Good
2803,Emirates,7253,2,39,Delayed,37,Long Haul,Poor
2804,Lufthansa,6089,7,55,OnTime,48,Medium Long,Poor
2805,Emirates,7999,100,188,OnTime,88,Long Haul,Poor
2806,Lufthansa,3912,55,110,Delayed,55,Medium Long,Poor
2807,Delta,11237,41,6,OnTime,-35,Long Haul,Good
2808,Delta,3260,117,40,Delayed,-77,Medium Long,Poor
2809,Emirates,2672,169,16,OnTime,-153,Short Haul,Good
2810,Lufthansa,9444,125,25,Delayed,-100,Long Haul,Good
2811,Emirates,834,94,153,Delayed,59,Short Haul,Poor
2812,Delta,9984,34,177,Delayed,143,Long Haul,Poor
2813,Indigo,2795,40,126,OnTime,86,Short Haul,Poor
2814,Lufthansa,3880,67,89,OnTime,22,Medium Long,Poor
2815,Indigo,3961,2,8,Delayed,6,Medium Long,Good
2816,Delta,7520,21,30,Delayed,9,Long Haul,Good
2817,Indigo,5378,1,69,Delayed,68,Medium Long,Poor
2818,Lufthansa,7640,146,67,OnTime,-79,Long Haul,Poor
2819,Indigo,11933,165,2,OnTime,-163,Long Haul,Good
2820,Indigo,11092,29,64,Delayed,35,Long Haul,Poor
2821,Emirates,11028,142,52,OnTime,-90,Long Haul,Poor
2822,Emirates,7557,165,173,OnTime,8,Long Haul,Poor
2823,Emirates,904,130,153,OnTime,23,Short Haul,Poor
2824,Emirates,5263,130,91,OnTime,-39,Medium Long,Poor
2825,Emirates,7055,166,37,Delayed,-129,Long Haul,Poor
2826,Lufthansa,2256,79,83,Delayed,4,Short Haul,Poor
2827,Delta,527,106,160,OnTime,54,Short Haul,Poor
2828,Indigo,9295,133,22,Delayed,-111,Long Haul,Good
2829,Delta,3528,76,129,Delayed,53,Medium Long,Poor
2830,Delta,11558,54,27,Delayed,-27,Long Haul,Good
2831,Emirates,9830,113,139,Delayed,26,Long Haul,Poor
2832,Emirates,7749,112,109,OnTime,-3,Long Haul,Poor
2833,Indigo,10016,109,28,Delayed,-81,Long Haul,Good
2834,Lufthansa,7023,153,77,Delayed,-76,Long Haul,Poor
2835,Delta,5520,51,57,OnTime,6,Medium Long,Poor
2836,Emirates,2753,42,91,OnTime,49,Short Haul,Poor
2837,Indigo,8864,133,160,OnTime,27,Long Haul,Poor
2838,Indigo,2271,34,49,Delayed,15,Short Haul,Poor
2839,Lufthansa,2867,0,160,OnTime,160,Short Haul,Poor
2840,Emirates,4613,88,63,Delayed,-25,Medium Long,Poor
2841,Indigo,1101,104,126,Delayed,22,Short Haul,Poor
2842,Indigo,4792,34,11,Delayed,-23,Medium Long,Good
2843,Lufthansa,6701,17,117,Delayed,100,Medium Long,Poor
2844,Delta,7338,76,167,Delayed,91,Long Haul,Poor
2845,Emirates,2402,90,140,OnTime,50,Short Haul,Poor
2846,Delta,5717,72,49,OnTime,-23,Medium Long,Poor
2847,Indigo,1193,114,55,Delayed,-59,Short Haul,Poor
2848,Indigo,5996,136,70,Delayed,-66,Medium Long,Poor
2849,Emirates,1943,13,22,Delayed,9,Short Haul,Good
2850,Lufthansa,324,60,194,Delayed,134,Short Haul,Poor
2851,Lufthansa,680,178,76,Delayed,-102,Short Haul,Poor
2852,Indigo,10033,10,54,OnTime,44,Long Haul,Poor
2853,Delta,8010,49,82,Delayed,33,Long Haul,Poor
2854,Delta,3060,110,135,OnTime,25,Medium Long,Poor
2855,Emirates,7035,172,16,Delayed,-156,Long Haul,Good
2856,Indigo,2392,133,72,Delayed,-61,Short Haul,Poor
2857,Delta,2390,171,177,OnTime,6,Short Haul,Poor
2858,Delta,8470,48,112,Delayed,64,Long Haul,Poor
2859,Emirates,7998,165,77,OnTime,-88,Long Haul,Poor
2860,Lufthansa,2141,31,34,Delayed,3,Short Haul,Poor
2861,Indigo,11105,88,115,Delayed,27,Long Haul,Poor
2862,Lufthansa,9191,119,151,OnTime,32,Long Haul,Poor
2863,Indigo,10721,42,177,Delayed,135,Long Haul,Poor
2864,Delta,8590,56,145,OnTime,89,Long Haul,Poor
2865,Delta,1906,162,177,Delayed,15,Short Haul,Poor
2866,Indigo,4539,151,20,Delayed,-131,Medium Long,Good
2867,Indigo,4294,113,182,Delayed,69,Medium Long,Poor
2868,Delta,4793,18,35,Delayed,17,Medium Long,Poor
2869,Emirates,5432,130,52,OnTime,-78,Medium Long,Poor
2870,Emirates,9415,41,38,OnTime,-3,Long Haul,Poor
2871,Delta,293,116,21,Delayed,-95,Short Haul,Good
2872,Lufthansa,1220,129,30,Delayed,-99,Short Haul,Good
2873,Indigo,7400,14,128,Delayed,114,Long Haul,Poor
2874,Indigo,3793,67,37,OnTime,-30,Medium Long,Poor
2875,Lufthansa,7403,94,132,OnTime,38,Long Haul,Poor
2876,Delta,8877,91,100,Delayed,9,Long Haul,Poor
2877,Emirates,9774,53,20,OnTime,-33,Long Haul,Good
2878,Indigo,6589,27,63,OnTime,36,Medium Long,Poor
2879,Lufthansa,10976,87,177,Delayed,90,Long Haul,Poor
2880,Delta,7278,26,113,OnTime,87,Long Haul,Poor
2881,Delta,10446,100,104,Delayed,4,Long Haul,Poor
2882,Delta,1495,22,129,Delayed,107,Short Haul,Poor
2883,Lufthansa,228,97,107,Delayed,10,Short Haul,Poor
2884,Indigo,938,163,3,Delayed,-160,Short Haul,Good
2885,Emirates,2717,175,128,Delayed,-47,Short Haul,Poor
2886,Emirates,8994,44,33,OnTime,-11,Long Haul,Poor
2887,Lufthansa,254,114,180,Delayed,66,Short Haul,Poor
2888,Delta,7695,175,28,OnTime,-147,Long Haul,Good
2889,Delta,2515,74,33,Delayed,-41,Short Haul,Poor
2890,Emirates,5631,0,189,OnTime,189,Medium Long,Poor
2891,Indigo,2592,75,77,Delayed,2,Short Haul,Poor
2892,Delta,11232,46,10,Delayed,-36,Long Haul,Good
2893,Emirates,5415,174,51,OnTime,-123,Medium Long,Poor
2894,Lufthansa,1902,140,175,OnTime,35,Short Haul,Poor
2895,Delta,3820,96,78,Delayed,-18,Medium Long,Poor
2896,Lufthansa,1928,44,115,OnTime,71,Short Haul,Poor
2897,Indigo,7520,111,80,Delayed,-31,Long Haul,Poor
2898,Lufthansa,10751,101,157,OnTime,56,Long Haul,Poor
2899,Delta,9774,69,170,OnTime,101,Long Haul,Poor
2900,Emirates,6866,141,139,Delayed,-2,Medium Long,Poor
2901,Delta,10938,86,193,OnTime,107,Long Haul,Poor
2902,Delta,8981,82,62,OnTime,-20,Long Haul,Poor
2903,Indigo,506,149,192,Delayed,43,Short Haul,Poor
2904,Indigo,717,170,37,OnTime,-133,Short Haul,Poor
2905,Lufthansa,5402,41,122,OnTime,81,Medium Long,Poor
2906,Delta,8166,130,138,OnTime,8,Long Haul,Poor
2907,Indigo,2724,80,158,Delayed,78,Short Haul,Poor
2908,Indigo,5045,175,58,OnTime,-117,Medium Long,Poor
2909,Delta,8969,91,63,OnTime,-28,Long Haul,Poor
2910,Emirates,4279,136,78,OnTime,-58,Medium Long,Poor
2911,Delta,4116,19,196,Delayed,177,Medium Long,Poor
2912,Lufthansa,578,53,50,Delayed,-3,Short Haul,Poor
2913,Emirates,11840,63,50,OnTime,-13,Long Haul,Poor
2914,Delta,8243,94,158,Delayed,64,Long Haul,Poor
2915,Emirates,743,72,83,OnTime,11,Short Haul,Poor
2916,Indigo,7515,9,77,Delayed,68,Long Haul,Poor
2917,Delta,6720,62,6,Delayed,-56,Medium Long,Good
2918,Delta,8118,73,65,Delayed,-8,Long Haul,Poor
2919,Emirates,4495,145,119,OnTime,-26,Medium Long,Poor
2920,Indigo,9398,132,148,Delayed,16,Long Haul,Poor
2921,Emirates,4938,172,198,Delayed,26,Medium Long,Poor
2922,Emirates,10644,110,3,OnTime,-107,Long Haul,Good
2923,Emirates,7065,142,59,OnTime,-83,Long Haul,Poor
2924,Emirates,1387,171,78,Delayed,-93,Short Haul,Poor
2925,Lufthansa,9934,71,196,Delayed,125,Long Haul,Poor
2926,Indigo,3502,46,185,Delayed,139,Medium Long,Poor
2927,Delta,8057,60,174,OnTime,114,Long Haul,Poor
2928,Indigo,1228,156,2,OnTime,-154,Short Haul,Good
2929,Emirates,4083,20,10,OnTime,-10,Medium Long,Good
2930,Indigo,1876,88,55,Delayed,-33,Short Haul,Poor
2931,Indigo,8280,74,145,OnTime,71,Long Haul,Poor
2932,Delta,9970,178,149,Delayed,-29,Long Haul,Poor
2933,Delta,9145,54,3,OnTime,-51,Long Haul,Good
2934,Indigo,11277,158,190,Delayed,32,Long Haul,Poor
2935,Lufthansa,7628,2,100,OnTime,98,Long Haul,Poor
2936,Lufthansa,11479,4,28,Delayed,24,Long Haul,Good
2937,Emirates,9964,121,33,Delayed,-88,Long Haul,Poor
2938,Emirates,1303,161,63,Delayed,-98,Short Haul,Poor
2939,Emirates,448,112,20,OnTime,-92,Short Haul,Good
2940,Emirates,9559,105,187,Delayed,82,Long Haul,Poor
2941,Delta,6594,98,160,Delayed,62,Medium Long,Poor
2942,Delta,4839,76,159,Delayed,83,Medium Long,Poor
2943,Emirates,4717,6,30,OnTime,24,Medium Long,Good
2944,Delta,3828,141,186,OnTime,45,Medium Long,Poor
2945,Lufthansa,2596,12,54,Delayed,42,Short Haul,Poor
2946,Emirates,11871,40,178,OnTime,138,Long Haul,Poor
2947,Delta,9854,8,32,OnTime,24,Long Haul,Poor
2948,Emirates,3386,121,173,Delayed,52,Medium Long,Poor
2949,Indigo,4947,168,32,Delayed,-136,Medium Long,Poor
2950,Indigo,4715,10,101,OnTime,91,Medium Long,Poor
2951,Lufthansa,4227,2,42,Delayed,40,Medium Long,Poor
2952,Lufthansa,4272,111,44,OnTime,-67,Medium Long,Poor
2953,Lufthansa,5230,139,95,OnTime,-44,Medium Long,Poor
2954,Lufthansa,2613,64,25,Delayed,-39,Short Haul,Good
2955,Lufthansa,2153,89,159,Delayed,70,Short Haul,Poor
2956,Lufthansa,5986,103,198,OnTime,95,Medium Long,Poor
2957,Emirates,4930,124,164,Delayed,40,Medium Long,Poor
2958,Delta,4044,134,18,Delayed,-116,Medium Long,Good
2959,Lufthansa,752,43,46,OnTime,3,Short Haul,Poor
2960,Emirates,2912,19,120,OnTime,101,Short Haul,Poor
2961,Emirates,4810,74,199,Delayed,125,Medium Long,Poor
2962,Delta,5590,43,97,OnTime,54,Medium Long,Poor
2963,Delta,4663,171,68,OnTime,-103,Medium Long,Poor
2964,Indigo,7946,132,109,OnTime,-23,Long Haul,Poor
2965,Indigo,9997,17,61,Delayed,44,Long Haul,Poor
2966,Lufthansa,244,166,41,Delayed,-125,Short Haul,Poor
2967,Emirates,11611,95,43,OnTime,-52,Long Haul,Poor
2968,Lufthansa,10252,173,194,OnTime,21,Long Haul,Poor
2969,Lufthansa,5962,86,47,OnTime,-39,Medium Long,Poor
2970,Indigo,5797,105,161,Delayed,56,Medium Long,Poor
2971,Delta,6048,135,119,OnTime,-16,Medium Long,Poor
2972,Emirates,9472,99,97,OnTime,-2,Long Haul,Poor
2973,Delta,4722,107,88,OnTime,-19,Medium Long,Poor
2974,Lufthansa,4995,102,181,OnTime,79,Medium Long,Poor
2975,Delta,8772,68,189,Delayed,121,Long Haul,Poor
2976,Indigo,525,1,36,Delayed,35,Short Haul,Poor
2977,Emirates,8035,60,105,OnTime,45,Long Haul,Poor
2978,Indigo,6667,173,157,OnTime,-16,Medium Long,Poor
2979,Emirates,4301,20,7,OnTime,-13,Medium Long,Good
2980,Lufthansa,11454,59,164,Delayed,105,Long Haul,Poor
2981,Emirates,6542,144,25,Delayed,-119,Medium Long,Good
2982,Lufthansa,7649,128,94,Delayed,-34,Long Haul,Poor
2983,Lufthansa,3931,169,17,OnTime,-152,Medium Long,Good
2984,Indigo,6679,73,116,OnTime,43,Medium Long,Poor
2985,Emirates,7001,15,178,OnTime,163,Long Haul,Poor
2986,Lufthansa,1430,158,22,Delayed,-136,Short Haul,Good
2987,Emirates,3232,27,160,OnTime,133,Medium Long,Poor
2988,Indigo,1912,66,168,Delayed,102,Short Haul,Poor
2989,Emirates,5378,145,155,Delayed,10,Medium Long,Poor
2990,Delta,6446,155,96,OnTime,-59,Medium Long,Poor
2991,Lufthansa,11565,94,125,OnTime,31,Long Haul,Poor
2992,Delta,3491,165,175,Delayed,10,Medium Long,Poor
2993,Lufthansa,5752,49,186,OnTime,137,Medium Long,Poor
2994,Lufthansa,11424,45,32,Delayed,-13,Long Haul,Poor
2995,Delta,9008,121,58,OnTime,-63,Long Haul,Poor
2996,Lufthansa,10814,92,54,Delayed,-38,Long Haul,Poor
2997,Lufthansa,5215,18,161,OnTime,143,Medium Long,Poor
2998,Indigo,7126,130,120,Delayed,-10,Long Haul,Poor
2999,Indigo,4448,119,63,OnTime,-56,Medium Long,Poor
3000,Emirates,1084,75,186,Delayed,111,Short Haul,Poor
3001,Lufthansa,7951,35,175,OnTime,140,Long Haul,Poor
3002,Delta,3954,57,45,OnTime,-12,Medium Long,Poor
3003,Emirates,7273,38,5,Delayed,-33,Long Haul,Good
3004,Lufthansa,1004,94,2,OnTime,-92,Short Haul,Good
3005,Lufthansa,1450,177,172,Delayed,-5,Short Haul,Poor
3006,Indigo,3709,39,139,Delayed,100,Medium Long,Poor
3007,Lufthansa,8008,161,15,Delayed,-146,Long Haul,Good
3008,Emirates,2056,127,116,OnTime,-11,Short Haul,Poor
3009,Lufthansa,812,100,23,Delayed,-77,Short Haul,Good
3010,Indigo,8255,131,174,Delayed,43,Long Haul,Poor
3011,Lufthansa,2087,151,94,Delayed,-57,Short Haul,Poor
3012,Delta,854,2,190,OnTime,188,Short Haul,Poor
3013,Indigo,1566,95,129,Delayed,34,Short Haul,Poor
3014,Emirates,3654,162,99,Delayed,-63,Medium Long,Poor
3015,Emirates,7671,152,24,Delayed,-128,Long Haul,Good
3016,Lufthansa,659,14,5,OnTime,-9,Short Haul,Good
3017,Delta,6227,18,9,Delayed,-9,Medium Long,Good
3018,Delta,10137,70,68,OnTime,-2,Long Haul,Poor
3019,Delta,459,45,138,OnTime,93,Short Haul,Poor
3020,Lufthansa,1047,26,131,OnTime,105,Short Haul,Poor
3021,Delta,6177,72,124,OnTime,52,Medium Long,Poor
3022,Emirates,4257,61,127,OnTime,66,Medium Long,Poor
3023,Indigo,7389,24,51,Delayed,27,Long Haul,Poor
3024,Lufthansa,10427,28,66,OnTime,38,Long Haul,Poor
3025,Lufthansa,6549,39,58,OnTime,19,Medium Long,Poor
3026,Delta,4370,178,185,OnTime,7,Medium Long,Poor
3027,Delta,2528,158,178,OnTime,20,Short Haul,Poor
3028,Lufthansa,3730,178,158,OnTime,-20,Medium Long,Poor
3029,Delta,6246,42,143,Delayed,101,Medium Long,Poor
3030,Delta,373,117,151,OnTime,34,Short Haul,Poor
3031,Emirates,8198,44,119,Delayed,75,Long Haul,Poor
3032,Delta,2141,137,147,OnTime,10,Short Haul,Poor
3033,Lufthansa,8438,159,187,OnTime,28,Long Haul,Poor
3034,Indigo,4812,111,100,Delayed,-11,Medium Long,Poor
3035,Emirates,11056,105,111,Delayed,6,Long Haul,Poor
3036,Emirates,2604,142,173,OnTime,31,Short Haul,Poor
3037,Indigo,2151,171,173,Delayed,2,Short Haul,Poor
3038,Emirates,4547,101,16,OnTime,-85,Medium Long,Good
3039,Delta,7831,142,40,OnTime,-102,Long Haul,Poor
3040,Emirates,10510,5,128,OnTime,123,Long Haul,Poor
3041,Indigo,9973,27,196,OnTime,169,Long Haul,Poor
3042,Delta,7571,41,58,Delayed,17,Long Haul,Poor
3043,Lufthansa,3246,156,187,OnTime,31,Medium Long,Poor
3044,Indigo,8735,37,119,Delayed,82,Long Haul,Poor
3045,Indigo,9247,161,41,Delayed,-120,Long Haul,Poor
3046,Emirates,2964,133,52,OnTime,-81,Short Haul,Poor
3047,Emirates,2270,74,198,Delayed,124,Short Haul,Poor
3048,Delta,2045,47,97,Delayed,50,Short Haul,Poor
3049,Emirates,6984,24,8,OnTime,-16,Medium Long,Good
3050,Delta,606,121,63,OnTime,-58,Short Haul,Poor
3051,Delta,9083,66,138,OnTime,72,Long Haul,Poor
3052,Lufthansa,11890,14,23,OnTime,9,Long Haul,Good
3053,Delta,6502,24,128,OnTime,104,Medium Long,Poor
3054,Indigo,6302,72,184,OnTime,112,Medium Long,Poor
3055,Lufthansa,4066,113,84,OnTime,-29,Medium Long,Poor
3056,Delta,362,178,170,Delayed,-8,Short Haul,Poor
3057,Emirates,4756,16,72,OnTime,56,Medium Long,Poor
3058,Indigo,4516,89,117,OnTime,28,Medium Long,Poor
3059,Lufthansa,10973,93,6,OnTime,-87,Long Haul,Good
3060,Indigo,7539,126,80,OnTime,-46,Long Haul,Poor
3061,Emirates,4134,119,125,Delayed,6,Medium Long,Poor
3062,Emirates,10735,174,24,Delayed,-150,Long Haul,Good
3063,Lufthansa,1326,86,129,Delayed,43,Short Haul,Poor
3064,Delta,4961,145,77,Delayed,-68,Medium Long,Poor
3065,Emirates,9192,169,129,OnTime,-40,Long Haul,Poor
3066,Delta,9126,175,56,OnTime,-119,Long Haul,Poor
3067,Lufthansa,9906,37,193,OnTime,156,Long Haul,Poor
3068,Indigo,8116,116,76,Delayed,-40,Long Haul,Poor
3069,Indigo,10649,28,154,Delayed,126,Long Haul,Poor
3070,Lufthansa,9465,110,102,OnTime,-8,Long Haul,Poor
3071,Indigo,9039,159,37,OnTime,-122,Long Haul,Poor
3072,Delta,2628,101,59,Delayed,-42,Short Haul,Poor
3073,Delta,11091,172,74,Delayed,-98,Long Haul,Poor
3074,Emirates,9635,113,45,OnTime,-68,Long Haul,Poor
3075,Indigo,2499,120,46,Delayed,-74,Short Haul,Poor
3076,Indigo,1644,168,7,OnTime,-161,Short Haul,Good
3077,Emirates,7076,128,118,OnTime,-10,Long Haul,Poor
3078,Emirates,8281,21,91,Delayed,70,Long Haul,Poor
3079,Lufthansa,433,61,91,Delayed,30,Short Haul,Poor
3080,Delta,10552,15,20,OnTime,5,Long Haul,Good
3081,Indigo,11247,78,98,Delayed,20,Long Haul,Poor
3082,Emirates,4805,23,120,Delayed,97,Medium Long,Poor
3083,Indigo,8467,11,128,Delayed,117,Long Haul,Poor
3084,Lufthansa,6121,68,26,OnTime,-42,Medium Long,Good
3085,Indigo,2107,120,1,Delayed,-119,Short Haul,Good
3086,Indigo,6681,95,20,OnTime,-75,Medium Long,Good
3087,Lufthansa,2028,123,85,OnTime,-38,Short Haul,Poor
3088,Indigo,10028,153,139,OnTime,-14,Long Haul,Poor
3089,Emirates,9021,3,153,Delayed,150,Long Haul,Poor
3090,Delta,5623,70,167,Delayed,97,Medium Long,Poor
3091,Indigo,1218,64,108,OnTime,44,Short Haul,Poor
3092,Delta,9482,14,42,Delayed,28,Long Haul,Poor
3093,Delta,4636,56,67,Delayed,11,Medium Long,Poor
3094,Delta,9628,166,165,OnTime,-1,Long Haul,Poor
3095,Emirates,11520,16,14,OnTime,-2,Long Haul,Good
3096,Indigo,9043,148,46,Delayed,-102,Long Haul,Poor
3097,Emirates,6982,117,163,Delayed,46,Medium Long,Poor
3098,Emirates,2798,121,54,Delayed,-67,Short Haul,Poor
3099,Indigo,7377,85,115,OnTime,30,Long Haul,Poor
3100,Indigo,10628,58,66,OnTime,8,Long Haul,Poor
3101,Lufthansa,11582,90,75,Delayed,-15,Long Haul,Poor
3102,Indigo,6009,170,127,OnTime,-43,Medium Long,Poor
3103,Indigo,3391,107,186,OnTime,79,Medium Long,Poor
3104,Emirates,1900,157,67,Delayed,-90,Short Haul,Poor
3105,Lufthansa,2133,149,80,Delayed,-69,Short Haul,Poor
3106,Delta,4376,96,65,OnTime,-31,Medium Long,Poor
3107,Delta,9575,149,61,Delayed,-88,Long Haul,Poor
3108,Delta,4626,128,182,OnTime,54,Medium Long,Poor
3109,Indigo,5813,94,104,OnTime,10,Medium Long,Poor
3110,Delta,6206,137,178,OnTime,41,Medium Long,Poor
3111,Lufthansa,2803,167,153,Delayed,-14,Short Haul,Poor
3112,Lufthansa,5378,11,136,Delayed,125,Medium Long,Poor
3113,Indigo,8952,27,156,OnTime,129,Long Haul,Poor
3114,Emirates,565,54,80,OnTime,26,Short Haul,Poor
3115,Delta,10290,143,31,OnTime,-112,Long Haul,Poor
3116,Indigo,11391,32,101,Delayed,69,Long Haul,Poor
3117,Indigo,10461,6,112,Delayed,106,Long Haul,Poor
3118,Delta,9653,158,22,OnTime,-136,Long Haul,Good
3119,Emirates,435,37,136,Delayed,99,Short Haul,Poor
3120,Indigo,1690,129,34,OnTime,-95,Short Haul,Poor
3121,Delta,11103,3,16,OnTime,13,Long Haul,Good
3122,Delta,4949,95,91,OnTime,-4,Medium Long,Poor
3123,Emirates,1872,115,163,Delayed,48,Short Haul,Poor
3124,Indigo,3489,46,170,OnTime,124,Medium Long,Poor
3125,Lufthansa,3224,97,12,Delayed,-85,Medium Long,Good
3126,Indigo,11896,123,113,OnTime,-10,Long Haul,Poor
3127,Emirates,6126,128,62,Delayed,-66,Medium Long,Poor
3128,Lufthansa,3914,76,79,Delayed,3,Medium Long,Poor
3129,Emirates,5486,8,59,Delayed,51,Medium Long,Poor
3130,Indigo,10822,23,168,OnTime,145,Long Haul,Poor
3131,Indigo,11290,90,58,OnTime,-32,Long Haul,Poor
3132,Lufthansa,8644,153,95,Delayed,-58,Long Haul,Poor
3133,Lufthansa,952,26,67,OnTime,41,Short Haul,Poor
3134,Indigo,4797,122,183,Delayed,61,Medium Long,Poor
3135,Indigo,9379,140,157,OnTime,17,Long Haul,Poor
3136,Lufthansa,7642,164,43,OnTime,-121,Long Haul,Poor
3137,Indigo,5973,9,80,Delayed,71,Medium Long,Poor
3138,Lufthansa,1447,7,144,OnTime,137,Short Haul,Poor
3139,Lufthansa,11880,165,52,OnTime,-113,Long Haul,Poor
3140,Indigo,1400,6,178,OnTime,172,Short Haul,Poor
3141,Indigo,5994,137,111,Delayed,-26,Medium Long,Poor
3142,Indigo,5129,159,145,OnTime,-14,Medium Long,Poor
3143,Delta,5867,33,98,OnTime,65,Medium Long,Poor
3144,Delta,2704,109,4,OnTime,-105,Short Haul,Good
3145,Lufthansa,11515,177,154,OnTime,-23,Long Haul,Poor
3146,Emirates,4700,32,188,OnTime,156,Medium Long,Poor
3147,Indigo,862,13,50,Delayed,37,Short Haul,Poor
3148,Indigo,2228,38,90,OnTime,52,Short Haul,Poor
3149,Emirates,8527,38,55,Delayed,17,Long Haul,Poor
3150,Indigo,8494,138,58,Delayed,-80,Long Haul,Poor
3151,Indigo,1727,91,148,Delayed,57,Short Haul,Poor
3152,Emirates,5882,11,122,Delayed,111,Medium Long,Poor
3153,Lufthansa,947,125,30,OnTime,-95,Short Haul,Good
3154,Indigo,8039,167,97,OnTime,-70,Long Haul,Poor
3155,Indigo,7162,175,188,Delayed,13,Long Haul,Poor
3156,Delta,4052,66,29,OnTime,-37,Medium Long,Good
3157,Lufthansa,7006,1,124,OnTime,123,Long Haul,Poor
3158,Delta,9741,72,146,Delayed,74,Long Haul,Poor
3159,Delta,2964,37,14,OnTime,-23,Short Haul,Good
3160,Emirates,2346,132,113,Delayed,-19,Short Haul,Poor
3161,Indigo,1797,26,53,OnTime,27,Short Haul,Poor
3162,Delta,5232,101,108,Delayed,7,Medium Long,Poor
3163,Delta,7214,91,134,OnTime,43,Long Haul,Poor
3164,Emirates,5600,60,128,OnTime,68,Medium Long,Poor
3165,Lufthansa,6514,7,60,OnTime,53,Medium Long,Poor
3166,Emirates,8747,110,79,OnTime,-31,Long Haul,Poor
3167,Delta,2852,149,141,OnTime,-8,Short Haul,Poor
3168,Lufthansa,6933,164,20,Delayed,-144,Medium Long,Good
3169,Indigo,5117,37,179,Delayed,142,Medium Long,Poor
3170,Delta,11862,10,147,Delayed,137,Long Haul,Poor
3171,Indigo,10084,4,29,Delayed,25,Long Haul,Good
3172,Indigo,6598,77,182,Delayed,105,Medium Long,Poor
3173,Emirates,6877,176,141,Delayed,-35,Medium Long,Poor
3174,Lufthansa,2216,95,24,OnTime,-71,Short Haul,Good
3175,Delta,2972,100,37,Delayed,-63,Short Haul,Poor
3176,Delta,5519,88,56,OnTime,-32,Medium Long,Poor
3177,Emirates,10594,15,188,OnTime,173,Long Haul,Poor
3178,Emirates,11410,55,177,OnTime,122,Long Haul,Poor
3179,Lufthansa,9357,142,88,Delayed,-54,Long Haul,Poor
3180,Lufthansa,8306,37,148,OnTime,111,Long Haul,Poor
3181,Emirates,8792,8,64,OnTime,56,Long Haul,Poor
3182,Indigo,8908,3,69,OnTime,66,Long Haul,Poor
3183,Emirates,4101,96,112,OnTime,16,Medium Long,Poor
3184,Indigo,11589,12,18,OnTime,6,Long Haul,Good
3185,Delta,5216,63,67,OnTime,4,Medium Long,Poor
3186,Lufthansa,8301,115,51,Delayed,-64,Long Haul,Poor
3187,Lufthansa,10118,144,88,OnTime,-56,Long Haul,Poor
3188,Emirates,5013,179,53,OnTime,-126,Medium Long,Poor
3189,Indigo,8056,124,130,OnTime,6,Long Haul,Poor
3190,Emirates,6121,116,69,OnTime,-47,Medium Long,Poor
3191,Emirates,10883,103,54,OnTime,-49,Long Haul,Poor
3192,Emirates,7309,173,57,Delayed,-116,Long Haul,Poor
3193,Lufthansa,10614,28,158,Delayed,130,Long Haul,Poor
3194,Lufthansa,1752,158,18,OnTime,-140,Short Haul,Good
3195,Lufthansa,10859,91,19,OnTime,-72,Long Haul,Good
3196,Indigo,11358,167,187,OnTime,20,Long Haul,Poor
3197,Lufthansa,4872,127,181,Delayed,54,Medium Long,Poor
3198,Delta,11521,24,183,OnTime,159,Long Haul,Poor
3199,Indigo,11366,165,77,OnTime,-88,Long Haul,Poor
3200,Indigo,11605,98,158,OnTime,60,Long Haul,Poor
3201,Indigo,9276,29,82,Delayed,53,Long Haul,Poor
3202,Indigo,9020,138,179,Delayed,41,Long Haul,Poor
3203,Lufthansa,10263,173,101,Delayed,-72,Long Haul,Poor
3204,Emirates,3899,36,31,OnTime,-5,Medium Long,Poor
3205,Emirates,1949,68,0,OnTime,-68,Short Haul,Good
3206,Emirates,6750,148,109,OnTime,-39,Medium Long,Poor
3207,Indigo,1241,90,4,Delayed,-86,Short Haul,Good
3208,Delta,3702,73,28,Delayed,-45,Medium Long,Good
3209,Delta,9992,144,33,OnTime,-111,Long Haul,Poor
3210,Indigo,1612,144,78,Delayed,-66,Short Haul,Poor
3211,Indigo,11090,70,16,Delayed,-54,Long Haul,Good
3212,Emirates,1933,150,153,OnTime,3,Short Haul,Poor
3213,Delta,3385,126,73,OnTime,-53,Medium Long,Poor
3214,Delta,1900,36,65,OnTime,29,Short Haul,Poor
3215,Delta,3691,28,139,OnTime,111,Medium Long,Poor
3216,Delta,3199,44,163,OnTime,119,Medium Long,Poor
3217,Indigo,9854,130,77,Delayed,-53,Long Haul,Poor
3218,Emirates,6677,90,10,Delayed,-80,Medium Long,Good
3219,Delta,955,124,54,OnTime,-70,Short Haul,Poor
3220,Indigo,8075,78,87,Delayed,9,Long Haul,Poor
3221,Delta,9732,122,37,Delayed,-85,Long Haul,Poor
3222,Delta,2638,5,48,Delayed,43,Short Haul,Poor
3223,Indigo,2576,163,54,OnTime,-109,Short Haul,Poor
3224,Emirates,6117,29,3,Delayed,-26,Medium Long,Good
3225,Indigo,10674,168,103,OnTime,-65,Long Haul,Poor
3226,Delta,7856,97,138,OnTime,41,Long Haul,Poor
3227,Delta,7641,56,87,Delayed,31,Long Haul,Poor
3228,Indigo,9477,97,3,OnTime,-94,Long Haul,Good
3229,Lufthansa,9146,85,77,Delayed,-8,Long Haul,Poor
3230,Emirates,4406,93,73,OnTime,-20,Medium Long,Poor
3231,Indigo,11351,142,4,Delayed,-138,Long Haul,Good
3232,Delta,5607,62,178,OnTime,116,Medium Long,Poor
3233,Indigo,1765,150,197,Delayed,47,Short Haul,Poor
3234,Delta,6483,140,37,Delayed,-103,Medium Long,Poor
3235,Emirates,8859,83,15,Delayed,-68,Long Haul,Good
3236,Lufthansa,2386,130,54,Delayed,-76,Short Haul,Poor
3237,Emirates,11918,63,77,OnTime,14,Long Haul,Poor
3238,Lufthansa,6972,125,80,Delayed,-45,Medium Long,Poor
3239,Lufthansa,4267,130,140,Delayed,10,Medium Long,Poor
3240,Delta,5444,103,37,Delayed,-66,Medium Long,Poor
3241,Indigo,7601,95,33,OnTime,-62,Long Haul,Poor
3242,Lufthansa,5546,85,20,OnTime,-65,Medium Long,Good
3243,Emirates,2028,19,68,Delayed,49,Short Haul,Poor
3244,Delta,1740,29,184,OnTime,155,Short Haul,Poor
3245,Emirates,8838,9,52,OnTime,43,Long Haul,Poor
3246,Emirates,10433,161,84,Delayed,-77,Long Haul,Poor
3247,Delta,2494,73,135,OnTime,62,Short Haul,Poor
3248,Indigo,2213,90,112,Delayed,22,Short Haul,Poor
3249,Lufthansa,6409,81,15,OnTime,-66,Medium Long,Good
3250,Lufthansa,5821,103,90,OnTime,-13,Medium Long,Poor
3251,Delta,8761,143,58,Delayed,-85,Long Haul,Poor
3252,Indigo,9396,6,19,OnTime,13,Long Haul,Good
3253,Lufthansa,1157,114,75,Delayed,-39,Short Haul,Poor
3254,Lufthansa,2482,139,159,Delayed,20,Short Haul,Poor
3255,Lufthansa,1677,41,129,Delayed,88,Short Haul,Poor
3256,Emirates,7053,170,97,OnTime,-73,Long Haul,Poor
3257,Delta,544,35,71,Delayed,36,Short Haul,Poor
3258,Emirates,2688,43,13,OnTime,-30,Short Haul,Good
3259,Lufthansa,6691,161,10,OnTime,-151,Medium Long,Good
3260,Delta,3957,112,137,Delayed,25,Medium Long,Poor
3261,Delta,373,105,199,Delayed,94,Short Haul,Poor
3262,Lufthansa,7253,170,118,OnTime,-52,Long Haul,Poor
3263,Delta,9332,108,43,OnTime,-65,Long Haul,Poor
3264,Indigo,2724,102,15,Delayed,-87,Short Haul,Good
3265,Indigo,10798,89,153,OnTime,64,Long Haul,Poor
3266,Lufthansa,11770,15,127,OnTime,112,Long Haul,Poor
3267,Delta,11063,113,155,Delayed,42,Long Haul,Poor
3268,Delta,9309,154,106,Delayed,-48,Long Haul,Poor
3269,Emirates,431,168,60,Delayed,-108,Short Haul,Poor
3270,Indigo,10165,6,135,OnTime,129,Long Haul,Poor
3271,Indigo,7035,121,63,Delayed,-58,Long Haul,Poor
3272,Lufthansa,4860,55,141,Delayed,86,Medium Long,Poor
3273,Lufthansa,3819,165,186,Delayed,21,Medium Long,Poor
3274,Lufthansa,7520,61,22,OnTime,-39,Long Haul,Good
3275,Delta,7101,76,138,OnTime,62,Long Haul,Poor
3276,Indigo,9109,59,123,Delayed,64,Long Haul,Poor
3277,Lufthansa,6841,44,55,Delayed,11,Medium Long,Poor
3278,Lufthansa,8799,82,3,Delayed,-79,Long Haul,Good
3279,Delta,383,148,71,OnTime,-77,Short Haul,Poor
3280,Delta,6334,55,26,Delayed,-29,Medium Long,Good
3281,Lufthansa,5456,79,20,Delayed,-59,Medium Long,Good
3282,Delta,8926,24,177,Delayed,153,Long Haul,Poor
3283,Lufthansa,4172,88,1,Delayed,-87,Medium Long,Good
3284,Lufthansa,2340,42,91,OnTime,49,Short Haul,Poor
3285,Indigo,3550,169,51,Delayed,-118,Medium Long,Poor
3286,Delta,10787,122,155,Delayed,33,Long Haul,Poor
3287,Emirates,11393,132,102,Delayed,-30,Long Haul,Poor
3288,Lufthansa,10939,12,147,Delayed,135,Long Haul,Poor
3289,Indigo,9627,26,193,Delayed,167,Long Haul,Poor
3290,Emirates,7925,90,188,OnTime,98,Long Haul,Poor
3291,Indigo,10730,84,136,OnTime,52,Long Haul,Poor
3292,Indigo,7170,150,56,Delayed,-94,Long Haul,Poor
3293,Indigo,1782,159,5,OnTime,-154,Short Haul,Good
3294,Lufthansa,8302,82,53,Delayed,-29,Long Haul,Poor
3295,Lufthansa,10269,28,198,Delayed,170,Long Haul,Poor
3296,Lufthansa,9941,146,127,Delayed,-19,Long Haul,Poor
3297,Delta,3109,68,92,OnTime,24,Medium Long,Poor
3298,Emirates,4806,123,173,Delayed,50,Medium Long,Poor
3299,Lufthansa,9589,79,114,Delayed,35,Long Haul,Poor
3300,Emirates,5378,29,70,Delayed,41,Medium Long,Poor
3301,Indigo,6395,122,89,OnTime,-33,Medium Long,Poor
3302,Emirates,8154,176,136,Delayed,-40,Long Haul,Poor
3303,Lufthansa,9297,147,180,OnTime,33,Long Haul,Poor
3304,Emirates,7266,127,199,OnTime,72,Long Haul,Poor
3305,Lufthansa,7706,99,191,Delayed,92,Long Haul,Poor
3306,Lufthansa,10119,153,72,Delayed,-81,Long Haul,Poor
3307,Lufthansa,306,155,199,Delayed,44,Short Haul,Poor
3308,Lufthansa,7283,113,180,OnTime,67,Long Haul,Poor
3309,Lufthansa,7451,173,185,Delayed,12,Long Haul,Poor
3310,Lufthansa,4874,39,110,Delayed,71,Medium Long,Poor
3311,Delta,4179,16,118,Delayed,102,Medium Long,Poor
3312,Indigo,3619,74,25,Delayed,-49,Medium Long,Good
3313,Lufthansa,8410,109,39,Delayed,-70,Long Haul,Poor
3314,Emirates,8829,33,145,Delayed,112,Long Haul,Poor
3315,Lufthansa,232,104,178,OnTime,74,Short Haul,Poor
3316,Delta,1277,121,162,OnTime,41,Short Haul,Poor
3317,Lufthansa,6922,116,162,OnTime,46,Medium Long,Poor
3318,Lufthansa,1679,178,138,OnTime,-40,Short Haul,Poor
3319,Lufthansa,3931,65,58,OnTime,-7,Medium Long,Poor
3320,Lufthansa,6341,129,7,OnTime,-122,Medium Long,Good
3321,Indigo,11401,65,111,OnTime,46,Long Haul,Poor
3322,Emirates,9582,103,91,Delayed,-12,Long Haul,Poor
3323,Indigo,10714,141,181,OnTime,40,Long Haul,Poor
3324,Emirates,9289,14,105,Delayed,91,Long Haul,Poor
3325,Lufthansa,4455,78,24,OnTime,-54,Medium Long,Good
3326,Indigo,10258,19,29,OnTime,10,Long Haul,Good
3327,Emirates,10433,63,44,OnTime,-19,Long Haul,Poor
3328,Lufthansa,7059,52,143,Delayed,91,Long Haul,Poor
3329,Lufthansa,6053,30,66,OnTime,36,Medium Long,Poor
3330,Emirates,5510,123,88,Delayed,-35,Medium Long,Poor
3331,Delta,8481,157,190,Delayed,33,Long Haul,Poor
3332,Indigo,10107,72,22,Delayed,-50,Long Haul,Good
3333,Lufthansa,9816,152,158,OnTime,6,Long Haul,Poor
3334,Delta,11373,140,109,Delayed,-31,Long Haul,Poor
3335,Emirates,8879,115,28,OnTime,-87,Long Haul,Good
3336,Emirates,6313,106,193,Delayed,87,Medium Long,Poor
3337,Indigo,3875,8,39,Delayed,31,Medium Long,Poor
3338,Delta,1964,168,50,Delayed,-118,Short Haul,Poor
3339,Delta,10422,114,62,OnTime,-52,Long Haul,Poor
3340,Lufthansa,10242,142,137,Delayed,-5,Long Haul,Poor
3341,Indigo,8282,138,184,Delayed,46,Long Haul,Poor
3342,Emirates,9888,152,156,Delayed,4,Long Haul,Poor
3343,Delta,1550,118,118,OnTime,0,Short Haul,Poor
3344,Indigo,5022,7,190,OnTime,183,Medium Long,Poor
3345,Indigo,4525,19,55,Delayed,36,Medium Long,Poor
3346,Lufthansa,5639,22,130,Delayed,108,Medium Long,Poor
3347,Delta,10115,159,121,Delayed,-38,Long Haul,Poor
3348,Indigo,9779,48,34,Delayed,-14,Long Haul,Poor
3349,Lufthansa,7212,169,35,Delayed,-134,Long Haul,Poor
3350,Indigo,11249,56,44,OnTime,-12,Long Haul,Poor
3351,Lufthansa,7734,30,155,Delayed,125,Long Haul,Poor
3352,Emirates,9991,42,13,OnTime,-29,Long Haul,Good
3353,Lufthansa,6193,111,178,Delayed,67,Medium Long,Poor
3354,Emirates,2001,96,10,OnTime,-86,Short Haul,Good
3355,Delta,5320,70,103,Delayed,33,Medium Long,Poor
3356,Delta,9006,23,84,OnTime,61,Long Haul,Poor
3357,Indigo,4531,165,88,Delayed,-77,Medium Long,Poor
3358,Delta,2810,92,119,OnTime,27,Short Haul,Poor
3359,Delta,11084,25,79,OnTime,54,Long Haul,Poor
3360,Emirates,7881,124,56,Delayed,-68,Long Haul,Poor
3361,Indigo,5242,92,128,Delayed,36,Medium Long,Poor
3362,Delta,5047,179,165,Delayed,-14,Medium Long,Poor
3363,Delta,8035,125,80,Delayed,-45,Long Haul,Poor
3364,Delta,7068,146,21,Delayed,-125,Long Haul,Good
3365,Indigo,8470,159,28,OnTime,-131,Long Haul,Good
3366,Delta,7408,119,30,Delayed,-89,Long Haul,Good
3367,Emirates,4103,60,145,OnTime,85,Medium Long,Poor
3368,Delta,943,129,18,OnTime,-111,Short Haul,Good
3369,Delta,10860,171,68,OnTime,-103,Long Haul,Poor
3370,Delta,8369,130,79,Delayed,-51,Long Haul,Poor
3371,Indigo,5964,64,37,Delayed,-27,Medium Long,Poor
3372,Indigo,7101,29,22,Delayed,-7,Long Haul,Good
3373,Emirates,6685,2,90,OnTime,88,Medium Long,Poor
3374,Indigo,3158,60,42,OnTime,-18,Medium Long,Poor
3375,Indigo,10114,138,162,Delayed,24,Long Haul,Poor
3376,Delta,5947,11,17,Delayed,6,Medium Long,Good
3377,Lufthansa,11730,97,125,Delayed,28,Long Haul,Poor
3378,Emirates,11798,142,150,OnTime,8,Long Haul,Poor
3379,Lufthansa,7554,123,86,Delayed,-37,Long Haul,Poor
3380,Delta,11152,175,155,OnTime,-20,Long Haul,Poor
3381,Delta,4353,27,101,Delayed,74,Medium Long,Poor
3382,Lufthansa,6698,178,30,Delayed,-148,Medium Long,Good
3383,Lufthansa,3957,10,166,Delayed,156,Medium Long,Poor
3384,Lufthansa,248,5,42,Delayed,37,Short Haul,Poor
3385,Indigo,9123,157,127,OnTime,-30,Long Haul,Poor
3386,Delta,9028,77,199,Delayed,122,Long Haul,Poor
3387,Lufthansa,8802,179,168,Delayed,-11,Long Haul,Poor
3388,Indigo,9881,96,61,OnTime,-35,Long Haul,Poor
3389,Indigo,11897,55,185,Delayed,130,Long Haul,Poor
3390,Lufthansa,11434,172,6,Delayed,-166,Long Haul,Good
3391,Indigo,9019,155,141,Delayed,-14,Long Haul,Poor
3392,Indigo,423,36,130,OnTime,94,Short Haul,Poor
3393,Emirates,5092,69,179,Delayed,110,Medium Long,Poor
3394,Emirates,6425,51,56,OnTime,5,Medium Long,Poor
3395,Indigo,11392,148,130,Delayed,-18,Long Haul,Poor
3396,Delta,7133,145,26,Delayed,-119,Long Haul,Good
3397,Indigo,5800,84,26,Delayed,-58,Medium Long,Good
3398,Lufthansa,10373,49,114,OnTime,65,Long Haul,Poor
3399,Indigo,270,34,85,OnTime,51,Short Haul,Poor
3400,Delta,608,123,82,Delayed,-41,Short Haul,Poor
3401,Emirates,10022,51,182,Delayed,131,Long Haul,Poor
3402,Delta,9841,37,126,OnTime,89,Long Haul,Poor
3403,Emirates,1358,167,70,Delayed,-97,Short Haul,Poor
3404,Emirates,10609,134,41,OnTime,-93,Long Haul,Poor
3405,Indigo,8500,104,83,OnTime,-21,Long Haul,Poor
3406,Lufthansa,6328,61,169,OnTime,108,Medium Long,Poor
3407,Delta,11827,150,4,OnTime,-146,Long Haul,Good
3408,Delta,4007,47,37,OnTime,-10,Medium Long,Poor
3409,Lufthansa,6123,129,26,OnTime,-103,Medium Long,Good
3410,Delta,6989,81,95,OnTime,14,Medium Long,Poor
3411,Emirates,5217,130,63,OnTime,-67,Medium Long,Poor
3412,Indigo,10721,33,181,Delayed,148,Long Haul,Poor
3413,Delta,8915,33,61,Delayed,28,Long Haul,Poor
3414,Lufthansa,2312,112,182,Delayed,70,Short Haul,Poor
3415,Lufthansa,8748,45,146,Delayed,101,Long Haul,Poor
3416,Lufthansa,5184,83,168,Delayed,85,Medium Long,Poor
3417,Emirates,2614,139,37,Delayed,-102,Short Haul,Poor
3418,Delta,9259,162,55,OnTime,-107,Long Haul,Poor
3419,Lufthansa,4576,95,48,OnTime,-47,Medium Long,Poor
3420,Delta,4360,36,78,Delayed,42,Medium Long,Poor
3421,Lufthansa,4385,130,87,Delayed,-43,Medium Long,Poor
3422,Emirates,6243,139,186,OnTime,47,Medium Long,Poor
3423,Indigo,995,54,122,Delayed,68,Short Haul,Poor
3424,Lufthansa,5760,109,142,OnTime,33,Medium Long,Poor
3425,Lufthansa,3219,1,43,OnTime,42,Medium Long,Poor
3426,Emirates,3509,73,197,OnTime,124,Medium Long,Poor
3427,Indigo,422,32,130,Delayed,98,Short Haul,Poor
3428,Delta,10694,88,81,Delayed,-7,Long Haul,Poor
3429,Emirates,7975,149,6,OnTime,-143,Long Haul,Good
3430,Emirates,8528,108,99,Delayed,-9,Long Haul,Poor
3431,Emirates,310,32,154,Delayed,122,Short Haul,Poor
3432,Delta,5444,57,129,OnTime,72,Medium Long,Poor
3433,Emirates,6433,105,119,Delayed,14,Medium Long,Poor
3434,Indigo,3441,69,30,Delayed,-39,Medium Long,Good
3435,Indigo,5833,74,138,Delayed,64,Medium Long,Poor
3436,Delta,1565,148,13,OnTime,-135,Short Haul,Good
3437,Indigo,6252,142,146,Delayed,4,Medium Long,Poor
3438,Indigo,7622,67,169,OnTime,102,Long Haul,Poor
3439,Lufthansa,8223,151,33,Delayed,-118,Long Haul,Poor
3440,Delta,1281,111,71,OnTime,-40,Short Haul,Poor
3441,Indigo,527,55,173,OnTime,118,Short Haul,Poor
3442,Indigo,9888,175,62,Delayed,-113,Long Haul,Poor
3443,Delta,2483,67,41,OnTime,-26,Short Haul,Poor
3444,Lufthansa,3301,22,66,OnTime,44,Medium Long,Poor
3445,Delta,4719,15,75,OnTime,60,Medium Long,Poor
3446,Emirates,10813,116,146,Delayed,30,Long Haul,Poor
3447,Indigo,8694,167,163,OnTime,-4,Long Haul,Poor
3448,Lufthansa,6794,24,189,Delayed,165,Medium Long,Poor
3449,Lufthansa,4585,161,175,OnTime,14,Medium Long,Poor
3450,Indigo,4193,175,147,OnTime,-28,Medium Long,Poor
3451,Lufthansa,7921,170,15,OnTime,-155,Long Haul,Good
3452,Delta,1997,113,25,Delayed,-88,Short Haul,Good
3453,Emirates,3624,64,45,OnTime,-19,Medium Long,Poor
3454,Delta,6150,22,127,OnTime,105,Medium Long,Poor
3455,Lufthansa,2183,169,6,Delayed,-163,Short Haul,Good
3456,Emirates,4634,12,179,OnTime,167,Medium Long,Poor
3457,Emirates,9409,17,19,Delayed,2,Long Haul,Good
3458,Delta,7307,104,72,OnTime,-32,Long Haul,Poor
3459,Delta,9725,133,51,OnTime,-82,Long Haul,Poor
3460,Lufthansa,3788,57,83,OnTime,26,Medium Long,Poor
3461,Indigo,9101,9,119,Delayed,110,Long Haul,Poor
3462,Delta,11525,142,115,OnTime,-27,Long Haul,Poor
3463,Emirates,1542,15,26,Delayed,11,Short Haul,Good
3464,Lufthansa,9130,177,67,OnTime,-110,Long Haul,Poor
3465,Emirates,4681,167,98,Delayed,-69,Medium Long,Poor
3466,Emirates,1807,139,129,OnTime,-10,Short Haul,Poor
3467,Emirates,3728,23,180,Delayed,157,Medium Long,Poor
3468,Indigo,2924,1,66,Delayed,65,Short Haul,Poor
3469,Lufthansa,10701,59,6,OnTime,-53,Long Haul,Good
3470,Emirates,4582,113,122,Delayed,9,Medium Long,Poor
3471,Indigo,4305,25,156,Delayed,131,Medium Long,Poor
3472,Emirates,11394,60,71,OnTime,11,Long Haul,Poor
3473,Lufthansa,9274,23,57,Delayed,34,Long Haul,Poor
3474,Delta,10998,10,81,Delayed,71,Long Haul,Poor
3475,Emirates,10960,134,34,Delayed,-100,Long Haul,Poor
3476,Emirates,2087,112,140,Delayed,28,Short Haul,Poor
3477,Lufthansa,4411,175,38,OnTime,-137,Medium Long,Poor
3478,Emirates,10363,68,122,Delayed,54,Long Haul,Poor
3479,Emirates,8627,17,140,OnTime,123,Long Haul,Poor
3480,Delta,7872,86,197,Delayed,111,Long Haul,Poor
3481,Lufthansa,11129,70,149,Delayed,79,Long Haul,Poor
3482,Emirates,10084,61,186,OnTime,125,Long Haul,Poor
3483,Indigo,4085,56,2,Delayed,-54,Medium Long,Good
3484,Delta,5611,111,80,Delayed,-31,Medium Long,Poor
3485,Emirates,1257,170,188,Delayed,18,Short Haul,Poor
3486,Delta,8934,164,196,Delayed,32,Long Haul,Poor
3487,Indigo,7415,57,163,Delayed,106,Long Haul,Poor
3488,Lufthansa,2956,179,148,OnTime,-31,Short Haul,Poor
3489,Lufthansa,8417,97,133,OnTime,36,Long Haul,Poor
3490,Lufthansa,2774,65,59,Delayed,-6,Short Haul,Poor
3491,Lufthansa,5073,120,122,Delayed,2,Medium Long,Poor
3492,Indigo,9624,27,3,OnTime,-24,Long Haul,Good
3493,Indigo,5861,26,93,OnTime,67,Medium Long,Poor
3494,Delta,9119,65,106,OnTime,41,Long Haul,Poor
3495,Lufthansa,1104,163,136,Delayed,-27,Short Haul,Poor
3496,Delta,6805,95,76,OnTime,-19,Medium Long,Poor
3497,Lufthansa,5951,72,160,OnTime,88,Medium Long,Poor
3498,Delta,3567,27,62,Delayed,35,Medium Long,Poor
3499,Lufthansa,11680,167,166,OnTime,-1,Long Haul,Poor
3500,Emirates,1550,42,65,OnTime,23,Short Haul,Poor
3501,Lufthansa,7681,131,42,OnTime,-89,Long Haul,Poor
3502,Emirates,8469,138,135,OnTime,-3,Long Haul,Poor
3503,Emirates,7828,93,142,Delayed,49,Long Haul,Poor
3504,Indigo,6221,154,137,OnTime,-17,Medium Long,Poor
3505,Delta,9231,159,63,OnTime,-96,Long Haul,Poor
3506,Emirates,11552,34,131,OnTime,97,Long Haul,Poor
3507,Emirates,6865,82,94,Delayed,12,Medium Long,Poor
3508,Delta,7216,67,160,OnTime,93,Long Haul,Poor
3509,Indigo,3376,71,57,Delayed,-14,Medium Long,Poor
3510,Indigo,473,17,28,OnTime,11,Short Haul,Good
3511,Indigo,6979,11,6,OnTime,-5,Medium Long,Good
3512,Emirates,3827,58,41,Delayed,-17,Medium Long,Poor
3513,Lufthansa,2240,61,177,Delayed,116,Short Haul,Poor
3514,Lufthansa,6195,99,137,Delayed,38,Medium Long,Poor
3515,Indigo,8592,139,66,Delayed,-73,Long Haul,Poor
3516,Indigo,7236,165,44,Delayed,-121,Long Haul,Poor
3517,Lufthansa,10258,58,116,Delayed,58,Long Haul,Poor
3518,Lufthansa,493,159,143,Delayed,-16,Short Haul,Poor
3519,Emirates,5411,67,157,Delayed,90,Medium Long,Poor
3520,Lufthansa,5337,69,13,Delayed,-56,Medium Long,Good
3521,Emirates,11408,120,73,OnTime,-47,Long Haul,Poor
3522,Delta,7043,5,12,Delayed,7,Long Haul,Good
3523,Emirates,10206,116,153,Delayed,37,Long Haul,Poor
3524,Delta,9254,1,80,Delayed,79,Long Haul,Poor
3525,Lufthansa,2939,109,57,OnTime,-52,Short Haul,Poor
3526,Indigo,3879,85,24,OnTime,-61,Medium Long,Good
3527,Delta,11552,136,112,Delayed,-24,Long Haul,Poor
3528,Delta,7740,132,148,OnTime,16,Long Haul,Poor
3529,Emirates,8930,57,175,OnTime,118,Long Haul,Poor
3530,Lufthansa,1786,100,23,OnTime,-77,Short Haul,Good
3531,Indigo,10551,142,183,Delayed,41,Long Haul,Poor
3532,Emirates,5981,157,95,OnTime,-62,Medium Long,Poor
3533,Delta,11997,115,82,OnTime,-33,Long Haul,Poor
3534,Emirates,8103,31,133,Delayed,102,Long Haul,Poor
3535,Lufthansa,4359,138,58,OnTime,-80,Medium Long,Poor
3536,Emirates,7278,15,132,Delayed,117,Long Haul,Poor
3537,Indigo,10517,160,38,Delayed,-122,Long Haul,Poor
3538,Delta,11019,101,179,OnTime,78,Long Haul,Poor
3539,Lufthansa,7342,92,83,Delayed,-9,Long Haul,Poor
3540,Lufthansa,2297,176,162,OnTime,-14,Short Haul,Poor
3541,Emirates,4943,128,88,Delayed,-40,Medium Long,Poor
3542,Emirates,8206,60,95,Delayed,35,Long Haul,Poor
3543,Emirates,5774,150,83,OnTime,-67,Medium Long,Poor
3544,Emirates,5737,66,16,OnTime,-50,Medium Long,Good
3545,Emirates,7020,171,31,OnTime,-140,Long Haul,Poor
3546,Emirates,11004,142,176,Delayed,34,Long Haul,Poor
3547,Emirates,3159,30,33,OnTime,3,Medium Long,Poor
3548,Indigo,9373,28,77,Delayed,49,Long Haul,Poor
3549,Indigo,3654,168,41,Delayed,-127,Medium Long,Poor
3550,Lufthansa,8615,121,140,OnTime,19,Long Haul,Poor
3551,Lufthansa,6225,72,198,OnTime,126,Medium Long,Poor
3552,Emirates,7005,165,64,Delayed,-101,Long Haul,Poor
3553,Lufthansa,3007,3,136,Delayed,133,Medium Long,Poor
3554,Emirates,9687,42,39,OnTime,-3,Long Haul,Poor
3555,Delta,7703,99,8,Delayed,-91,Long Haul,Good
3556,Delta,3885,171,15,OnTime,-156,Medium Long,Good
3557,Indigo,2547,10,97,OnTime,87,Short Haul,Poor
3558,Lufthansa,3197,150,63,OnTime,-87,Medium Long,Poor
3559,Emirates,7246,55,94,OnTime,39,Long Haul,Poor
3560,Delta,2303,159,131,Delayed,-28,Short Haul,Poor
3561,Lufthansa,3892,31,185,Delayed,154,Medium Long,Poor
3562,Delta,681,176,186,OnTime,10,Short Haul,Poor
3563,Emirates,11039,172,106,Delayed,-66,Long Haul,Poor
3564,Delta,1321,106,113,Delayed,7,Short Haul,Poor
3565,Delta,11817,172,36,Delayed,-136,Long Haul,Poor
3566,Indigo,8481,65,2,OnTime,-63,Long Haul,Good
3567,Delta,1040,52,160,Delayed,108,Short Haul,Poor
3568,Lufthansa,11152,166,23,Delayed,-143,Long Haul,Good
3569,Lufthansa,11567,123,1,OnTime,-122,Long Haul,Good
3570,Delta,6310,121,159,Delayed,38,Medium Long,Poor
3571,Delta,7005,106,188,Delayed,82,Long Haul,Poor
3572,Delta,3644,99,24,Delayed,-75,Medium Long,Good
3573,Indigo,11043,35,52,OnTime,17,Long Haul,Poor
3574,Emirates,5912,98,174,OnTime,76,Medium Long,Poor
3575,Delta,5969,130,166,Delayed,36,Medium Long,Poor
3576,Lufthansa,3000,28,10,Delayed,-18,Medium Long,Good
3577,Emirates,1837,42,98,OnTime,56,Short Haul,Poor
3578,Indigo,9515,93,79,OnTime,-14,Long Haul,Poor
3579,Indigo,2810,139,75,Delayed,-64,Short Haul,Poor
3580,Indigo,3982,110,52,OnTime,-58,Medium Long,Poor
3581,Emirates,5229,46,128,OnTime,82,Medium Long,Poor
3582,Indigo,2952,139,19,OnTime,-120,Short Haul,Good
3583,Lufthansa,5340,16,43,Delayed,27,Medium Long,Poor
3584,Delta,338,15,183,OnTime,168,Short Haul,Poor
3585,Indigo,1464,73,155,OnTime,82,Short Haul,Poor
3586,Delta,4543,47,102,OnTime,55,Medium Long,Poor
3587,Emirates,11130,60,49,Delayed,-11,Long Haul,Poor
3588,Delta,10644,61,62,Delayed,1,Long Haul,Poor
3589,Emirates,8617,115,99,OnTime,-16,Long Haul,Poor
3590,Lufthansa,7355,107,86,OnTime,-21,Long Haul,Poor
3591,Emirates,10330,40,99,OnTime,59,Long Haul,Poor
3592,Lufthansa,7879,93,34,OnTime,-59,Long Haul,Poor
3593,Emirates,8002,164,176,OnTime,12,Long Haul,Poor
3594,Delta,5005,46,54,OnTime,8,Medium Long,Poor
3595,Indigo,7676,81,13,Delayed,-68,Long Haul,Good
3596,Lufthansa,804,58,101,Delayed,43,Short Haul,Poor
3597,Indigo,1093,137,14,OnTime,-123,Short Haul,Good
3598,Lufthansa,11053,1,2,Delayed,1,Long Haul,Good
3599,Emirates,10538,80,12,Delayed,-68,Long Haul,Good
3600,Delta,6400,156,67,Delayed,-89,Medium Long,Poor
3601,Delta,207,94,137,Delayed,43,Short Haul,Poor
3602,Indigo,7942,118,127,Delayed,9,Long Haul,Poor
3603,Lufthansa,7879,2,46,OnTime,44,Long Haul,Poor
3604,Lufthansa,2118,120,22,OnTime,-98,Short Haul,Good
3605,Emirates,7564,146,151,OnTime,5,Long Haul,Poor
3606,Lufthansa,10430,39,35,OnTime,-4,Long Haul,Poor
3607,Emirates,1427,177,191,Delayed,14,Short Haul,Poor
3608,Lufthansa,6254,3,13,OnTime,10,Medium Long,Good
3609,Delta,5091,84,170,Delayed,86,Medium Long,Poor
3610,Emirates,1146,54,153,OnTime,99,Short Haul,Poor
3611,Lufthansa,11364,22,157,Delayed,135,Long Haul,Poor
3612,Delta,516,32,82,OnTime,50,Short Haul,Poor
3613,Emirates,3958,78,146,OnTime,68,Medium Long,Poor
3614,Indigo,4178,126,72,Delayed,-54,Medium Long,Poor
3615,Delta,10095,146,158,OnTime,12,Long Haul,Poor
3616,Emirates,11986,153,118,Delayed,-35,Long Haul,Poor
3617,Emirates,9015,85,186,Delayed,101,Long Haul,Poor
3618,Indigo,2823,171,104,OnTime,-67,Short Haul,Poor
3619,Delta,8976,3,35,OnTime,32,Long Haul,Poor
3620,Delta,2476,168,57,Delayed,-111,Short Haul,Poor
3621,Delta,8157,141,71,OnTime,-70,Long Haul,Poor
3622,Indigo,7220,88,47,OnTime,-41,Long Haul,Poor
3623,Delta,8218,63,23,OnTime,-40,Long Haul,Good
3624,Lufthansa,2286,131,14,Delayed,-117,Short Haul,Good
3625,Indigo,3055,75,171,OnTime,96,Medium Long,Poor
3626,Indigo,8754,44,158,Delayed,114,Long Haul,Poor
3627,Indigo,4934,21,113,Delayed,92,Medium Long,Poor
3628,Indigo,2640,134,42,OnTime,-92,Short Haul,Poor
3629,Indigo,10139,68,199,Delayed,131,Long Haul,Poor
3630,Delta,7066,139,103,OnTime,-36,Long Haul,Poor
3631,Indigo,5192,158,157,Delayed,-1,Medium Long,Poor
3632,Lufthansa,8649,131,69,OnTime,-62,Long Haul,Poor
3633,Delta,1643,101,175,Delayed,74,Short Haul,Poor
3634,Indigo,7677,25,188,OnTime,163,Long Haul,Poor
3635,Lufthansa,1812,171,39,OnTime,-132,Short Haul,Poor
3636,Indigo,10314,50,145,OnTime,95,Long Haul,Poor
3637,Indigo,2193,153,157,Delayed,4,Short Haul,Poor
3638,Indigo,5532,160,88,OnTime,-72,Medium Long,Poor
3639,Indigo,11924,114,171,OnTime,57,Long Haul,Poor
3640,Emirates,7151,92,184,OnTime,92,Long Haul,Poor
3641,Delta,8822,50,63,Delayed,13,Long Haul,Poor
3642,Delta,10191,90,76,OnTime,-14,Long Haul,Poor
3643,Delta,6776,112,30,OnTime,-82,Medium Long,Good
3644,Emirates,1633,117,166,Delayed,49,Short Haul,Poor
3645,Emirates,4227,57,194,OnTime,137,Medium Long,Poor
3646,Lufthansa,10053,40,157,Delayed,117,Long Haul,Poor
3647,Emirates,11198,88,20,Delayed,-68,Long Haul,Good
3648,Delta,7357,125,111,Delayed,-14,Long Haul,Poor
3649,Delta,9695,144,112,Delayed,-32,Long Haul,Poor
3650,Delta,7410,150,53,Delayed,-97,Long Haul,Poor
3651,Delta,8498,23,62,Delayed,39,Long Haul,Poor
3652,Emirates,1950,45,149,Delayed,104,Short Haul,Poor
3653,Delta,4399,24,134,Delayed,110,Medium Long,Poor
3654,Delta,6484,33,26,OnTime,-7,Medium Long,Good
3655,Indigo,10083,37,108,Delayed,71,Long Haul,Poor
3656,Delta,3560,66,25,OnTime,-41,Medium Long,Good
3657,Indigo,4208,124,54,Delayed,-70,Medium Long,Poor
3658,Emirates,7315,30,66,OnTime,36,Long Haul,Poor
3659,Lufthansa,11368,158,56,OnTime,-102,Long Haul,Poor
3660,Emirates,8931,20,37,Delayed,17,Long Haul,Poor
3661,Emirates,4361,76,22,OnTime,-54,Medium Long,Good
3662,Delta,9046,8,151,Delayed,143,Long Haul,Poor
3663,Lufthansa,8960,179,117,Delayed,-62,Long Haul,Poor
3664,Indigo,965,108,16,OnTime,-92,Short Haul,Good
3665,Delta,6450,156,181,OnTime,25,Medium Long,Poor
3666,Delta,6731,54,160,OnTime,106,Medium Long,Poor
3667,Indigo,10621,38,74,Delayed,36,Long Haul,Poor
3668,Delta,3309,61,103,Delayed,42,Medium Long,Poor
3669,Emirates,5333,65,28,Delayed,-37,Medium Long,Good
3670,Lufthansa,496,168,135,Delayed,-33,Short Haul,Poor
3671,Indigo,9821,135,115,OnTime,-20,Long Haul,Poor
3672,Emirates,8693,32,99,OnTime,67,Long Haul,Poor
3673,Emirates,805,45,47,OnTime,2,Short Haul,Poor
3674,Indigo,3045,134,148,OnTime,14,Medium Long,Poor
3675,Lufthansa,3533,103,113,OnTime,10,Medium Long,Poor
3676,Lufthansa,10663,1,189,OnTime,188,Long Haul,Poor
3677,Lufthansa,1634,80,44,Delayed,-36,Short Haul,Poor
3678,Delta,6622,92,108,OnTime,16,Medium Long,Poor
3679,Emirates,7963,87,71,OnTime,-16,Long Haul,Poor
3680,Delta,3630,3,176,Delayed,173,Medium Long,Poor
3681,Lufthansa,4291,76,107,OnTime,31,Medium Long,Poor
3682,Delta,3220,18,34,OnTime,16,Medium Long,Poor
3683,Indigo,7681,111,33,OnTime,-78,Long Haul,Poor
3684,Indigo,10950,176,54,Delayed,-122,Long Haul,Poor
3685,Emirates,4329,156,182,OnTime,26,Medium Long,Poor
3686,Indigo,2496,164,77,Delayed,-87,Short Haul,Poor
3687,Lufthansa,9985,138,96,OnTime,-42,Long Haul,Poor
3688,Delta,11983,27,58,Delayed,31,Long Haul,Poor
3689,Delta,6590,1,140,Delayed,139,Medium Long,Poor
3690,Delta,5406,170,62,OnTime,-108,Medium Long,Poor
3691,Indigo,9306,98,8,OnTime,-90,Long Haul,Good
3692,Delta,8258,152,106,Delayed,-46,Long Haul,Poor
3693,Delta,9410,142,111,OnTime,-31,Long Haul,Poor
3694,Delta,11276,22,31,OnTime,9,Long Haul,Poor
3695,Emirates,10725,162,37,OnTime,-125,Long Haul,Poor
3696,Lufthansa,5584,118,193,OnTime,75,Medium Long,Poor
3697,Emirates,10469,57,176,Delayed,119,Long Haul,Poor
3698,Lufthansa,5784,85,70,OnTime,-15,Medium Long,Poor
3699,Indigo,4977,146,99,Delayed,-47,Medium Long,Poor
3700,Lufthansa,4542,53,1,Delayed,-52,Medium Long,Good
3701,Delta,3967,127,179,Delayed,52,Medium Long,Poor
3702,Delta,5634,132,161,Delayed,29,Medium Long,Poor
3703,Delta,1495,117,39,Delayed,-78,Short Haul,Poor
3704,Lufthansa,3800,169,64,OnTime,-105,Medium Long,Poor
3705,Lufthansa,3726,80,73,OnTime,-7,Medium Long,Poor
3706,Delta,11771,178,128,OnTime,-50,Long Haul,Poor
3707,Emirates,11063,130,97,Delayed,-33,Long Haul,Poor
3708,Indigo,11272,17,74,Delayed,57,Long Haul,Poor
3709,Emirates,4579,72,90,Delayed,18,Medium Long,Poor
3710,Emirates,4629,8,9,OnTime,1,Medium Long,Good
3711,Lufthansa,5693,85,49,Delayed,-36,Medium Long,Poor
3712,Lufthansa,1258,26,58,Delayed,32,Short Haul,Poor
3713,Lufthansa,8247,106,54,Delayed,-52,Long Haul,Poor
3714,Emirates,7936,103,197,Delayed,94,Long Haul,Poor
3715,Indigo,11026,17,70,OnTime,53,Long Haul,Poor
3716,Lufthansa,5061,179,39,OnTime,-140,Medium Long,Poor
3717,Indigo,9411,79,134,Delayed,55,Long Haul,Poor
3718,Delta,1977,165,106,Delayed,-59,Short Haul,Poor
3719,Delta,2125,79,45,OnTime,-34,Short Haul,Poor
3720,Indigo,6203,47,137,Delayed,90,Medium Long,Poor
3721,Lufthansa,3267,65,32,Delayed,-33,Medium Long,Poor
3722,Lufthansa,3900,149,148,Delayed,-1,Medium Long,Poor
3723,Lufthansa,10753,121,135,Delayed,14,Long Haul,Poor
3724,Indigo,559,93,114,OnTime,21,Short Haul,Poor
3725,Delta,3463,60,96,Delayed,36,Medium Long,Poor
3726,Indigo,4785,15,75,OnTime,60,Medium Long,Poor
3727,Lufthansa,6984,120,94,Delayed,-26,Medium Long,Poor
3728,Lufthansa,5045,138,102,Delayed,-36,Medium Long,Poor
3729,Delta,3089,117,83,OnTime,-34,Medium Long,Poor
3730,Emirates,7057,99,175,Delayed,76,Long Haul,Poor
3731,Lufthansa,4540,144,120,OnTime,-24,Medium Long,Poor
3732,Indigo,1879,80,44,Delayed,-36,Short Haul,Poor
3733,Lufthansa,384,46,138,Delayed,92,Short Haul,Poor
3734,Delta,455,101,122,Delayed,21,Short Haul,Poor
3735,Indigo,8813,89,172,OnTime,83,Long Haul,Poor
3736,Delta,9131,167,133,Delayed,-34,Long Haul,Poor
3737,Indigo,8489,148,190,OnTime,42,Long Haul,Poor
3738,Delta,5889,1,190,Delayed,189,Medium Long,Poor
3739,Lufthansa,11426,158,187,Delayed,29,Long Haul,Poor
3740,Delta,4246,55,198,Delayed,143,Medium Long,Poor
3741,Lufthansa,11677,46,55,Delayed,9,Long Haul,Poor
3742,Indigo,8238,167,158,OnTime,-9,Long Haul,Poor
3743,Delta,10732,46,137,OnTime,91,Long Haul,Poor
3744,Indigo,10442,98,113,OnTime,15,Long Haul,Poor
3745,Delta,9581,121,170,Delayed,49,Long Haul,Poor
3746,Delta,10359,135,27,Delayed,-108,Long Haul,Good
3747,Emirates,4647,3,2,Delayed,-1,Medium Long,Good
3748,Lufthansa,1407,13,91,OnTime,78,Short Haul,Poor
3749,Indigo,8049,139,162,OnTime,23,Long Haul,Poor
3750,Emirates,4390,53,18,OnTime,-35,Medium Long,Good
3751,Emirates,11321,153,172,OnTime,19,Long Haul,Poor
3752,Emirates,4598,146,169,Delayed,23,Medium Long,Poor
3753,Lufthansa,5958,164,184,OnTime,20,Medium Long,Poor
3754,Delta,11896,134,63,Delayed,-71,Long Haul,Poor
3755,Delta,11497,171,134,Delayed,-37,Long Haul,Poor
3756,Indigo,6624,112,135,OnTime,23,Medium Long,Poor
3757,Delta,2060,97,140,OnTime,43,Short Haul,Poor
3758,Delta,4090,149,26,OnTime,-123,Medium Long,Good
3759,Delta,1605,155,27,OnTime,-128,Short Haul,Good
3760,Emirates,10360,16,40,Delayed,24,Long Haul,Poor
3761,Delta,11595,138,176,Delayed,38,Long Haul,Poor
3762,Emirates,8816,61,190,Delayed,129,Long Haul,Poor
3763,Indigo,4308,13,78,OnTime,65,Medium Long,Poor
3764,Emirates,2216,6,195,Delayed,189,Short Haul,Poor
3765,Lufthansa,5777,26,53,Delayed,27,Medium Long,Poor
3766,Indigo,5621,125,170,OnTime,45,Medium Long,Poor
3767,Delta,638,26,131,Delayed,105,Short Haul,Poor
3768,Emirates,486,44,70,Delayed,26,Short Haul,Poor
3769,Emirates,5719,61,72,OnTime,11,Medium Long,Poor
3770,Emirates,11952,70,123,Delayed,53,Long Haul,Poor
3771,Lufthansa,5135,69,103,Delayed,34,Medium Long,Poor
3772,Delta,10415,22,159,OnTime,137,Long Haul,Poor
3773,Lufthansa,11892,177,77,Delayed,-100,Long Haul,Poor
3774,Lufthansa,11154,167,2,Delayed,-165,Long Haul,Good
3775,Indigo,7073,20,39,OnTime,19,Long Haul,Poor
3776,Emirates,5357,9,170,Delayed,161,Medium Long,Poor
3777,Emirates,2815,158,162,OnTime,4,Short Haul,Poor
3778,Indigo,954,86,6,OnTime,-80,Short Haul,Good
3779,Indigo,8053,70,70,Delayed,0,Long Haul,Poor
3780,Delta,1945,146,12,Delayed,-134,Short Haul,Good
3781,Emirates,4930,62,51,OnTime,-11,Medium Long,Poor
3782,Emirates,6074,117,165,OnTime,48,Medium Long,Poor
3783,Emirates,7280,157,23,Delayed,-134,Long Haul,Good
3784,Lufthansa,5881,13,112,OnTime,99,Medium Long,Poor
3785,Indigo,10961,26,97,Delayed,71,Long Haul,Poor
3786,Delta,11768,98,0,Delayed,-98,Long Haul,Good
3787,Indigo,5450,113,37,Delayed,-76,Medium Long,Poor
3788,Emirates,4220,79,37,Delayed,-42,Medium Long,Poor
3789,Lufthansa,1793,150,163,Delayed,13,Short Haul,Poor
3790,Delta,11855,60,25,Delayed,-35,Long Haul,Good
3791,Delta,2766,68,102,Delayed,34,Short Haul,Poor
3792,Delta,2609,21,38,Delayed,17,Short Haul,Poor
3793,Indigo,10691,31,127,OnTime,96,Long Haul,Poor
3794,Delta,6519,126,111,Delayed,-15,Medium Long,Poor
3795,Lufthansa,10382,38,167,OnTime,129,Long Haul,Poor
3796,Emirates,3240,26,156,Delayed,130,Medium Long,Poor
3797,Indigo,4197,34,104,OnTime,70,Medium Long,Poor
3798,Lufthansa,8781,165,25,OnTime,-140,Long Haul,Good
3799,Delta,6509,3,46,Delayed,43,Medium Long,Poor
3800,Lufthansa,2351,28,178,OnTime,150,Short Haul,Poor
3801,Lufthansa,3202,70,110,OnTime,40,Medium Long,Poor
3802,Delta,5328,161,18,OnTime,-143,Medium Long,Good
3803,Delta,11277,43,87,Delayed,44,Long Haul,Poor
3804,Lufthansa,9921,43,164,Delayed,121,Long Haul,Poor
3805,Lufthansa,2607,148,171,OnTime,23,Short Haul,Poor
3806,Indigo,3507,0,138,OnTime,138,Medium Long,Poor
3807,Emirates,7876,117,62,Delayed,-55,Long Haul,Poor
3808,Emirates,8320,131,109,Delayed,-22,Long Haul,Poor
3809,Delta,9662,1,120,Delayed,119,Long Haul,Poor
3810,Emirates,5211,2,10,Delayed,8,Medium Long,Good
3811,Emirates,7792,146,100,OnTime,-46,Long Haul,Poor
3812,Emirates,11181,152,35,OnTime,-117,Long Haul,Poor
3813,Lufthansa,4661,40,30,Delayed,-10,Medium Long,Good
3814,Lufthansa,4101,40,9,OnTime,-31,Medium Long,Good
3815,Emirates,11587,1,196,OnTime,195,Long Haul,Poor
3816,Indigo,4175,29,188,Delayed,159,Medium Long,Poor
3817,Lufthansa,533,133,146,OnTime,13,Short Haul,Poor
3818,Indigo,11224,131,32,Delayed,-99,Long Haul,Poor
3819,Lufthansa,275,22,193,Delayed,171,Short Haul,Poor
3820,Emirates,4020,155,159,Delayed,4,Medium Long,Poor
3821,Lufthansa,1849,67,1,Delayed,-66,Short Haul,Good
3822,Delta,10698,92,21,OnTime,-71,Long Haul,Good
3823,Emirates,2514,20,63,OnTime,43,Short Haul,Poor
3824,Delta,6685,91,185,Delayed,94,Medium Long,Poor
3825,Delta,11101,78,134,Delayed,56,Long Haul,Poor
3826,Delta,1295,64,142,Delayed,78,Short Haul,Poor
3827,Indigo,9136,8,137,OnTime,129,Long Haul,Poor
3828,Lufthansa,1316,107,90,OnTime,-17,Short Haul,Poor
3829,Indigo,321,38,105,OnTime,67,Short Haul,Poor
3830,Indigo,4770,83,53,Delayed,-30,Medium Long,Poor
3831,Lufthansa,3330,12,69,OnTime,57,Medium Long,Poor
3832,Lufthansa,5042,8,100,Delayed,92,Medium Long,Poor
3833,Indigo,5283,15,21,OnTime,6,Medium Long,Good
3834,Emirates,8448,17,153,Delayed,136,Long Haul,Poor
3835,Delta,4685,104,197,Delayed,93,Medium Long,Poor
3836,Delta,11566,132,24,OnTime,-108,Long Haul,Good
3837,Emirates,7458,37,53,OnTime,16,Long Haul,Poor
3838,Emirates,10895,164,41,Delayed,-123,Long Haul,Poor
3839,Delta,5261,39,109,Delayed,70,Medium Long,Poor
3840,Lufthansa,5068,167,124,Delayed,-43,Medium Long,Poor
3841,Indigo,11313,119,127,Delayed,8,Long Haul,Poor
3842,Lufthansa,1157,60,186,OnTime,126,Short Haul,Poor
3843,Delta,8126,160,178,OnTime,18,Long Haul,Poor
3844,Emirates,615,26,99,OnTime,73,Short Haul,Poor
3845,Delta,7950,46,71,OnTime,25,Long Haul,Poor
3846,Indigo,3963,51,131,Delayed,80,Medium Long,Poor
3847,Emirates,2911,129,191,OnTime,62,Short Haul,Poor
3848,Delta,11831,132,193,OnTime,61,Long Haul,Poor
3849,Lufthansa,3056,13,9,OnTime,-4,Medium Long,Good
3850,Indigo,6630,50,153,OnTime,103,Medium Long,Poor
3851,Delta,3016,33,40,OnTime,7,Medium Long,Poor
3852,Lufthansa,1076,146,199,Delayed,53,Short Haul,Poor
3853,Lufthansa,11398,85,107,OnTime,22,Long Haul,Poor
3854,Emirates,7884,28,176,OnTime,148,Long Haul,Poor
3855,Indigo,5082,147,191,Delayed,44,Medium Long,Poor
3856,Indigo,4669,56,85,Delayed,29,Medium Long,Poor
3857,Lufthansa,3064,115,174,Delayed,59,Medium Long,Poor
3858,Emirates,4791,16,94,Delayed,78,Medium Long,Poor
3859,Emirates,11475,77,98,OnTime,21,Long Haul,Poor
3860,Delta,11226,23,90,Delayed,67,Long Haul,Poor
3861,Emirates,8024,3,137,OnTime,134,Long Haul,Poor
3862,Delta,9718,113,120,OnTime,7,Long Haul,Poor
3863,Indigo,11479,134,19,OnTime,-115,Long Haul,Good
3864,Lufthansa,378,162,191,Delayed,29,Short Haul,Poor
3865,Delta,7525,118,180,Delayed,62,Long Haul,Poor
3866,Lufthansa,11509,108,122,OnTime,14,Long Haul,Poor
3867,Indigo,2854,5,113,OnTime,108,Short Haul,Poor
3868,Emirates,11594,65,168,Delayed,103,Long Haul,Poor
3869,Emirates,2835,0,114,OnTime,114,Short Haul,Poor
3870,Indigo,6834,150,159,Delayed,9,Medium Long,Poor
3871,Emirates,8758,50,49,Delayed,-1,Long Haul,Poor
3872,Delta,6549,143,85,Delayed,-58,Medium Long,Poor
3873,Emirates,757,0,148,OnTime,148,Short Haul,Poor
3874,Indigo,8875,126,168,OnTime,42,Long Haul,Poor
3875,Lufthansa,825,61,8,OnTime,-53,Short Haul,Good
3876,Emirates,10493,150,19,Delayed,-131,Long Haul,Good
3877,Emirates,1886,130,42,Delayed,-88,Short Haul,Poor
3878,Lufthansa,3821,112,131,Delayed,19,Medium Long,Poor
3879,Delta,5996,140,112,OnTime,-28,Medium Long,Poor
3880,Delta,6552,94,72,OnTime,-22,Medium Long,Poor
3881,Indigo,8155,64,164,OnTime,100,Long Haul,Poor
3882,Delta,8268,165,136,OnTime,-29,Long Haul,Poor
3883,Lufthansa,7752,17,97,Delayed,80,Long Haul,Poor
3884,Lufthansa,8707,72,37,Delayed,-35,Long Haul,Poor
3885,Delta,5799,95,160,OnTime,65,Medium Long,Poor
3886,Delta,10760,71,48,Delayed,-23,Long Haul,Poor
3887,Lufthansa,1032,152,138,Delayed,-14,Short Haul,Poor
3888,Emirates,9163,56,18,Delayed,-38,Long Haul,Good
3889,Emirates,9768,85,189,OnTime,104,Long Haul,Poor
3890,Emirates,11795,155,82,Delayed,-73,Long Haul,Poor
3891,Indigo,4037,125,59,OnTime,-66,Medium Long,Poor
3892,Emirates,7552,172,145,Delayed,-27,Long Haul,Poor
3893,Indigo,4633,104,38,OnTime,-66,Medium Long,Poor
3894,Delta,1679,120,17,OnTime,-103,Short Haul,Good
3895,Emirates,10651,71,36,OnTime,-35,Long Haul,Poor
3896,Indigo,9288,1,114,OnTime,113,Long Haul,Poor
3897,Lufthansa,3369,173,10,Delayed,-163,Medium Long,Good
3898,Indigo,4156,140,59,Delayed,-81,Medium Long,Poor
3899,Lufthansa,7626,168,117,OnTime,-51,Long Haul,Poor
3900,Lufthansa,11913,137,167,Delayed,30,Long Haul,Poor
3901,Indigo,4892,163,83,Delayed,-80,Medium Long,Poor
3902,Indigo,1705,94,61,OnTime,-33,Short Haul,Poor
3903,Indigo,5593,35,19,Delayed,-16,Medium Long,Good
3904,Lufthansa,5508,116,92,OnTime,-24,Medium Long,Poor
3905,Lufthansa,271,61,112,OnTime,51,Short Haul,Poor
3906,Delta,3798,160,154,Delayed,-6,Medium Long,Poor
3907,Emirates,3082,40,180,Delayed,140,Medium Long,Poor
3908,Indigo,1147,69,40,Delayed,-29,Short Haul,Poor
3909,Delta,1516,30,15,Delayed,-15,Short Haul,Good
3910,Delta,5162,50,12,OnTime,-38,Medium Long,Good
3911,Lufthansa,7800,14,22,OnTime,8,Long Haul,Good
3912,Lufthansa,4066,104,81,Delayed,-23,Medium Long,Poor
3913,Emirates,11509,99,48,Delayed,-51,Long Haul,Poor
3914,Lufthansa,6674,90,57,Delayed,-33,Medium Long,Poor
3915,Delta,6153,98,66,OnTime,-32,Medium Long,Poor
3916,Delta,5131,98,18,OnTime,-80,Medium Long,Good
3917,Indigo,4116,154,37,Delayed,-117,Medium Long,Poor
3918,Emirates,4368,120,30,OnTime,-90,Medium Long,Good
3919,Emirates,9802,136,134,Delayed,-2,Long Haul,Poor
3920,Emirates,10839,33,25,OnTime,-8,Long Haul,Good
3921,Emirates,3990,34,89,Delayed,55,Medium Long,Poor
3922,Lufthansa,7737,76,173,Delayed,97,Long Haul,Poor
3923,Indigo,6656,117,27,Delayed,-90,Medium Long,Good
3924,Emirates,11188,58,82,Delayed,24,Long Haul,Poor
3925,Emirates,7284,128,61,OnTime,-67,Long Haul,Poor
3926,Delta,7606,100,126,OnTime,26,Long Haul,Poor
3927,Indigo,9632,4,35,OnTime,31,Long Haul,Poor
3928,Indigo,7885,155,150,OnTime,-5,Long Haul,Poor
3929,Emirates,9430,119,76,OnTime,-43,Long Haul,Poor
3930,Lufthansa,1725,43,52,Delayed,9,Short Haul,Poor
3931,Delta,4554,65,120,OnTime,55,Medium Long,Poor
3932,Lufthansa,10045,119,150,OnTime,31,Long Haul,Poor
3933,Emirates,9414,179,17,Delayed,-162,Long Haul,Good
3934,Lufthansa,10321,140,12,Delayed,-128,Long Haul,Good
3935,Lufthansa,9027,149,35,Delayed,-114,Long Haul,Poor
3936,Delta,7111,74,194,OnTime,120,Long Haul,Poor
3937,Delta,3592,2,193,Delayed,191,Medium Long,Poor
3938,Lufthansa,2460,90,141,OnTime,51,Short Haul,Poor
3939,Indigo,5307,31,79,OnTime,48,Medium Long,Poor
3940,Delta,10516,34,69,OnTime,35,Long Haul,Poor
3941,Emirates,3969,129,119,Delayed,-10,Medium Long,Poor
3942,Emirates,11051,113,45,Delayed,-68,Long Haul,Poor
3943,Emirates,9330,123,13,OnTime,-110,Long Haul,Good
3944,Emirates,7251,136,167,Delayed,31,Long Haul,Poor
3945,Emirates,2431,159,37,OnTime,-122,Short Haul,Poor
3946,Indigo,4345,162,113,OnTime,-49,Medium Long,Poor
3947,Lufthansa,11892,152,78,Delayed,-74,Long Haul,Poor
3948,Emirates,5387,140,112,Delayed,-28,Medium Long,Poor
3949,Indigo,1490,42,48,OnTime,6,Short Haul,Poor
3950,Lufthansa,824,52,34,OnTime,-18,Short Haul,Poor
3951,Emirates,1656,140,115,OnTime,-25,Short Haul,Poor
3952,Indigo,6624,170,134,Delayed,-36,Medium Long,Poor
3953,Delta,8337,122,40,OnTime,-82,Long Haul,Poor
3954,Delta,7048,68,59,OnTime,-9,Long Haul,Poor
3955,Indigo,3664,7,85,Delayed,78,Medium Long,Poor
3956,Delta,1747,150,105,OnTime,-45,Short Haul,Poor
3957,Indigo,8160,164,49,Delayed,-115,Long Haul,Poor
3958,Delta,7558,67,119,Delayed,52,Long Haul,Poor
3959,Indigo,10098,12,26,OnTime,14,Long Haul,Good
3960,Delta,7940,26,187,OnTime,161,Long Haul,Poor
3961,Lufthansa,1239,103,167,Delayed,64,Short Haul,Poor
3962,Lufthansa,8249,71,77,Delayed,6,Long Haul,Poor
3963,Delta,2961,94,161,OnTime,67,Short Haul,Poor
3964,Delta,6351,116,57,Delayed,-59,Medium Long,Poor
3965,Emirates,5930,112,65,Delayed,-47,Medium Long,Poor
3966,Indigo,6530,104,94,OnTime,-10,Medium Long,Poor
3967,Indigo,5708,136,90,OnTime,-46,Medium Long,Poor
3968,Delta,8449,68,147,OnTime,79,Long Haul,Poor
3969,Delta,5562,64,28,OnTime,-36,Medium Long,Good
3970,Lufthansa,7680,49,82,Delayed,33,Long Haul,Poor
3971,Indigo,4348,176,53,OnTime,-123,Medium Long,Poor
3972,Lufthansa,10263,72,85,Delayed,13,Long Haul,Poor
3973,Lufthansa,3861,77,25,Delayed,-52,Medium Long,Good
3974,Delta,7697,154,20,Delayed,-134,Long Haul,Good
3975,Delta,7720,63,65,Delayed,2,Long Haul,Poor
3976,Lufthansa,10940,38,109,Delayed,71,Long Haul,Poor
3977,Delta,11031,2,119,OnTime,117,Long Haul,Poor
3978,Indigo,9317,89,57,OnTime,-32,Long Haul,Poor
3979,Indigo,6764,122,54,OnTime,-68,Medium Long,Poor
3980,Indigo,8017,20,22,OnTime,2,Long Haul,Good
3981,Delta,8847,41,20,OnTime,-21,Long Haul,Good
3982,Indigo,10961,54,28,Delayed,-26,Long Haul,Good
3983,Emirates,599,47,97,Delayed,50,Short Haul,Poor
3984,Emirates,4660,81,108,Delayed,27,Medium Long,Poor
3985,Emirates,9171,94,8,Delayed,-86,Long Haul,Good
3986,Lufthansa,10811,53,198,OnTime,145,Long Haul,Poor
3987,Delta,6133,106,11,Delayed,-95,Medium Long,Good
3988,Delta,2471,104,92,Delayed,-12,Short Haul,Poor
3989,Indigo,8965,89,107,Delayed,18,Long Haul,Poor
3990,Emirates,7700,89,38,OnTime,-51,Long Haul,Poor
3991,Emirates,6484,14,199,OnTime,185,Medium Long,Poor
3992,Delta,8531,65,149,OnTime,84,Long Haul,Poor
3993,Emirates,4173,144,23,OnTime,-121,Medium Long,Good
3994,Indigo,10043,23,63,Delayed,40,Long Haul,Poor
3995,Delta,4841,13,61,OnTime,48,Medium Long,Poor
3996,Indigo,3545,143,94,Delayed,-49,Medium Long,Poor
3997,Lufthansa,11738,58,179,Delayed,121,Long Haul,Poor
3998,Lufthansa,2157,169,163,Delayed,-6,Short Haul,Poor
3999,Indigo,1511,8,48,Delayed,40,Short Haul,Poor
4000,Delta,7852,171,90,Delayed,-81,Long Haul,Poor
4001,Emirates,1066,114,76,OnTime,-38,Short Haul,Poor
4002,Delta,10774,129,178,OnTime,49,Long Haul,Poor
4003,Delta,10423,63,27,Delayed,-36,Long Haul,Good
4004,Delta,3316,93,121,OnTime,28,Medium Long,Poor
4005,Lufthansa,921,56,23,Delayed,-33,Short Haul,Good
4006,Lufthansa,7878,71,38,Delayed,-33,Long Haul,Poor
4007,Indigo,652,129,163,OnTime,34,Short Haul,Poor
4008,Delta,7934,34,164,Delayed,130,Long Haul,Poor
4009,Emirates,4944,64,51,Delayed,-13,Medium Long,Poor
4010,Delta,5524,159,73,OnTime,-86,Medium Long,Poor
4011,Lufthansa,2932,35,50,OnTime,15,Short Haul,Poor
4012,Delta,11663,22,33,OnTime,11,Long Haul,Poor
4013,Delta,6316,13,78,Delayed,65,Medium Long,Poor
4014,Indigo,1772,134,194,OnTime,60,Short Haul,Poor
4015,Indigo,8163,85,28,OnTime,-57,Long Haul,Good
4016,Delta,652,146,170,Delayed,24,Short Haul,Poor
4017,Emirates,3391,97,120,OnTime,23,Medium Long,Poor
4018,Delta,6802,0,127,Delayed,127,Medium Long,Poor
4019,Delta,6544,96,86,Delayed,-10,Medium Long,Poor
4020,Emirates,3928,4,35,OnTime,31,Medium Long,Poor
4021,Indigo,7791,113,89,Delayed,-24,Long Haul,Poor
4022,Emirates,6376,90,137,OnTime,47,Medium Long,Poor
4023,Indigo,9549,34,14,Delayed,-20,Long Haul,Good
4024,Delta,4600,67,178,OnTime,111,Medium Long,Poor
4025,Delta,2124,2,13,Delayed,11,Short Haul,Good
4026,Lufthansa,662,25,66,OnTime,41,Short Haul,Poor
4027,Emirates,7955,78,84,Delayed,6,Long Haul,Poor
4028,Delta,11091,110,70,OnTime,-40,Long Haul,Poor
4029,Emirates,6323,85,80,OnTime,-5,Medium Long,Poor
4030,Delta,10841,74,6,OnTime,-68,Long Haul,Good
4031,Delta,4019,51,9,Delayed,-42,Medium Long,Good
4032,Indigo,7285,164,99,OnTime,-65,Long Haul,Poor
4033,Indigo,2342,18,52,Delayed,34,Short Haul,Poor
4034,Lufthansa,7358,17,48,Delayed,31,Long Haul,Poor
4035,Indigo,4440,9,170,OnTime,161,Medium Long,Poor
4036,Lufthansa,5261,59,99,OnTime,40,Medium Long,Poor
4037,Emirates,4359,138,185,Delayed,47,Medium Long,Poor
4038,Emirates,4513,34,199,Delayed,165,Medium Long,Poor
4039,Delta,4314,113,115,Delayed,2,Medium Long,Poor
4040,Emirates,8235,78,64,Delayed,-14,Long Haul,Poor
4041,Indigo,8838,145,8,Delayed,-137,Long Haul,Good
4042,Indigo,11364,8,142,Delayed,134,Long Haul,Poor
4043,Lufthansa,2251,34,111,OnTime,77,Short Haul,Poor
4044,Indigo,8888,127,148,OnTime,21,Long Haul,Poor
4045,Indigo,4013,152,101,Delayed,-51,Medium Long,Poor
4046,Lufthansa,10476,146,59,OnTime,-87,Long Haul,Poor
4047,Delta,5547,71,112,OnTime,41,Medium Long,Poor
4048,Indigo,2839,172,192,OnTime,20,Short Haul,Poor
4049,Emirates,5226,99,175,Delayed,76,Medium Long,Poor
4050,Delta,7107,11,0,Delayed,-11,Long Haul,Good
4051,Lufthansa,3009,27,34,OnTime,7,Medium Long,Poor
4052,Lufthansa,8284,58,70,OnTime,12,Long Haul,Poor
4053,Delta,981,155,137,Delayed,-18,Short Haul,Poor
4054,Indigo,4277,134,72,Delayed,-62,Medium Long,Poor
4055,Emirates,2029,133,176,OnTime,43,Short Haul,Poor
4056,Indigo,4935,37,49,Delayed,12,Medium Long,Poor
4057,Indigo,9921,107,152,Delayed,45,Long Haul,Poor
4058,Lufthansa,5531,98,61,Delayed,-37,Medium Long,Poor
4059,Lufthansa,11694,161,44,OnTime,-117,Long Haul,Poor
4060,Indigo,11592,177,13,OnTime,-164,Long Haul,Good
4061,Delta,5044,163,193,OnTime,30,Medium Long,Poor
4062,Emirates,4555,87,141,Delayed,54,Medium Long,Poor
4063,Emirates,4814,101,34,Delayed,-67,Medium Long,Poor
4064,Lufthansa,9568,139,122,Delayed,-17,Long Haul,Poor
4065,Lufthansa,10312,44,171,OnTime,127,Long Haul,Poor
4066,Emirates,6116,5,27,OnTime,22,Medium Long,Good
4067,Lufthansa,4861,63,149,OnTime,86,Medium Long,Poor
4068,Lufthansa,8889,81,177,OnTime,96,Long Haul,Poor
4069,Lufthansa,5417,174,151,OnTime,-23,Medium Long,Poor
4070,Emirates,8165,166,195,OnTime,29,Long Haul,Poor
4071,Delta,1886,132,59,OnTime,-73,Short Haul,Poor
4072,Lufthansa,8043,70,160,OnTime,90,Long Haul,Poor
4073,Delta,11340,133,175,Delayed,42,Long Haul,Poor
4074,Lufthansa,2327,106,35,Delayed,-71,Short Haul,Poor
4075,Delta,6045,107,130,OnTime,23,Medium Long,Poor
4076,Indigo,1501,71,184,Delayed,113,Short Haul,Poor
4077,Emirates,6401,146,67,Delayed,-79,Medium Long,Poor
4078,Lufthansa,3535,114,23,OnTime,-91,Medium Long,Good
4079,Delta,9120,103,82,OnTime,-21,Long Haul,Poor
4080,Emirates,9542,141,187,Delayed,46,Long Haul,Poor
4081,Delta,1481,11,101,OnTime,90,Short Haul,Poor
4082,Indigo,1490,30,61,Delayed,31,Short Haul,Poor
4083,Indigo,8067,175,58,Delayed,-117,Long Haul,Poor
4084,Emirates,7130,119,21,Delayed,-98,Long Haul,Good
4085,Delta,8374,133,175,Delayed,42,Long Haul,Poor
4086,Indigo,9963,146,49,Delayed,-97,Long Haul,Poor
4087,Indigo,1644,18,178,OnTime,160,Short Haul,Poor
4088,Indigo,5632,139,76,OnTime,-63,Medium Long,Poor
4089,Indigo,6210,90,195,Delayed,105,Medium Long,Poor
4090,Lufthansa,7279,70,129,Delayed,59,Long Haul,Poor
4091,Indigo,611,10,7,OnTime,-3,Short Haul,Good
4092,Indigo,7542,41,55,OnTime,14,Long Haul,Poor
4093,Indigo,11483,137,108,Delayed,-29,Long Haul,Poor
4094,Delta,9518,111,11,Delayed,-100,Long Haul,Good
4095,Emirates,8251,58,120,OnTime,62,Long Haul,Poor
4096,Emirates,4365,73,60,OnTime,-13,Medium Long,Poor
4097,Emirates,4618,9,157,Delayed,148,Medium Long,Poor
4098,Delta,859,156,62,Delayed,-94,Short Haul,Poor
4099,Delta,8253,74,156,OnTime,82,Long Haul,Poor
4100,Delta,2949,179,68,OnTime,-111,Short Haul,Poor
4101,Delta,9009,146,69,Delayed,-77,Long Haul,Poor
4102,Lufthansa,10070,177,94,Delayed,-83,Long Haul,Poor
4103,Lufthansa,10750,129,9,OnTime,-120,Long Haul,Good
4104,Lufthansa,3092,66,152,OnTime,86,Medium Long,Poor
4105,Indigo,11621,128,3,Delayed,-125,Long Haul,Good
4106,Lufthansa,6229,14,198,Delayed,184,Medium Long,Poor
4107,Delta,9183,62,61,Delayed,-1,Long Haul,Poor
4108,Delta,3099,13,180,OnTime,167,Medium Long,Poor
4109,Delta,8451,51,54,OnTime,3,Long Haul,Poor
4110,Delta,4482,34,6,OnTime,-28,Medium Long,Good
4111,Indigo,9364,25,143,Delayed,118,Long Haul,Poor
4112,Delta,8340,166,132,Delayed,-34,Long Haul,Poor
4113,Lufthansa,214,92,168,OnTime,76,Short Haul,Poor
4114,Lufthansa,6778,55,175,Delayed,120,Medium Long,Poor
4115,Delta,4309,116,56,OnTime,-60,Medium Long,Poor
4116,Indigo,8254,163,174,Delayed,11,Long Haul,Poor
4117,Emirates,2087,11,128,Delayed,117,Short Haul,Poor
4118,Lufthansa,956,48,90,Delayed,42,Short Haul,Poor
4119,Indigo,6775,85,42,OnTime,-43,Medium Long,Poor
4120,Indigo,9042,9,150,OnTime,141,Long Haul,Poor
4121,Emirates,7794,93,135,OnTime,42,Long Haul,Poor
4122,Indigo,3818,132,196,OnTime,64,Medium Long,Poor
4123,Delta,6050,64,169,Delayed,105,Medium Long,Poor
4124,Indigo,1359,24,85,Delayed,61,Short Haul,Poor
4125,Emirates,10109,83,188,Delayed,105,Long Haul,Poor
4126,Indigo,10251,150,127,Delayed,-23,Long Haul,Poor
4127,Emirates,1515,133,33,Delayed,-100,Short Haul,Poor
4128,Lufthansa,6300,115,89,Delayed,-26,Medium Long,Poor
4129,Indigo,7235,152,53,OnTime,-99,Long Haul,Poor
4130,Delta,5073,158,96,OnTime,-62,Medium Long,Poor
4131,Indigo,6354,15,144,OnTime,129,Medium Long,Poor
4132,Indigo,3709,89,118,Delayed,29,Medium Long,Poor
4133,Indigo,991,134,133,Delayed,-1,Short Haul,Poor
4134,Indigo,4145,45,164,Delayed,119,Medium Long,Poor
4135,Emirates,11159,22,117,Delayed,95,Long Haul,Poor
4136,Delta,886,132,8,Delayed,-124,Short Haul,Good
4137,Indigo,5213,170,184,Delayed,14,Medium Long,Poor
4138,Delta,11660,120,95,OnTime,-25,Long Haul,Poor
4139,Indigo,11702,142,43,Delayed,-99,Long Haul,Poor
4140,Emirates,6853,49,153,OnTime,104,Medium Long,Poor
4141,Indigo,1177,13,189,Delayed,176,Short Haul,Poor
4142,Lufthansa,5636,57,40,OnTime,-17,Medium Long,Poor
4143,Indigo,761,112,2,Delayed,-110,Short Haul,Good
4144,Emirates,3161,140,17,Delayed,-123,Medium Long,Good
4145,Delta,6743,77,8,OnTime,-69,Medium Long,Good
4146,Indigo,11246,69,52,OnTime,-17,Long Haul,Poor
4147,Indigo,6905,51,181,Delayed,130,Medium Long,Poor
4148,Indigo,11277,96,33,Delayed,-63,Long Haul,Poor
4149,Delta,1119,133,57,Delayed,-76,Short Haul,Poor
4150,Indigo,8533,48,27,Delayed,-21,Long Haul,Good
4151,Emirates,2361,97,10,OnTime,-87,Short Haul,Good
4152,Emirates,6807,135,5,Delayed,-130,Medium Long,Good
4153,Delta,7244,117,45,OnTime,-72,Long Haul,Poor
4154,Lufthansa,4827,96,145,Delayed,49,Medium Long,Poor
4155,Delta,2335,57,144,OnTime,87,Short Haul,Poor
4156,Emirates,970,169,183,OnTime,14,Short Haul,Poor
4157,Indigo,287,90,157,Delayed,67,Short Haul,Poor
4158,Delta,3850,171,111,OnTime,-60,Medium Long,Poor
4159,Emirates,10362,116,170,Delayed,54,Long Haul,Poor
4160,Emirates,6145,159,69,OnTime,-90,Medium Long,Poor
4161,Emirates,9030,82,65,OnTime,-17,Long Haul,Poor
4162,Emirates,2894,24,128,Delayed,104,Short Haul,Poor
4163,Delta,10988,6,6,OnTime,0,Long Haul,Good
4164,Lufthansa,3110,13,7,Delayed,-6,Medium Long,Good
4165,Lufthansa,5908,25,79,OnTime,54,Medium Long,Poor
4166,Emirates,6534,12,160,OnTime,148,Medium Long,Poor
4167,Emirates,3701,98,91,Delayed,-7,Medium Long,Poor
4168,Indigo,7916,172,129,OnTime,-43,Long Haul,Poor
4169,Emirates,6973,104,44,Delayed,-60,Medium Long,Poor
4170,Indigo,6854,104,192,Delayed,88,Medium Long,Poor
4171,Lufthansa,1438,4,83,Delayed,79,Short Haul,Poor
4172,Lufthansa,11236,19,120,OnTime,101,Long Haul,Poor
4173,Emirates,7067,1,66,OnTime,65,Long Haul,Poor
4174,Delta,5343,50,177,Delayed,127,Medium Long,Poor
4175,Delta,686,132,142,OnTime,10,Short Haul,Poor
4176,Delta,9669,128,8,Delayed,-120,Long Haul,Good
4177,Indigo,9792,69,24,Delayed,-45,Long Haul,Good
4178,Delta,9053,109,93,Delayed,-16,Long Haul,Poor
4179,Lufthansa,2548,43,24,OnTime,-19,Short Haul,Good
4180,Lufthansa,10827,57,151,Delayed,94,Long Haul,Poor
4181,Emirates,4511,175,111,OnTime,-64,Medium Long,Poor
4182,Indigo,4001,33,148,OnTime,115,Medium Long,Poor
4183,Indigo,8480,32,134,OnTime,102,Long Haul,Poor
4184,Delta,4421,139,47,Delayed,-92,Medium Long,Poor
4185,Delta,1882,1,125,Delayed,124,Short Haul,Poor
4186,Indigo,11833,89,88,Delayed,-1,Long Haul,Poor
4187,Indigo,5452,146,76,Delayed,-70,Medium Long,Poor
4188,Delta,2476,66,44,Delayed,-22,Short Haul,Poor
4189,Indigo,6592,40,195,Delayed,155,Medium Long,Poor
4190,Delta,5513,37,180,Delayed,143,Medium Long,Poor
4191,Delta,3510,151,192,OnTime,41,Medium Long,Poor
4192,Emirates,11421,97,57,Delayed,-40,Long Haul,Poor
4193,Delta,2540,86,117,Delayed,31,Short Haul,Poor
4194,Lufthansa,1696,173,85,Delayed,-88,Short Haul,Poor
4195,Lufthansa,10466,138,187,OnTime,49,Long Haul,Poor
4196,Lufthansa,3747,80,185,Delayed,105,Medium Long,Poor
4197,Lufthansa,3685,149,0,Delayed,-149,Medium Long,Good
4198,Indigo,3102,6,38,Delayed,32,Medium Long,Poor
4199,Lufthansa,4128,18,33,Delayed,15,Medium Long,Poor
4200,Lufthansa,4542,106,67,OnTime,-39,Medium Long,Poor
4201,Lufthansa,7339,90,152,OnTime,62,Long Haul,Poor
4202,Indigo,362,45,184,OnTime,139,Short Haul,Poor
4203,Emirates,6444,155,81,Delayed,-74,Medium Long,Poor
4204,Delta,1737,0,93,OnTime,93,Short Haul,Poor
4205,Emirates,7666,139,13,OnTime,-126,Long Haul,Good
4206,Delta,4422,94,133,OnTime,39,Medium Long,Poor
4207,Delta,9250,86,9,Delayed,-77,Long Haul,Good
4208,Indigo,10589,114,65,Delayed,-49,Long Haul,Poor
4209,Emirates,7095,150,107,Delayed,-43,Long Haul,Poor
4210,Lufthansa,6778,160,183,Delayed,23,Medium Long,Poor
4211,Lufthansa,10762,120,116,Delayed,-4,Long Haul,Poor
4212,Delta,7864,18,174,Delayed,156,Long Haul,Poor
4213,Lufthansa,9737,53,185,Delayed,132,Long Haul,Poor
4214,Delta,3239,134,134,OnTime,0,Medium Long,Poor
4215,Indigo,8468,16,83,Delayed,67,Long Haul,Poor
4216,Delta,3692,54,81,OnTime,27,Medium Long,Poor
4217,Lufthansa,10705,66,97,OnTime,31,Long Haul,Poor
4218,Delta,10626,157,129,OnTime,-28,Long Haul,Poor
4219,Lufthansa,11949,17,18,Delayed,1,Long Haul,Good
4220,Indigo,2077,51,90,OnTime,39,Short Haul,Poor
4221,Indigo,1109,111,119,Delayed,8,Short Haul,Poor
4222,Indigo,4276,100,23,Delayed,-77,Medium Long,Good
4223,Delta,6104,113,181,Delayed,68,Medium Long,Poor
4224,Indigo,1267,29,135,Delayed,106,Short Haul,Poor
4225,Delta,10335,24,31,Delayed,7,Long Haul,Poor
4226,Indigo,8205,127,149,OnTime,22,Long Haul,Poor
4227,Lufthansa,1367,116,22,OnTime,-94,Short Haul,Good
4228,Delta,7226,65,166,Delayed,101,Long Haul,Poor
4229,Emirates,2790,64,189,OnTime,125,Short Haul,Poor
4230,Indigo,2135,76,182,OnTime,106,Short Haul,Poor
4231,Delta,11934,141,7,OnTime,-134,Long Haul,Good
4232,Indigo,2637,105,31,Delayed,-74,Short Haul,Poor
4233,Lufthansa,2407,175,135,Delayed,-40,Short Haul,Poor
4234,Indigo,8449,32,107,Delayed,75,Long Haul,Poor
4235,Emirates,11976,172,197,Delayed,25,Long Haul,Poor
4236,Lufthansa,11600,13,110,OnTime,97,Long Haul,Poor
4237,Indigo,3138,121,101,Delayed,-20,Medium Long,Poor
4238,Delta,2499,39,40,Delayed,1,Short Haul,Poor
4239,Indigo,1288,102,56,Delayed,-46,Short Haul,Poor
4240,Indigo,5924,2,81,OnTime,79,Medium Long,Poor
4241,Indigo,11367,94,162,OnTime,68,Long Haul,Poor
4242,Delta,3418,57,62,Delayed,5,Medium Long,Poor
4243,Indigo,10731,77,78,Delayed,1,Long Haul,Poor
4244,Lufthansa,3606,28,92,Delayed,64,Medium Long,Poor
4245,Emirates,11872,48,2,OnTime,-46,Long Haul,Good
4246,Emirates,520,41,43,OnTime,2,Short Haul,Poor
4247,Delta,8980,81,59,OnTime,-22,Long Haul,Poor
4248,Lufthansa,10512,164,48,OnTime,-116,Long Haul,Poor
4249,Lufthansa,10123,34,2,Delayed,-32,Long Haul,Good
4250,Delta,6257,28,173,OnTime,145,Medium Long,Poor
4251,Indigo,7050,76,78,Delayed,2,Long Haul,Poor
4252,Emirates,4542,25,101,Delayed,76,Medium Long,Poor
4253,Lufthansa,2380,128,6,OnTime,-122,Short Haul,Good
4254,Delta,10341,178,196,OnTime,18,Long Haul,Poor
4255,Lufthansa,4353,169,185,Delayed,16,Medium Long,Poor
4256,Emirates,1042,118,164,OnTime,46,Short Haul,Poor
4257,Lufthansa,4379,12,48,OnTime,36,Medium Long,Poor
4258,Indigo,4193,8,22,Delayed,14,Medium Long,Good
4259,Delta,7521,42,99,Delayed,57,Long Haul,Poor
4260,Indigo,1447,114,22,Delayed,-92,Short Haul,Good
4261,Indigo,1902,58,89,Delayed,31,Short Haul,Poor
4262,Delta,5958,114,192,OnTime,78,Medium Long,Poor
4263,Indigo,9876,125,30,OnTime,-95,Long Haul,Good
4264,Delta,6890,22,124,OnTime,102,Medium Long,Poor
4265,Emirates,6729,10,25,OnTime,15,Medium Long,Good
4266,Indigo,11280,109,179,Delayed,70,Long Haul,Poor
4267,Delta,10857,16,191,Delayed,175,Long Haul,Poor
4268,Indigo,2984,149,171,OnTime,22,Short Haul,Poor
4269,Delta,3209,121,27,Delayed,-94,Medium Long,Good
4270,Emirates,11469,141,102,OnTime,-39,Long Haul,Poor
4271,Emirates,1675,142,91,OnTime,-51,Short Haul,Poor
4272,Indigo,9293,44,101,Delayed,57,Long Haul,Poor
4273,Lufthansa,5170,149,135,Delayed,-14,Medium Long,Poor
4274,Emirates,6107,172,13,Delayed,-159,Medium Long,Good
4275,Lufthansa,8050,29,133,Delayed,104,Long Haul,Poor
4276,Indigo,6902,136,54,Delayed,-82,Medium Long,Poor
4277,Emirates,6176,154,198,Delayed,44,Medium Long,Poor
4278,Delta,8715,86,18,OnTime,-68,Long Haul,Good
4279,Delta,11085,3,34,OnTime,31,Long Haul,Poor
4280,Emirates,9797,70,129,Delayed,59,Long Haul,Poor
4281,Emirates,9770,15,171,Delayed,156,Long Haul,Poor
4282,Emirates,4206,109,193,OnTime,84,Medium Long,Poor
4283,Indigo,1790,135,167,Delayed,32,Short Haul,Poor
4284,Emirates,1615,124,172,Delayed,48,Short Haul,Poor
4285,Emirates,7712,44,110,Delayed,66,Long Haul,Poor
4286,Delta,5225,130,172,OnTime,42,Medium Long,Poor
4287,Indigo,2784,49,2,Delayed,-47,Short Haul,Good
4288,Indigo,8540,127,43,Delayed,-84,Long Haul,Poor
4289,Lufthansa,8959,141,81,Delayed,-60,Long Haul,Poor
4290,Delta,4559,161,2,OnTime,-159,Medium Long,Good
4291,Delta,715,27,54,Delayed,27,Short Haul,Poor
4292,Indigo,7390,76,165,OnTime,89,Long Haul,Poor
4293,Delta,1589,177,72,OnTime,-105,Short Haul,Poor
4294,Delta,6572,161,5,Delayed,-156,Medium Long,Good
4295,Indigo,9484,149,182,Delayed,33,Long Haul,Poor
4296,Delta,10156,114,190,Delayed,76,Long Haul,Poor
4297,Emirates,1204,112,25,Delayed,-87,Short Haul,Good
4298,Delta,9968,81,20,OnTime,-61,Long Haul,Good
4299,Indigo,2684,16,41,OnTime,25,Short Haul,Poor
4300,Lufthansa,6699,117,48,OnTime,-69,Medium Long,Poor
4301,Delta,9792,47,195,Delayed,148,Long Haul,Poor
4302,Delta,8762,29,61,Delayed,32,Long Haul,Poor
4303,Delta,3035,139,85,Delayed,-54,Medium Long,Poor
4304,Emirates,8651,97,165,OnTime,68,Long Haul,Poor
4305,Lufthansa,3740,35,89,Delayed,54,Medium Long,Poor
4306,Lufthansa,4333,79,18,Delayed,-61,Medium Long,Good
4307,Lufthansa,10746,127,40,OnTime,-87,Long Haul,Poor
4308,Lufthansa,7019,148,170,Delayed,22,Long Haul,Poor
4309,Delta,2663,173,168,OnTime,-5,Short Haul,Poor
4310,Emirates,3755,31,101,Delayed,70,Medium Long,Poor
4311,Indigo,3583,88,181,OnTime,93,Medium Long,Poor
4312,Emirates,5931,48,34,OnTime,-14,Medium Long,Poor
4313,Emirates,3601,171,8,Delayed,-163,Medium Long,Good
4314,Lufthansa,940,176,151,Delayed,-25,Short Haul,Poor
4315,Indigo,8860,108,154,Delayed,46,Long Haul,Poor
4316,Indigo,11980,100,38,Delayed,-62,Long Haul,Poor
4317,Delta,7191,161,32,Delayed,-129,Long Haul,Poor
4318,Emirates,1387,50,64,Delayed,14,Short Haul,Poor
4319,Indigo,10281,53,193,OnTime,140,Long Haul,Poor
4320,Lufthansa,2408,167,165,Delayed,-2,Short Haul,Poor
4321,Indigo,275,60,143,OnTime,83,Short Haul,Poor
4322,Lufthansa,2664,2,61,Delayed,59,Short Haul,Poor
4323,Lufthansa,2522,72,19,OnTime,-53,Short Haul,Good
4324,Indigo,417,28,123,Delayed,95,Short Haul,Poor
4325,Delta,7541,126,60,OnTime,-66,Long Haul,Poor
4326,Indigo,3286,88,196,Delayed,108,Medium Long,Poor
4327,Delta,3568,133,100,OnTime,-33,Medium Long,Poor
4328,Lufthansa,2277,125,190,OnTime,65,Short Haul,Poor
4329,Emirates,323,16,167,Delayed,151,Short Haul,Poor
4330,Emirates,717,123,171,Delayed,48,Short Haul,Poor
4331,Lufthansa,6194,89,80,Delayed,-9,Medium Long,Poor
4332,Indigo,4394,130,41,Delayed,-89,Medium Long,Poor
4333,Lufthansa,8286,50,154,Delayed,104,Long Haul,Poor
4334,Indigo,11474,50,165,Delayed,115,Long Haul,Poor
4335,Indigo,2301,122,51,OnTime,-71,Short Haul,Poor
4336,Lufthansa,2443,147,70,Delayed,-77,Short Haul,Poor
4337,Delta,919,162,3,Delayed,-159,Short Haul,Good
4338,Delta,7367,143,0,OnTime,-143,Long Haul,Good
4339,Emirates,912,60,151,Delayed,91,Short Haul,Poor
4340,Indigo,11569,57,178,OnTime,121,Long Haul,Poor
4341,Emirates,1250,164,114,Delayed,-50,Short Haul,Poor
4342,Lufthansa,1693,3,136,OnTime,133,Short Haul,Poor
4343,Delta,2344,75,96,Delayed,21,Short Haul,Poor
4344,Emirates,8091,70,74,OnTime,4,Long Haul,Poor
4345,Delta,10677,93,122,Delayed,29,Long Haul,Poor
4346,Emirates,8970,101,133,Delayed,32,Long Haul,Poor
4347,Emirates,5302,29,38,Delayed,9,Medium Long,Poor
4348,Lufthansa,3167,176,104,Delayed,-72,Medium Long,Poor
4349,Lufthansa,5548,119,140,Delayed,21,Medium Long,Poor
4350,Indigo,1329,13,66,Delayed,53,Short Haul,Poor
4351,Lufthansa,6394,156,124,OnTime,-32,Medium Long,Poor
4352,Delta,3606,162,185,Delayed,23,Medium Long,Poor
4353,Emirates,9596,156,2,Delayed,-154,Long Haul,Good
4354,Delta,10473,33,53,Delayed,20,Long Haul,Poor
4355,Lufthansa,10131,127,80,Delayed,-47,Long Haul,Poor
4356,Delta,8416,39,24,Delayed,-15,Long Haul,Good
4357,Delta,9959,30,143,Delayed,113,Long Haul,Poor
4358,Indigo,3264,8,110,OnTime,102,Medium Long,Poor
4359,Delta,6373,47,97,OnTime,50,Medium Long,Poor
4360,Indigo,8859,64,61,Delayed,-3,Long Haul,Poor
4361,Delta,232,51,137,Delayed,86,Short Haul,Poor
4362,Emirates,4617,152,53,OnTime,-99,Medium Long,Poor
4363,Emirates,280,166,104,Delayed,-62,Short Haul,Poor
4364,Emirates,6666,157,46,Delayed,-111,Medium Long,Poor
4365,Indigo,10246,164,56,Delayed,-108,Long Haul,Poor
4366,Lufthansa,5359,88,98,OnTime,10,Medium Long,Poor
4367,Delta,7781,64,8,Delayed,-56,Long Haul,Good
4368,Lufthansa,3673,112,159,Delayed,47,Medium Long,Poor
4369,Delta,3559,162,131,Delayed,-31,Medium Long,Poor
4370,Delta,11403,18,124,Delayed,106,Long Haul,Poor
4371,Emirates,10612,59,168,Delayed,109,Long Haul,Poor
4372,Indigo,10675,148,11,OnTime,-137,Long Haul,Good
4373,Delta,247,140,154,Delayed,14,Short Haul,Poor
4374,Delta,6902,168,81,OnTime,-87,Medium Long,Poor
4375,Indigo,7687,94,138,Delayed,44,Long Haul,Poor
4376,Lufthansa,9400,76,190,Delayed,114,Long Haul,Poor
4377,Lufthansa,2079,28,109,OnTime,81,Short Haul,Poor
4378,Lufthansa,3920,121,27,Delayed,-94,Medium Long,Good
4379,Lufthansa,3278,74,154,Delayed,80,Medium Long,Poor
4380,Indigo,8902,123,137,OnTime,14,Long Haul,Poor
4381,Lufthansa,3313,55,94,Delayed,39,Medium Long,Poor
4382,Delta,2844,78,67,Delayed,-11,Short Haul,Poor
4383,Emirates,11217,21,166,OnTime,145,Long Haul,Poor
4384,Emirates,4937,96,9,Delayed,-87,Medium Long,Good
4385,Delta,1278,152,129,OnTime,-23,Short Haul,Poor
4386,Lufthansa,6428,78,117,Delayed,39,Medium Long,Poor
4387,Lufthansa,1985,96,43,Delayed,-53,Short Haul,Poor
4388,Indigo,1768,19,78,OnTime,59,Short Haul,Poor
4389,Indigo,10441,144,166,Delayed,22,Long Haul,Poor
4390,Emirates,797,58,1,Delayed,-57,Short Haul,Good
4391,Emirates,9498,25,116,Delayed,91,Long Haul,Poor
4392,Emirates,6785,9,62,OnTime,53,Medium Long,Poor
4393,Delta,5492,25,115,Delayed,90,Medium Long,Poor
4394,Emirates,5594,14,161,Delayed,147,Medium Long,Poor
4395,Lufthansa,2765,39,44,OnTime,5,Short Haul,Poor
4396,Emirates,373,115,143,Delayed,28,Short Haul,Poor
4397,Indigo,7144,176,79,OnTime,-97,Long Haul,Poor
4398,Lufthansa,9547,176,69,OnTime,-107,Long Haul,Poor
4399,Delta,5524,167,110,OnTime,-57,Medium Long,Poor
4400,Lufthansa,2617,14,130,OnTime,116,Short Haul,Poor
4401,Indigo,10608,171,76,Delayed,-95,Long Haul,Poor
4402,Delta,6815,38,78,Delayed,40,Medium Long,Poor
4403,Indigo,1098,2,104,OnTime,102,Short Haul,Poor
4404,Indigo,9035,65,41,Delayed,-24,Long Haul,Poor
4405,Indigo,2577,15,61,Delayed,46,Short Haul,Poor
4406,Delta,5497,130,144,Delayed,14,Medium Long,Poor
4407,Lufthansa,2451,157,100,Delayed,-57,Short Haul,Poor
4408,Emirates,3000,25,30,Delayed,5,Medium Long,Good
4409,Indigo,567,67,72,Delayed,5,Short Haul,Poor
4410,Indigo,769,57,137,OnTime,80,Short Haul,Poor
4411,Lufthansa,6538,166,95,OnTime,-71,Medium Long,Poor
4412,Lufthansa,5112,135,109,OnTime,-26,Medium Long,Poor
4413,Lufthansa,773,104,116,OnTime,12,Short Haul,Poor
4414,Indigo,905,73,93,OnTime,20,Short Haul,Poor
4415,Lufthansa,881,172,190,Delayed,18,Short Haul,Poor
4416,Delta,4084,17,9,Delayed,-8,Medium Long,Good
4417,Emirates,1766,103,192,OnTime,89,Short Haul,Poor
4418,Indigo,5293,60,188,OnTime,128,Medium Long,Poor
4419,Lufthansa,4294,67,80,OnTime,13,Medium Long,Poor
4420,Lufthansa,10665,144,52,OnTime,-92,Long Haul,Poor
4421,Delta,8335,61,135,Delayed,74,Long Haul,Poor
4422,Indigo,9742,108,151,Delayed,43,Long Haul,Poor
4423,Delta,4473,71,137,OnTime,66,Medium Long,Poor
4424,Indigo,7583,1,9,Delayed,8,Long Haul,Good
4425,Emirates,2421,75,66,OnTime,-9,Short Haul,Poor
4426,Indigo,5242,14,157,OnTime,143,Medium Long,Poor
4427,Indigo,2409,171,155,OnTime,-16,Short Haul,Poor
4428,Indigo,2618,119,189,OnTime,70,Short Haul,Poor
4429,Lufthansa,4221,145,176,OnTime,31,Medium Long,Poor
4430,Delta,8724,88,143,Delayed,55,Long Haul,Poor
4431,Lufthansa,8093,53,52,Delayed,-1,Long Haul,Poor
4432,Lufthansa,299,5,84,Delayed,79,Short Haul,Poor
4433,Delta,5168,14,83,OnTime,69,Medium Long,Poor
4434,Lufthansa,11144,135,116,OnTime,-19,Long Haul,Poor
4435,Lufthansa,4478,157,20,Delayed,-137,Medium Long,Good
4436,Lufthansa,11999,49,28,Delayed,-21,Long Haul,Good
4437,Delta,261,173,149,Delayed,-24,Short Haul,Poor
4438,Lufthansa,497,128,157,OnTime,29,Short Haul,Poor
4439,Lufthansa,2874,20,20,OnTime,0,Short Haul,Good
4440,Lufthansa,11542,88,192,OnTime,104,Long Haul,Poor
4441,Indigo,4480,10,146,Delayed,136,Medium Long,Poor
4442,Indigo,10196,125,102,OnTime,-23,Long Haul,Poor
4443,Lufthansa,4682,4,64,OnTime,60,Medium Long,Poor
4444,Lufthansa,6153,125,102,Delayed,-23,Medium Long,Poor
4445,Indigo,564,146,76,OnTime,-70,Short Haul,Poor
4446,Indigo,5138,20,97,OnTime,77,Medium Long,Poor
4447,Indigo,8148,9,189,Delayed,180,Long Haul,Poor
4448,Indigo,5402,103,6,OnTime,-97,Medium Long,Good
4449,Lufthansa,3278,6,94,OnTime,88,Medium Long,Poor
4450,Lufthansa,2989,16,74,Delayed,58,Short Haul,Poor
4451,Delta,11643,162,145,OnTime,-17,Long Haul,Poor
4452,Lufthansa,11324,108,31,Delayed,-77,Long Haul,Poor
4453,Delta,2830,35,146,Delayed,111,Short Haul,Poor
4454,Delta,2784,16,162,Delayed,146,Short Haul,Poor
4455,Indigo,2940,108,75,OnTime,-33,Short Haul,Poor
4456,Lufthansa,1143,149,156,Delayed,7,Short Haul,Poor
4457,Delta,9399,7,122,OnTime,115,Long Haul,Poor
4458,Emirates,506,2,171,Delayed,169,Short Haul,Poor
4459,Delta,2939,135,37,Delayed,-98,Short Haul,Poor
4460,Indigo,4604,104,172,OnTime,68,Medium Long,Poor
4461,Indigo,5267,47,190,OnTime,143,Medium Long,Poor
4462,Indigo,6861,126,135,OnTime,9,Medium Long,Poor
4463,Indigo,2397,104,50,Delayed,-54,Short Haul,Poor
4464,Indigo,10436,101,17,OnTime,-84,Long Haul,Good
4465,Delta,5109,26,94,OnTime,68,Medium Long,Poor
4466,Indigo,5182,107,91,Delayed,-16,Medium Long,Poor
4467,Delta,3087,111,29,Delayed,-82,Medium Long,Good
4468,Delta,7457,91,60,Delayed,-31,Long Haul,Poor
4469,Emirates,7792,146,77,OnTime,-69,Long Haul,Poor
4470,Emirates,4010,167,50,Delayed,-117,Medium Long,Poor
4471,Delta,6574,144,90,OnTime,-54,Medium Long,Poor
4472,Delta,9058,94,20,Delayed,-74,Long Haul,Good
4473,Delta,6397,38,23,Delayed,-15,Medium Long,Good
4474,Emirates,9420,9,172,Delayed,163,Long Haul,Poor
4475,Indigo,4265,5,112,OnTime,107,Medium Long,Poor
4476,Lufthansa,10611,74,172,Delayed,98,Long Haul,Poor
4477,Delta,5223,121,152,OnTime,31,Medium Long,Poor
4478,Indigo,3869,50,27,OnTime,-23,Medium Long,Good
4479,Lufthansa,1960,125,161,OnTime,36,Short Haul,Poor
4480,Indigo,1911,123,178,Delayed,55,Short Haul,Poor
4481,Lufthansa,9470,81,86,Delayed,5,Long Haul,Poor
4482,Lufthansa,6379,74,47,Delayed,-27,Medium Long,Poor
4483,Indigo,2262,50,112,OnTime,62,Short Haul,Poor
4484,Lufthansa,6445,98,55,Delayed,-43,Medium Long,Poor
4485,Lufthansa,11435,118,189,Delayed,71,Long Haul,Poor
4486,Emirates,9037,95,57,OnTime,-38,Long Haul,Poor
4487,Lufthansa,8846,20,159,OnTime,139,Long Haul,Poor
4488,Delta,11558,95,64,OnTime,-31,Long Haul,Poor
4489,Lufthansa,8298,9,102,Delayed,93,Long Haul,Poor
4490,Emirates,11078,120,130,OnTime,10,Long Haul,Poor
4491,Lufthansa,4738,21,116,OnTime,95,Medium Long,Poor
4492,Emirates,11784,169,187,Delayed,18,Long Haul,Poor
4493,Indigo,437,61,22,Delayed,-39,Short Haul,Good
4494,Emirates,11451,116,86,OnTime,-30,Long Haul,Poor
4495,Emirates,11001,55,130,OnTime,75,Long Haul,Poor
4496,Indigo,10757,51,37,OnTime,-14,Long Haul,Poor
4497,Indigo,4006,111,63,OnTime,-48,Medium Long,Poor
4498,Lufthansa,4542,96,115,OnTime,19,Medium Long,Poor
4499,Delta,9449,14,97,OnTime,83,Long Haul,Poor
4500,Indigo,1267,103,172,OnTime,69,Short Haul,Poor
4501,Lufthansa,591,84,3,Delayed,-81,Short Haul,Good
4502,Emirates,11769,72,165,Delayed,93,Long Haul,Poor
4503,Emirates,4188,91,106,OnTime,15,Medium Long,Poor
4504,Indigo,11311,140,86,Delayed,-54,Long Haul,Poor
4505,Delta,11931,58,95,OnTime,37,Long Haul,Poor
4506,Emirates,8830,54,28,OnTime,-26,Long Haul,Good
4507,Indigo,1344,61,47,OnTime,-14,Short Haul,Poor
4508,Indigo,8680,158,5,OnTime,-153,Long Haul,Good
4509,Emirates,3746,150,10,Delayed,-140,Medium Long,Good
4510,Emirates,7937,179,73,Delayed,-106,Long Haul,Poor
4511,Emirates,9519,91,56,Delayed,-35,Long Haul,Poor
4512,Lufthansa,11925,61,103,OnTime,42,Long Haul,Poor
4513,Delta,766,142,199,Delayed,57,Short Haul,Poor
4514,Indigo,3823,48,2,OnTime,-46,Medium Long,Good
4515,Emirates,1876,39,100,OnTime,61,Short Haul,Poor
4516,Lufthansa,2566,18,13,OnTime,-5,Short Haul,Good
4517,Delta,10076,146,156,OnTime,10,Long Haul,Poor
4518,Emirates,6216,2,98,OnTime,96,Medium Long,Poor
4519,Delta,5269,111,119,OnTime,8,Medium Long,Poor
4520,Indigo,6091,147,13,Delayed,-134,Medium Long,Good
4521,Emirates,10683,106,94,Delayed,-12,Long Haul,Poor
4522,Delta,4938,137,108,OnTime,-29,Medium Long,Poor
4523,Lufthansa,6002,121,145,OnTime,24,Medium Long,Poor
4524,Delta,4252,155,41,Delayed,-114,Medium Long,Poor
4525,Lufthansa,9928,23,83,OnTime,60,Long Haul,Poor
4526,Delta,4531,107,173,Delayed,66,Medium Long,Poor
4527,Indigo,10689,24,72,Delayed,48,Long Haul,Poor
4528,Delta,9856,13,6,Delayed,-7,Long Haul,Good
4529,Delta,5434,28,3,OnTime,-25,Medium Long,Good
4530,Indigo,766,150,112,Delayed,-38,Short Haul,Poor
4531,Delta,6739,153,65,Delayed,-88,Medium Long,Poor
4532,Delta,6137,61,124,OnTime,63,Medium Long,Poor
4533,Lufthansa,3677,172,13,OnTime,-159,Medium Long,Good
4534,Lufthansa,5609,0,26,OnTime,26,Medium Long,Good
4535,Lufthansa,10994,113,34,Delayed,-79,Long Haul,Poor
4536,Emirates,3619,50,185,OnTime,135,Medium Long,Poor
4537,Emirates,8326,70,64,Delayed,-6,Long Haul,Poor
4538,Lufthansa,6394,48,153,Delayed,105,Medium Long,Poor
4539,Emirates,8557,42,84,OnTime,42,Long Haul,Poor
4540,Lufthansa,11666,68,82,Delayed,14,Long Haul,Poor
4541,Emirates,11294,22,140,OnTime,118,Long Haul,Poor
4542,Indigo,545,83,29,OnTime,-54,Short Haul,Good
4543,Emirates,7213,168,62,OnTime,-106,Long Haul,Poor
4544,Indigo,451,85,154,OnTime,69,Short Haul,Poor
4545,Lufthansa,7479,84,185,Delayed,101,Long Haul,Poor
4546,Emirates,647,54,91,OnTime,37,Short Haul,Poor
4547,Delta,11524,147,110,Delayed,-37,Long Haul,Poor
4548,Lufthansa,678,66,193,Delayed,127,Short Haul,Poor
4549,Indigo,11268,87,4,OnTime,-83,Long Haul,Good
4550,Lufthansa,4702,131,166,OnTime,35,Medium Long,Poor
4551,Delta,9766,162,104,Delayed,-58,Long Haul,Poor
4552,Lufthansa,8472,45,121,Delayed,76,Long Haul,Poor
4553,Lufthansa,2037,83,136,OnTime,53,Short Haul,Poor
4554,Delta,4072,133,142,OnTime,9,Medium Long,Poor
4555,Emirates,9318,105,97,Delayed,-8,Long Haul,Poor
4556,Indigo,10179,6,80,Delayed,74,Long Haul,Poor
4557,Lufthansa,2169,49,54,OnTime,5,Short Haul,Poor
4558,Lufthansa,3402,70,118,Delayed,48,Medium Long,Poor
4559,Lufthansa,11286,15,118,OnTime,103,Long Haul,Poor
4560,Delta,2918,83,77,OnTime,-6,Short Haul,Poor
4561,Emirates,7645,4,156,Delayed,152,Long Haul,Poor
4562,Indigo,11730,37,76,Delayed,39,Long Haul,Poor
4563,Emirates,2878,74,96,OnTime,22,Short Haul,Poor
4564,Lufthansa,10123,136,129,OnTime,-7,Long Haul,Poor
4565,Delta,7505,102,15,Delayed,-87,Long Haul,Good
4566,Emirates,9062,79,5,OnTime,-74,Long Haul,Good
4567,Emirates,4997,46,14,Delayed,-32,Medium Long,Good
4568,Lufthansa,3842,28,94,OnTime,66,Medium Long,Poor
4569,Indigo,9225,92,34,Delayed,-58,Long Haul,Poor
4570,Delta,3063,153,17,OnTime,-136,Medium Long,Good
4571,Delta,11368,10,107,Delayed,97,Long Haul,Poor
4572,Indigo,11386,121,152,OnTime,31,Long Haul,Poor
4573,Delta,9640,162,145,Delayed,-17,Long Haul,Poor
4574,Delta,2215,71,180,Delayed,109,Short Haul,Poor
4575,Lufthansa,6233,127,25,Delayed,-102,Medium Long,Good
4576,Delta,6159,140,19,OnTime,-121,Medium Long,Good
4577,Lufthansa,3681,65,89,Delayed,24,Medium Long,Poor
4578,Delta,7912,40,151,Delayed,111,Long Haul,Poor
4579,Indigo,10356,111,85,Delayed,-26,Long Haul,Poor
4580,Lufthansa,9741,52,84,OnTime,32,Long Haul,Poor
4581,Delta,10599,37,42,OnTime,5,Long Haul,Poor
4582,Emirates,279,92,88,Delayed,-4,Short Haul,Poor
4583,Indigo,11932,143,85,OnTime,-58,Long Haul,Poor
4584,Lufthansa,4515,133,111,Delayed,-22,Medium Long,Poor
4585,Indigo,8244,154,179,OnTime,25,Long Haul,Poor
4586,Indigo,2190,177,154,Delayed,-23,Short Haul,Poor
4587,Delta,10959,95,31,OnTime,-64,Long Haul,Poor
4588,Emirates,6622,38,57,Delayed,19,Medium Long,Poor
4589,Delta,10861,144,13,Delayed,-131,Long Haul,Good
4590,Indigo,4379,168,10,OnTime,-158,Medium Long,Good
4591,Lufthansa,11000,174,142,OnTime,-32,Long Haul,Poor
4592,Emirates,6469,5,18,Delayed,13,Medium Long,Good
4593,Indigo,11208,176,119,Delayed,-57,Long Haul,Poor
4594,Lufthansa,9237,33,19,OnTime,-14,Long Haul,Good
4595,Lufthansa,3829,40,75,OnTime,35,Medium Long,Poor
4596,Delta,5544,132,159,Delayed,27,Medium Long,Poor
4597,Indigo,7193,70,112,OnTime,42,Long Haul,Poor
4598,Lufthansa,9885,2,71,Delayed,69,Long Haul,Poor
4599,Lufthansa,4713,79,191,Delayed,112,Medium Long,Poor
4600,Indigo,10230,42,13,Delayed,-29,Long Haul,Good
4601,Indigo,1505,37,155,Delayed,118,Short Haul,Poor
4602,Emirates,3903,161,113,Delayed,-48,Medium Long,Poor
4603,Indigo,5185,49,5,Delayed,-44,Medium Long,Good
4604,Delta,5382,143,32,Delayed,-111,Medium Long,Poor
4605,Emirates,10435,1,111,Delayed,110,Long Haul,Poor
4606,Delta,9597,141,102,Delayed,-39,Long Haul,Poor
4607,Delta,1052,112,112,OnTime,0,Short Haul,Poor
4608,Emirates,2673,2,63,OnTime,61,Short Haul,Poor
4609,Emirates,8312,132,152,OnTime,20,Long Haul,Poor
4610,Lufthansa,8625,36,5,Delayed,-31,Long Haul,Good
4611,Lufthansa,11118,118,18,OnTime,-100,Long Haul,Good
4612,Delta,6990,127,127,Delayed,0,Medium Long,Poor
4613,Emirates,10980,76,114,OnTime,38,Long Haul,Poor
4614,Delta,4694,39,178,OnTime,139,Medium Long,Poor
4615,Indigo,4581,18,198,OnTime,180,Medium Long,Poor
4616,Indigo,5997,62,162,OnTime,100,Medium Long,Poor
4617,Emirates,6337,150,191,Delayed,41,Medium Long,Poor
4618,Indigo,2618,14,82,OnTime,68,Short Haul,Poor
4619,Lufthansa,9500,179,172,Delayed,-7,Long Haul,Poor
4620,Emirates,9142,54,137,Delayed,83,Long Haul,Poor
4621,Lufthansa,11569,123,30,Delayed,-93,Long Haul,Good
4622,Indigo,1869,131,126,OnTime,-5,Short Haul,Poor
4623,Emirates,3598,47,124,Delayed,77,Medium Long,Poor
4624,Lufthansa,3148,47,76,Delayed,29,Medium Long,Poor
4625,Delta,6882,41,144,OnTime,103,Medium Long,Poor
4626,Delta,11199,108,3,Delayed,-105,Long Haul,Good
4627,Emirates,6414,49,65,Delayed,16,Medium Long,Poor
4628,Delta,1295,112,162,OnTime,50,Short Haul,Poor
4629,Lufthansa,8153,138,152,Delayed,14,Long Haul,Poor
4630,Lufthansa,11291,90,73,Delayed,-17,Long Haul,Poor
4631,Emirates,10563,84,82,Delayed,-2,Long Haul,Poor
4632,Lufthansa,1869,128,84,OnTime,-44,Short Haul,Poor
4633,Delta,5235,105,109,Delayed,4,Medium Long,Poor
4634,Delta,5279,113,117,Delayed,4,Medium Long,Poor
4635,Delta,9464,174,72,Delayed,-102,Long Haul,Poor
4636,Indigo,2064,48,175,Delayed,127,Short Haul,Poor
4637,Emirates,6337,33,163,OnTime,130,Medium Long,Poor
4638,Lufthansa,1130,27,161,OnTime,134,Short Haul,Poor
4639,Delta,9438,55,167,Delayed,112,Long Haul,Poor
4640,Indigo,9044,129,21,OnTime,-108,Long Haul,Good
4641,Indigo,7136,149,166,Delayed,17,Long Haul,Poor
4642,Lufthansa,4204,119,139,Delayed,20,Medium Long,Poor
4643,Indigo,3734,167,161,OnTime,-6,Medium Long,Poor
4644,Indigo,2102,75,184,Delayed,109,Short Haul,Poor
4645,Emirates,1522,73,133,OnTime,60,Short Haul,Poor
4646,Delta,9523,78,60,Delayed,-18,Long Haul,Poor
4647,Lufthansa,6698,160,18,OnTime,-142,Medium Long,Good
4648,Delta,7719,71,123,Delayed,52,Long Haul,Poor
4649,Delta,7777,140,66,OnTime,-74,Long Haul,Poor
4650,Emirates,10746,111,11,OnTime,-100,Long Haul,Good
4651,Emirates,1280,116,180,Delayed,64,Short Haul,Poor
4652,Lufthansa,11923,154,64,Delayed,-90,Long Haul,Poor
4653,Emirates,9345,29,5,Delayed,-24,Long Haul,Good
4654,Indigo,3608,75,13,OnTime,-62,Medium Long,Good
4655,Delta,374,18,186,OnTime,168,Short Haul,Poor
4656,Emirates,1513,75,175,Delayed,100,Short Haul,Poor
4657,Delta,9510,68,111,Delayed,43,Long Haul,Poor
4658,Emirates,4847,163,4,OnTime,-159,Medium Long,Good
4659,Indigo,2597,38,194,OnTime,156,Short Haul,Poor
4660,Delta,5929,4,110,Delayed,106,Medium Long,Poor
4661,Indigo,5966,114,8,Delayed,-106,Medium Long,Good
4662,Emirates,6081,81,133,OnTime,52,Medium Long,Poor
4663,Delta,3573,101,108,OnTime,7,Medium Long,Poor
4664,Indigo,5082,164,167,OnTime,3,Medium Long,Poor
4665,Indigo,2264,54,158,Delayed,104,Short Haul,Poor
4666,Emirates,10856,149,167,Delayed,18,Long Haul,Poor
4667,Indigo,11014,60,136,OnTime,76,Long Haul,Poor
4668,Emirates,4015,103,173,OnTime,70,Medium Long,Poor
4669,Delta,5402,141,63,Delayed,-78,Medium Long,Poor
4670,Delta,7977,106,103,OnTime,-3,Long Haul,Poor
4671,Lufthansa,10012,99,70,Delayed,-29,Long Haul,Poor
4672,Lufthansa,10213,26,70,OnTime,44,Long Haul,Poor
4673,Indigo,11350,111,145,OnTime,34,Long Haul,Poor
4674,Indigo,6731,62,6,OnTime,-56,Medium Long,Good
4675,Delta,8221,153,171,Delayed,18,Long Haul,Poor
4676,Lufthansa,8735,86,78,Delayed,-8,Long Haul,Poor
4677,Delta,4961,29,61,OnTime,32,Medium Long,Poor
4678,Lufthansa,3143,137,80,Delayed,-57,Medium Long,Poor
4679,Indigo,4768,107,75,OnTime,-32,Medium Long,Poor
4680,Indigo,7858,126,19,OnTime,-107,Long Haul,Good
4681,Lufthansa,335,99,41,Delayed,-58,Short Haul,Poor
4682,Delta,773,17,190,Delayed,173,Short Haul,Poor
4683,Indigo,6646,82,148,OnTime,66,Medium Long,Poor
4684,Emirates,4144,96,171,Delayed,75,Medium Long,Poor
4685,Lufthansa,6265,40,12,Delayed,-28,Medium Long,Good
4686,Emirates,4879,126,108,OnTime,-18,Medium Long,Poor
4687,Lufthansa,808,31,39,OnTime,8,Short Haul,Poor
4688,Delta,8714,58,81,Delayed,23,Long Haul,Poor
4689,Indigo,6010,151,3,Delayed,-148,Medium Long,Good
4690,Emirates,4792,77,127,Delayed,50,Medium Long,Poor
4691,Indigo,8618,178,196,Delayed,18,Long Haul,Poor
4692,Lufthansa,9615,173,98,Delayed,-75,Long Haul,Poor
4693,Emirates,10152,145,184,Delayed,39,Long Haul,Poor
4694,Delta,929,64,128,Delayed,64,Short Haul,Poor
4695,Emirates,6523,150,86,OnTime,-64,Medium Long,Poor
4696,Lufthansa,4569,31,162,Delayed,131,Medium Long,Poor
4697,Emirates,11654,177,77,Delayed,-100,Long Haul,Poor
4698,Indigo,6158,14,112,Delayed,98,Medium Long,Poor
4699,Delta,844,91,87,OnTime,-4,Short Haul,Poor
4700,Lufthansa,3333,40,54,OnTime,14,Medium Long,Poor
4701,Emirates,8060,129,141,OnTime,12,Long Haul,Poor
4702,Emirates,2212,24,64,OnTime,40,Short Haul,Poor
4703,Emirates,5821,119,123,OnTime,4,Medium Long,Poor
4704,Emirates,6190,27,121,OnTime,94,Medium Long,Poor
4705,Delta,5248,63,194,OnTime,131,Medium Long,Poor
4706,Delta,10725,139,156,OnTime,17,Long Haul,Poor
4707,Indigo,5144,13,24,Delayed,11,Medium Long,Good
4708,Indigo,9831,73,76,OnTime,3,Long Haul,Poor
4709,Lufthansa,5677,138,0,OnTime,-138,Medium Long,Good
4710,Delta,7635,136,186,Delayed,50,Long Haul,Poor
4711,Lufthansa,9730,113,17,Delayed,-96,Long Haul,Good
4712,Delta,4342,94,76,OnTime,-18,Medium Long,Poor
4713,Lufthansa,1751,46,178,OnTime,132,Short Haul,Poor
4714,Delta,11151,52,188,OnTime,136,Long Haul,Poor
4715,Indigo,10768,145,71,OnTime,-74,Long Haul,Poor
4716,Indigo,2001,174,141,OnTime,-33,Short Haul,Poor
4717,Delta,7383,147,72,Delayed,-75,Long Haul,Poor
4718,Emirates,1206,170,36,OnTime,-134,Short Haul,Poor
4719,Delta,10238,136,148,OnTime,12,Long Haul,Poor
4720,Indigo,1730,95,128,Delayed,33,Short Haul,Poor
4721,Lufthansa,252,49,126,Delayed,77,Short Haul,Poor
4722,Lufthansa,5606,28,35,Delayed,7,Medium Long,Poor
4723,Lufthansa,3953,79,116,Delayed,37,Medium Long,Poor
4724,Delta,10149,63,21,OnTime,-42,Long Haul,Good
4725,Lufthansa,1417,129,126,Delayed,-3,Short Haul,Poor
4726,Emirates,3677,136,100,Delayed,-36,Medium Long,Poor
4727,Lufthansa,5565,133,20,Delayed,-113,Medium Long,Good
4728,Lufthansa,6741,97,139,Delayed,42,Medium Long,Poor
4729,Emirates,9165,109,176,OnTime,67,Long Haul,Poor
4730,Lufthansa,4576,40,72,OnTime,32,Medium Long,Poor
4731,Emirates,11467,16,65,OnTime,49,Long Haul,Poor
4732,Indigo,5910,146,191,Delayed,45,Medium Long,Poor
4733,Lufthansa,4557,22,79,OnTime,57,Medium Long,Poor
4734,Emirates,8968,118,44,Delayed,-74,Long Haul,Poor
4735,Emirates,3696,123,114,OnTime,-9,Medium Long,Poor
4736,Indigo,1829,164,193,Delayed,29,Short Haul,Poor
4737,Emirates,7869,123,20,Delayed,-103,Long Haul,Good
4738,Lufthansa,8653,119,95,Delayed,-24,Long Haul,Poor
4739,Indigo,8859,84,146,Delayed,62,Long Haul,Poor
4740,Indigo,5446,146,191,Delayed,45,Medium Long,Poor
4741,Lufthansa,11712,26,140,OnTime,114,Long Haul,Poor
4742,Emirates,7247,95,83,Delayed,-12,Long Haul,Poor
4743,Emirates,3211,150,75,Delayed,-75,Medium Long,Poor
4744,Lufthansa,6275,141,183,Delayed,42,Medium Long,Poor
4745,Delta,3126,72,37,Delayed,-35,Medium Long,Poor
4746,Delta,5286,112,53,OnTime,-59,Medium Long,Poor
4747,Indigo,11130,36,42,OnTime,6,Long Haul,Poor
4748,Delta,6611,143,73,Delayed,-70,Medium Long,Poor
4749,Emirates,11006,143,197,Delayed,54,Long Haul,Poor
4750,Indigo,1172,115,28,Delayed,-87,Short Haul,Good
4751,Emirates,1458,150,163,Delayed,13,Short Haul,Poor
4752,Delta,7705,105,82,Delayed,-23,Long Haul,Poor
4753,Indigo,2212,37,181,Delayed,144,Short Haul,Poor
4754,Emirates,702,64,79,Delayed,15,Short Haul,Poor
4755,Lufthansa,11187,58,28,OnTime,-30,Long Haul,Good
4756,Delta,1969,81,182,Delayed,101,Short Haul,Poor
4757,Delta,2324,164,161,Delayed,-3,Short Haul,Poor
4758,Lufthansa,1319,163,22,OnTime,-141,Short Haul,Good
4759,Delta,11477,137,173,OnTime,36,Long Haul,Poor
4760,Lufthansa,11978,53,64,Delayed,11,Long Haul,Poor
4761,Delta,2618,42,102,Delayed,60,Short Haul,Poor
4762,Lufthansa,7402,62,106,OnTime,44,Long Haul,Poor
4763,Emirates,2366,72,45,Delayed,-27,Short Haul,Poor
4764,Lufthansa,4275,140,106,OnTime,-34,Medium Long,Poor
4765,Indigo,2983,136,153,OnTime,17,Short Haul,Poor
4766,Delta,3387,50,96,Delayed,46,Medium Long,Poor
4767,Emirates,931,23,102,Delayed,79,Short Haul,Poor
4768,Lufthansa,7854,152,85,OnTime,-67,Long Haul,Poor
4769,Lufthansa,2767,147,155,OnTime,8,Short Haul,Poor
4770,Indigo,11126,97,16,Delayed,-81,Long Haul,Good
4771,Lufthansa,3568,95,33,OnTime,-62,Medium Long,Poor
4772,Emirates,9538,20,77,Delayed,57,Long Haul,Poor
4773,Delta,918,80,88,OnTime,8,Short Haul,Poor
4774,Lufthansa,3314,161,94,OnTime,-67,Medium Long,Poor
4775,Indigo,1359,27,138,Delayed,111,Short Haul,Poor
4776,Indigo,4867,99,98,OnTime,-1,Medium Long,Poor
4777,Delta,3088,14,39,OnTime,25,Medium Long,Poor
4778,Delta,447,97,182,Delayed,85,Short Haul,Poor
4779,Delta,10187,153,173,OnTime,20,Long Haul,Poor
4780,Lufthansa,3419,61,156,OnTime,95,Medium Long,Poor
4781,Indigo,8170,31,178,Delayed,147,Long Haul,Poor
4782,Indigo,5522,50,145,Delayed,95,Medium Long,Poor
4783,Emirates,2790,177,86,Delayed,-91,Short Haul,Poor
4784,Indigo,7763,15,118,Delayed,103,Long Haul,Poor
4785,Delta,10858,22,115,Delayed,93,Long Haul,Poor
4786,Lufthansa,8490,35,168,Delayed,133,Long Haul,Poor
4787,Lufthansa,9422,35,133,OnTime,98,Long Haul,Poor
4788,Emirates,9262,168,86,OnTime,-82,Long Haul,Poor
4789,Delta,11867,108,102,OnTime,-6,Long Haul,Poor
4790,Indigo,9567,64,162,OnTime,98,Long Haul,Poor
4791,Delta,658,52,150,OnTime,98,Short Haul,Poor
4792,Emirates,9251,152,79,Delayed,-73,Long Haul,Poor
4793,Lufthansa,6892,122,145,Delayed,23,Medium Long,Poor
4794,Indigo,5065,160,99,OnTime,-61,Medium Long,Poor
4795,Emirates,8640,174,70,OnTime,-104,Long Haul,Poor
4796,Indigo,5970,141,150,Delayed,9,Medium Long,Poor
4797,Emirates,7679,26,75,Delayed,49,Long Haul,Poor
4798,Emirates,6187,151,79,Delayed,-72,Medium Long,Poor
4799,Indigo,8121,10,2,OnTime,-8,Long Haul,Good
4800,Emirates,3442,156,160,OnTime,4,Medium Long,Poor
4801,Delta,6303,136,94,OnTime,-42,Medium Long,Poor
4802,Lufthansa,10892,80,199,OnTime,119,Long Haul,Poor
4803,Indigo,6585,115,151,Delayed,36,Medium Long,Poor
4804,Delta,11998,173,80,Delayed,-93,Long Haul,Poor
4805,Lufthansa,9514,35,157,OnTime,122,Long Haul,Poor
4806,Delta,7094,10,113,OnTime,103,Long Haul,Poor
4807,Lufthansa,10120,138,172,OnTime,34,Long Haul,Poor
4808,Emirates,1578,105,167,Delayed,62,Short Haul,Poor
4809,Emirates,11208,21,133,Delayed,112,Long Haul,Poor
4810,Indigo,6913,94,113,OnTime,19,Medium Long,Poor
4811,Emirates,5837,65,11,Delayed,-54,Medium Long,Good
4812,Lufthansa,8369,22,48,OnTime,26,Long Haul,Poor
4813,Emirates,1171,135,152,OnTime,17,Short Haul,Poor
4814,Emirates,7416,133,155,OnTime,22,Long Haul,Poor
4815,Emirates,9583,62,78,Delayed,16,Long Haul,Poor
4816,Delta,4213,115,2,OnTime,-113,Medium Long,Good
4817,Delta,10287,81,197,OnTime,116,Long Haul,Poor
4818,Delta,8435,177,100,OnTime,-77,Long Haul,Poor
4819,Lufthansa,3656,16,56,OnTime,40,Medium Long,Poor
4820,Emirates,11550,0,184,Delayed,184,Long Haul,Poor
4821,Indigo,10386,135,111,OnTime,-24,Long Haul,Poor
4822,Delta,11115,175,76,Delayed,-99,Long Haul,Poor
4823,Emirates,10324,55,15,OnTime,-40,Long Haul,Good
4824,Emirates,6202,93,83,OnTime,-10,Medium Long,Poor
4825,Lufthansa,1292,84,69,Delayed,-15,Short Haul,Poor
4826,Indigo,3604,29,3,OnTime,-26,Medium Long,Good
4827,Lufthansa,10643,139,117,OnTime,-22,Long Haul,Poor
4828,Delta,5788,106,35,OnTime,-71,Medium Long,Poor
4829,Lufthansa,1379,156,175,OnTime,19,Short Haul,Poor
4830,Indigo,6904,135,169,OnTime,34,Medium Long,Poor
4831,Indigo,3687,126,5,OnTime,-121,Medium Long,Good
4832,Emirates,7666,90,146,OnTime,56,Long Haul,Poor
4833,Lufthansa,1203,5,146,OnTime,141,Short Haul,Poor
4834,Lufthansa,4289,2,141,OnTime,139,Medium Long,Poor
4835,Delta,5858,84,96,OnTime,12,Medium Long,Poor
4836,Lufthansa,6282,16,110,Delayed,94,Medium Long,Poor
4837,Indigo,3770,160,15,OnTime,-145,Medium Long,Good
4838,Delta,9283,50,175,OnTime,125,Long Haul,Poor
4839,Emirates,7996,179,44,OnTime,-135,Long Haul,Poor
4840,Delta,8310,28,93,OnTime,65,Long Haul,Poor
4841,Indigo,11575,52,86,Delayed,34,Long Haul,Poor
4842,Emirates,3100,20,100,Delayed,80,Medium Long,Poor
4843,Emirates,4152,124,135,OnTime,11,Medium Long,Poor
4844,Lufthansa,9705,135,67,Delayed,-68,Long Haul,Poor
4845,Emirates,4638,178,168,OnTime,-10,Medium Long,Poor
4846,Lufthansa,8336,174,192,Delayed,18,Long Haul,Poor
4847,Indigo,11296,18,122,Delayed,104,Long Haul,Poor
4848,Indigo,8655,4,64,OnTime,60,Long Haul,Poor
4849,Indigo,367,60,6,OnTime,-54,Short Haul,Good
4850,Indigo,9686,158,6,OnTime,-152,Long Haul,Good
4851,Delta,9400,84,143,OnTime,59,Long Haul,Poor
4852,Lufthansa,11207,141,88,Delayed,-53,Long Haul,Poor
4853,Delta,5973,45,18,Delayed,-27,Medium Long,Good
4854,Indigo,3416,100,165,OnTime,65,Medium Long,Poor
4855,Delta,4938,61,160,OnTime,99,Medium Long,Poor
4856,Lufthansa,6703,78,141,Delayed,63,Medium Long,Poor
4857,Emirates,1981,29,138,OnTime,109,Short Haul,Poor
4858,Delta,7959,73,84,OnTime,11,Long Haul,Poor
4859,Delta,9241,173,51,OnTime,-122,Long Haul,Poor
4860,Emirates,2341,79,191,Delayed,112,Short Haul,Poor
4861,Emirates,1663,40,6,OnTime,-34,Short Haul,Good
4862,Delta,6068,3,190,Delayed,187,Medium Long,Poor
4863,Lufthansa,3127,28,25,OnTime,-3,Medium Long,Good
4864,Indigo,7990,29,137,Delayed,108,Long Haul,Poor
4865,Lufthansa,10020,68,88,Delayed,20,Long Haul,Poor
4866,Delta,3291,152,11,Delayed,-141,Medium Long,Good
4867,Indigo,10189,168,164,OnTime,-4,Long Haul,Poor
4868,Emirates,11911,20,62,OnTime,42,Long Haul,Poor
4869,Delta,2848,4,139,OnTime,135,Short Haul,Poor
4870,Lufthansa,8465,12,130,OnTime,118,Long Haul,Poor
4871,Lufthansa,7976,119,182,Delayed,63,Long Haul,Poor
4872,Emirates,8254,11,26,OnTime,15,Long Haul,Good
4873,Indigo,11904,44,79,OnTime,35,Long Haul,Poor
4874,Delta,1538,41,196,OnTime,155,Short Haul,Poor
4875,Lufthansa,2286,15,45,Delayed,30,Short Haul,Poor
4876,Lufthansa,11037,11,10,Delayed,-1,Long Haul,Good
4877,Indigo,7804,167,167,OnTime,0,Long Haul,Poor
4878,Emirates,7937,139,39,OnTime,-100,Long Haul,Poor
4879,Emirates,10374,104,183,OnTime,79,Long Haul,Poor
4880,Lufthansa,8065,108,98,OnTime,-10,Long Haul,Poor
4881,Indigo,8821,120,23,OnTime,-97,Long Haul,Good
4882,Indigo,4216,138,143,OnTime,5,Medium Long,Poor
4883,Emirates,11135,166,157,OnTime,-9,Long Haul,Poor
4884,Delta,7689,125,109,Delayed,-16,Long Haul,Poor
4885,Lufthansa,3255,96,36,OnTime,-60,Medium Long,Poor
4886,Emirates,9298,56,12,Delayed,-44,Long Haul,Good
4887,Emirates,3720,17,87,OnTime,70,Medium Long,Poor
4888,Delta,4346,155,29,Delayed,-126,Medium Long,Good
4889,Indigo,1079,156,130,OnTime,-26,Short Haul,Poor
4890,Lufthansa,7154,76,184,Delayed,108,Long Haul,Poor
4891,Lufthansa,1543,79,78,Delayed,-1,Short Haul,Poor
4892,Delta,6937,94,102,Delayed,8,Medium Long,Poor
4893,Delta,8626,13,88,Delayed,75,Long Haul,Poor
4894,Delta,5790,136,74,Delayed,-62,Medium Long,Poor
4895,Emirates,7546,113,76,OnTime,-37,Long Haul,Poor
4896,Delta,2206,151,146,Delayed,-5,Short Haul,Poor
4897,Lufthansa,541,96,170,Delayed,74,Short Haul,Poor
4898,Emirates,10538,44,96,OnTime,52,Long Haul,Poor
4899,Lufthansa,10252,60,34,OnTime,-26,Long Haul,Poor
4900,Delta,5372,174,64,Delayed,-110,Medium Long,Poor
4901,Lufthansa,3334,60,34,OnTime,-26,Medium Long,Poor
4902,Emirates,7839,98,189,Delayed,91,Long Haul,Poor
4903,Emirates,6274,61,46,Delayed,-15,Medium Long,Poor
4904,Indigo,11008,69,89,Delayed,20,Long Haul,Poor
4905,Lufthansa,1585,117,31,Delayed,-86,Short Haul,Poor
4906,Indigo,8095,88,75,OnTime,-13,Long Haul,Poor
4907,Lufthansa,9656,31,79,OnTime,48,Long Haul,Poor
4908,Emirates,1445,160,34,OnTime,-126,Short Haul,Poor
4909,Indigo,6012,115,56,OnTime,-59,Medium Long,Poor
4910,Delta,11726,121,95,Delayed,-26,Long Haul,Poor
4911,Delta,530,118,151,Delayed,33,Short Haul,Poor
4912,Delta,1074,131,150,OnTime,19,Short Haul,Poor
4913,Indigo,10507,1,122,OnTime,121,Long Haul,Poor
4914,Lufthansa,7673,144,25,OnTime,-119,Long Haul,Good
4915,Indigo,1179,95,34,OnTime,-61,Short Haul,Poor
4916,Emirates,10142,27,63,Delayed,36,Long Haul,Poor
4917,Lufthansa,2531,96,169,Delayed,73,Short Haul,Poor
4918,Emirates,443,42,127,OnTime,85,Short Haul,Poor
4919,Indigo,788,167,131,Delayed,-36,Short Haul,Poor
4920,Emirates,8914,14,70,OnTime,56,Long Haul,Poor
4921,Lufthansa,9510,91,27,Delayed,-64,Long Haul,Good
4922,Emirates,2748,13,90,OnTime,77,Short Haul,Poor
4923,Lufthansa,3003,88,175,Delayed,87,Medium Long,Poor
4924,Delta,6906,88,187,OnTime,99,Medium Long,Poor
4925,Delta,2447,114,119,OnTime,5,Short Haul,Poor
4926,Delta,8362,33,68,OnTime,35,Long Haul,Poor
4927,Emirates,426,13,108,Delayed,95,Short Haul,Poor
4928,Delta,629,160,19,OnTime,-141,Short Haul,Good
4929,Emirates,2460,134,58,OnTime,-76,Short Haul,Poor
4930,Emirates,11431,135,22,OnTime,-113,Long Haul,Good
4931,Emirates,381,2,143,OnTime,141,Short Haul,Poor
4932,Indigo,11152,10,70,Delayed,60,Long Haul,Poor
4933,Lufthansa,10960,1,122,OnTime,121,Long Haul,Poor
4934,Lufthansa,572,113,100,OnTime,-13,Short Haul,Poor
4935,Emirates,4044,155,188,Delayed,33,Medium Long,Poor
4936,Delta,9446,107,117,Delayed,10,Long Haul,Poor
4937,Emirates,2567,0,38,OnTime,38,Short Haul,Poor
4938,Emirates,5260,61,192,Delayed,131,Medium Long,Poor
4939,Delta,5557,71,22,OnTime,-49,Medium Long,Good
4940,Indigo,6514,38,184,OnTime,146,Medium Long,Poor
4941,Indigo,2086,159,106,Delayed,-53,Short Haul,Poor
4942,Emirates,471,152,161,OnTime,9,Short Haul,Poor
4943,Delta,10774,144,178,Delayed,34,Long Haul,Poor
4944,Emirates,2932,59,94,Delayed,35,Short Haul,Poor
4945,Indigo,5551,55,122,OnTime,67,Medium Long,Poor
4946,Emirates,7856,95,167,Delayed,72,Long Haul,Poor
4947,Emirates,3876,40,33,OnTime,-7,Medium Long,Poor
4948,Lufthansa,2799,164,117,OnTime,-47,Short Haul,Poor
4949,Lufthansa,9636,163,174,OnTime,11,Long Haul,Poor
4950,Emirates,11379,84,0,Delayed,-84,Long Haul,Good
4951,Lufthansa,7973,64,46,OnTime,-18,Long Haul,Poor
4952,Delta,7387,111,125,OnTime,14,Long Haul,Poor
4953,Delta,11978,132,40,Delayed,-92,Long Haul,Poor
4954,Indigo,8722,164,60,Delayed,-104,Long Haul,Poor
4955,Lufthansa,2124,69,77,Delayed,8,Short Haul,Poor
4956,Delta,7521,104,185,Delayed,81,Long Haul,Poor
4957,Lufthansa,9212,133,21,OnTime,-112,Long Haul,Good
4958,Lufthansa,5967,27,182,Delayed,155,Medium Long,Poor
4959,Delta,4698,50,147,OnTime,97,Medium Long,Poor
4960,Delta,5696,73,168,OnTime,95,Medium Long,Poor
4961,Indigo,1574,31,5,OnTime,-26,Short Haul,Good
4962,Delta,5716,102,1,Delayed,-101,Medium Long,Good
4963,Indigo,2316,79,54,OnTime,-25,Short Haul,Poor
4964,Indigo,4560,129,44,Delayed,-85,Medium Long,Poor
4965,Lufthansa,7360,18,67,Delayed,49,Long Haul,Poor
4966,Lufthansa,4428,103,62,Delayed,-41,Medium Long,Poor
4967,Indigo,2869,110,17,Delayed,-93,Short Haul,Good
4968,Indigo,9857,158,18,OnTime,-140,Long Haul,Good
4969,Emirates,10546,108,188,OnTime,80,Long Haul,Poor
4970,Lufthansa,8604,76,192,Delayed,116,Long Haul,Poor
4971,Delta,2150,41,157,Delayed,116,Short Haul,Poor
4972,Lufthansa,6303,116,54,Delayed,-62,Medium Long,Poor
4973,Indigo,11226,49,112,Delayed,63,Long Haul,Poor
4974,Emirates,6056,132,9,OnTime,-123,Medium Long,Good
4975,Emirates,6737,123,147,Delayed,24,Medium Long,Poor
4976,Lufthansa,10791,28,173,OnTime,145,Long Haul,Poor
4977,Lufthansa,2329,50,140,Delayed,90,Short Haul,Poor
4978,Delta,8281,37,13,Delayed,-24,Long Haul,Good
4979,Indigo,3364,93,80,Delayed,-13,Medium Long,Poor
4980,Emirates,9955,0,69,OnTime,69,Long Haul,Poor
4981,Delta,3396,140,33,OnTime,-107,Medium Long,Poor
4982,Lufthansa,5027,142,165,OnTime,23,Medium Long,Poor
4983,Emirates,9920,43,179,OnTime,136,Long Haul,Poor
4984,Lufthansa,477,168,71,OnTime,-97,Short Haul,Poor
4985,Lufthansa,5896,160,183,OnTime,23,Medium Long,Poor
4986,Emirates,11410,147,21,Delayed,-126,Long Haul,Good
4987,Delta,9754,28,43,OnTime,15,Long Haul,Poor
4988,Indigo,5092,99,112,OnTime,13,Medium Long,Poor
4989,Lufthansa,8561,167,24,OnTime,-143,Long Haul,Good
4990,Indigo,2228,59,150,OnTime,91,Short Haul,Poor
4991,Lufthansa,11092,35,30,OnTime,-5,Long Haul,Good
4992,Delta,4216,48,124,OnTime,76,Medium Long,Poor
4993,Emirates,7590,126,194,Delayed,68,Long Haul,Poor
4994,Emirates,11119,120,132,OnTime,12,Long Haul,Poor
4995,Emirates,436,173,139,OnTime,-34,Short Haul,Poor
4996,Delta,6903,113,19,OnTime,-94,Medium Long,Good
4997,Delta,9745,37,131,Delayed,94,Long Haul,Poor
4998,Delta,2761,14,156,OnTime,142,Short Haul,Poor
4999,Delta,5637,65,174,Delayed,109,Medium Long,Poor
5000,Emirates,9759,41,132,Delayed,91,Long Haul,Poor
5001,Lufthansa,5432,23,137,Delayed,114,Medium Long,Poor
5002,Delta,8823,46,193,OnTime,147,Long Haul,Poor
5003,Indigo,3885,37,42,OnTime,5,Medium Long,Poor
5004,Lufthansa,4345,71,91,OnTime,20,Medium Long,Poor
5005,Lufthansa,10542,47,196,OnTime,149,Long Haul,Poor
5006,Emirates,2925,171,23,Delayed,-148,Short Haul,Good
5007,Lufthansa,3422,49,164,OnTime,115,Medium Long,Poor
5008,Emirates,5821,49,61,Delayed,12,Medium Long,Poor
5009,Emirates,1132,7,12,Delayed,5,Short Haul,Good
5010,Delta,11482,128,23,Delayed,-105,Long Haul,Good
5011,Emirates,3826,170,155,Delayed,-15,Medium Long,Poor
5012,Indigo,8255,114,126,OnTime,12,Long Haul,Poor
5013,Lufthansa,4552,144,5,Delayed,-139,Medium Long,Good
5014,Indigo,4975,29,74,Delayed,45,Medium Long,Poor
5015,Emirates,1720,21,12,Delayed,-9,Short Haul,Good
5016,Emirates,11146,137,62,OnTime,-75,Long Haul,Poor
5017,Delta,6455,147,89,OnTime,-58,Medium Long,Poor
5018,Indigo,4314,10,2,OnTime,-8,Medium Long,Good
5019,Delta,3655,142,32,OnTime,-110,Medium Long,Poor
5020,Delta,7280,149,148,Delayed,-1,Long Haul,Poor
5021,Emirates,6587,125,57,Delayed,-68,Medium Long,Poor
5022,Emirates,3437,18,143,OnTime,125,Medium Long,Poor
5023,Delta,10856,60,127,Delayed,67,Long Haul,Poor
5024,Lufthansa,11815,99,67,OnTime,-32,Long Haul,Poor
5025,Delta,303,48,57,Delayed,9,Short Haul,Poor
5026,Lufthansa,11738,125,27,OnTime,-98,Long Haul,Good
5027,Lufthansa,10506,19,141,Delayed,122,Long Haul,Poor
5028,Delta,402,0,131,Delayed,131,Short Haul,Poor
5029,Delta,11725,119,87,OnTime,-32,Long Haul,Poor
5030,Indigo,10109,159,77,OnTime,-82,Long Haul,Poor
5031,Indigo,9022,36,166,OnTime,130,Long Haul,Poor
5032,Lufthansa,4355,138,155,OnTime,17,Medium Long,Poor
5033,Lufthansa,10951,54,152,Delayed,98,Long Haul,Poor
5034,Lufthansa,9056,140,96,Delayed,-44,Long Haul,Poor
5035,Emirates,7431,43,176,OnTime,133,Long Haul,Poor
5036,Lufthansa,9931,71,155,OnTime,84,Long Haul,Poor
5037,Indigo,9065,93,88,Delayed,-5,Long Haul,Poor
5038,Emirates,7911,56,83,OnTime,27,Long Haul,Poor
5039,Delta,5932,129,83,Delayed,-46,Medium Long,Poor
5040,Emirates,4597,65,161,OnTime,96,Medium Long,Poor
5041,Lufthansa,2824,119,21,OnTime,-98,Short Haul,Good
5042,Indigo,4293,62,68,Delayed,6,Medium Long,Poor
5043,Emirates,1229,49,167,Delayed,118,Short Haul,Poor
5044,Indigo,9269,138,39,OnTime,-99,Long Haul,Poor
5045,Delta,11525,52,60,OnTime,8,Long Haul,Poor
5046,Emirates,6616,18,35,Delayed,17,Medium Long,Poor
5047,Lufthansa,5475,113,125,OnTime,12,Medium Long,Poor
5048,Delta,6168,43,97,OnTime,54,Medium Long,Poor
5049,Delta,1401,114,36,OnTime,-78,Short Haul,Poor
5050,Emirates,11489,59,57,Delayed,-2,Long Haul,Poor
5051,Lufthansa,4140,33,105,OnTime,72,Medium Long,Poor
5052,Emirates,10425,117,24,Delayed,-93,Long Haul,Good
5053,Emirates,4580,5,188,Delayed,183,Medium Long,Poor
5054,Lufthansa,10506,78,176,Delayed,98,Long Haul,Poor
5055,Indigo,1421,93,104,Delayed,11,Short Haul,Poor
5056,Indigo,2908,25,78,OnTime,53,Short Haul,Poor
5057,Emirates,5661,58,86,Delayed,28,Medium Long,Poor
5058,Delta,11682,47,127,OnTime,80,Long Haul,Poor
5059,Delta,1849,41,85,OnTime,44,Short Haul,Poor
5060,Lufthansa,960,97,132,Delayed,35,Short Haul,Poor
5061,Emirates,9937,118,174,Delayed,56,Long Haul,Poor
5062,Emirates,888,72,28,OnTime,-44,Short Haul,Good
5063,Emirates,4344,1,179,OnTime,178,Medium Long,Poor
5064,Emirates,8208,111,123,Delayed,12,Long Haul,Poor
5065,Lufthansa,9951,45,149,Delayed,104,Long Haul,Poor
5066,Delta,6880,157,103,OnTime,-54,Medium Long,Poor
5067,Delta,8753,130,13,Delayed,-117,Long Haul,Good
5068,Lufthansa,1180,144,193,Delayed,49,Short Haul,Poor
5069,Emirates,4665,138,77,Delayed,-61,Medium Long,Poor
5070,Delta,6262,151,73,OnTime,-78,Medium Long,Poor
5071,Delta,5827,99,137,Delayed,38,Medium Long,Poor
5072,Delta,4465,116,186,OnTime,70,Medium Long,Poor
5073,Emirates,2092,109,30,OnTime,-79,Short Haul,Good
5074,Lufthansa,2741,48,188,Delayed,140,Short Haul,Poor
5075,Indigo,9644,141,119,OnTime,-22,Long Haul,Poor
5076,Indigo,11393,96,197,Delayed,101,Long Haul,Poor
5077,Delta,3889,159,50,Delayed,-109,Medium Long,Poor
5078,Emirates,644,152,151,Delayed,-1,Short Haul,Poor
5079,Lufthansa,11836,145,178,Delayed,33,Long Haul,Poor
5080,Delta,1844,34,80,Delayed,46,Short Haul,Poor
5081,Lufthansa,3997,136,80,Delayed,-56,Medium Long,Poor
5082,Emirates,11496,65,71,Delayed,6,Long Haul,Poor
5083,Lufthansa,7567,145,120,OnTime,-25,Long Haul,Poor
5084,Delta,7299,2,13,OnTime,11,Long Haul,Good
5085,Indigo,3688,135,90,Delayed,-45,Medium Long,Poor
5086,Emirates,5564,105,172,Delayed,67,Medium Long,Poor
5087,Indigo,4960,27,60,Delayed,33,Medium Long,Poor
5088,Indigo,4267,12,107,Delayed,95,Medium Long,Poor
5089,Lufthansa,2445,52,174,OnTime,122,Short Haul,Poor
5090,Lufthansa,6252,114,179,Delayed,65,Medium Long,Poor
5091,Lufthansa,6177,168,169,Delayed,1,Medium Long,Poor
5092,Emirates,9584,21,176,OnTime,155,Long Haul,Poor
5093,Indigo,1863,165,73,Delayed,-92,Short Haul,Poor
5094,Delta,5970,72,49,Delayed,-23,Medium Long,Poor
5095,Delta,10802,78,192,Delayed,114,Long Haul,Poor
5096,Emirates,1949,154,64,Delayed,-90,Short Haul,Poor
5097,Indigo,1790,36,16,OnTime,-20,Short Haul,Good
5098,Indigo,932,40,19,Delayed,-21,Short Haul,Good
5099,Indigo,1620,144,15,OnTime,-129,Short Haul,Good
5100,Delta,7076,179,196,OnTime,17,Long Haul,Poor
5101,Delta,7715,90,140,Delayed,50,Long Haul,Poor
5102,Lufthansa,9063,175,153,Delayed,-22,Long Haul,Poor
5103,Delta,11068,116,137,Delayed,21,Long Haul,Poor
5104,Delta,10041,71,123,Delayed,52,Long Haul,Poor
5105,Delta,9009,110,173,Delayed,63,Long Haul,Poor
5106,Indigo,3801,99,105,Delayed,6,Medium Long,Poor
5107,Lufthansa,1404,134,196,OnTime,62,Short Haul,Poor
5108,Delta,6195,176,11,OnTime,-165,Medium Long,Good
5109,Delta,285,162,170,Delayed,8,Short Haul,Poor
5110,Delta,5036,28,18,Delayed,-10,Medium Long,Good
5111,Indigo,11925,109,48,OnTime,-61,Long Haul,Poor
5112,Indigo,6073,99,73,Delayed,-26,Medium Long,Poor
5113,Emirates,9697,1,150,Delayed,149,Long Haul,Poor
5114,Indigo,9959,5,197,OnTime,192,Long Haul,Poor
5115,Delta,6480,1,112,OnTime,111,Medium Long,Poor
5116,Indigo,5254,54,118,Delayed,64,Medium Long,Poor
5117,Indigo,9208,105,20,Delayed,-85,Long Haul,Good
5118,Delta,4429,15,113,Delayed,98,Medium Long,Poor
5119,Lufthansa,3360,89,4,Delayed,-85,Medium Long,Good
5120,Emirates,1165,15,198,Delayed,183,Short Haul,Poor
5121,Delta,5790,85,10,Delayed,-75,Medium Long,Good
5122,Delta,10026,145,26,Delayed,-119,Long Haul,Good
5123,Delta,10792,78,70,Delayed,-8,Long Haul,Poor
5124,Lufthansa,2182,14,155,OnTime,141,Short Haul,Poor
5125,Delta,5731,106,11,Delayed,-95,Medium Long,Good
5126,Lufthansa,7134,40,65,OnTime,25,Long Haul,Poor
5127,Indigo,8989,148,140,Delayed,-8,Long Haul,Poor
5128,Indigo,3447,41,0,OnTime,-41,Medium Long,Good
5129,Indigo,7777,41,61,OnTime,20,Long Haul,Poor
5130,Lufthansa,491,97,144,Delayed,47,Short Haul,Poor
5131,Indigo,1231,97,127,Delayed,30,Short Haul,Poor
5132,Lufthansa,9608,30,129,OnTime,99,Long Haul,Poor
5133,Lufthansa,8652,111,17,Delayed,-94,Long Haul,Good
5134,Emirates,6079,90,141,OnTime,51,Medium Long,Poor
5135,Lufthansa,2797,106,132,OnTime,26,Short Haul,Poor
5136,Lufthansa,5654,70,103,OnTime,33,Medium Long,Poor
5137,Indigo,3636,104,178,Delayed,74,Medium Long,Poor
5138,Delta,11596,73,23,OnTime,-50,Long Haul,Good
5139,Emirates,9772,137,144,Delayed,7,Long Haul,Poor
5140,Lufthansa,8132,6,43,Delayed,37,Long Haul,Poor
5141,Lufthansa,8969,55,39,Delayed,-16,Long Haul,Poor
5142,Emirates,2382,102,145,OnTime,43,Short Haul,Poor
5143,Indigo,6904,173,183,Delayed,10,Medium Long,Poor
5144,Indigo,1020,45,186,Delayed,141,Short Haul,Poor
5145,Indigo,664,58,122,Delayed,64,Short Haul,Poor
5146,Delta,651,155,104,OnTime,-51,Short Haul,Poor
5147,Indigo,5016,175,119,Delayed,-56,Medium Long,Poor
5148,Emirates,9281,123,174,OnTime,51,Long Haul,Poor
5149,Emirates,5267,100,144,Delayed,44,Medium Long,Poor
5150,Lufthansa,905,47,54,Delayed,7,Short Haul,Poor
5151,Delta,8626,93,136,OnTime,43,Long Haul,Poor
5152,Delta,10882,176,18,OnTime,-158,Long Haul,Good
5153,Lufthansa,6662,168,110,OnTime,-58,Medium Long,Poor
5154,Indigo,3302,62,55,Delayed,-7,Medium Long,Poor
5155,Indigo,5290,65,182,Delayed,117,Medium Long,Poor
5156,Lufthansa,4769,53,55,Delayed,2,Medium Long,Poor
5157,Indigo,9274,90,134,Delayed,44,Long Haul,Poor
5158,Emirates,8208,138,71,OnTime,-67,Long Haul,Poor
5159,Delta,4641,140,61,OnTime,-79,Medium Long,Poor
5160,Indigo,9020,100,20,OnTime,-80,Long Haul,Good
5161,Delta,7495,5,2,Delayed,-3,Long Haul,Good
5162,Lufthansa,6268,169,199,OnTime,30,Medium Long,Poor
5163,Delta,4427,78,47,Delayed,-31,Medium Long,Poor
5164,Emirates,1892,37,22,Delayed,-15,Short Haul,Good
5165,Indigo,5200,176,167,OnTime,-9,Medium Long,Poor
5166,Lufthansa,5751,101,64,Delayed,-37,Medium Long,Poor
5167,Lufthansa,10830,41,1,Delayed,-40,Long Haul,Good
5168,Emirates,3953,132,67,OnTime,-65,Medium Long,Poor
5169,Indigo,10719,125,145,OnTime,20,Long Haul,Poor
5170,Lufthansa,9947,111,26,OnTime,-85,Long Haul,Good
5171,Indigo,827,119,123,Delayed,4,Short Haul,Poor
5172,Emirates,9568,150,113,Delayed,-37,Long Haul,Poor
5173,Indigo,11956,147,166,Delayed,19,Long Haul,Poor
5174,Delta,6075,11,142,OnTime,131,Medium Long,Poor
5175,Emirates,6264,167,148,Delayed,-19,Medium Long,Poor
5176,Lufthansa,4714,126,145,OnTime,19,Medium Long,Poor
5177,Indigo,4818,125,153,OnTime,28,Medium Long,Poor
5178,Emirates,10298,78,77,OnTime,-1,Long Haul,Poor
5179,Emirates,845,136,189,OnTime,53,Short Haul,Poor
5180,Delta,8645,127,36,OnTime,-91,Long Haul,Poor
5181,Emirates,10838,95,58,OnTime,-37,Long Haul,Poor
5182,Indigo,9139,97,151,Delayed,54,Long Haul,Poor
5183,Emirates,8112,162,26,OnTime,-136,Long Haul,Good
5184,Indigo,3917,89,186,OnTime,97,Medium Long,Poor
5185,Lufthansa,4222,27,54,OnTime,27,Medium Long,Poor
5186,Indigo,414,110,45,Delayed,-65,Short Haul,Poor
5187,Emirates,5233,151,95,OnTime,-56,Medium Long,Poor
5188,Delta,9329,60,194,OnTime,134,Long Haul,Poor
5189,Indigo,845,149,60,Delayed,-89,Short Haul,Poor
5190,Lufthansa,11600,114,23,OnTime,-91,Long Haul,Good
5191,Delta,2404,66,66,Delayed,0,Short Haul,Poor
5192,Lufthansa,10991,154,80,Delayed,-74,Long Haul,Poor
5193,Lufthansa,4487,63,158,OnTime,95,Medium Long,Poor
5194,Emirates,8968,140,123,Delayed,-17,Long Haul,Poor
5195,Emirates,4861,83,62,Delayed,-21,Medium Long,Poor
5196,Emirates,980,93,18,OnTime,-75,Short Haul,Good
5197,Indigo,10045,74,95,Delayed,21,Long Haul,Poor
5198,Indigo,227,112,98,Delayed,-14,Short Haul,Poor
5199,Indigo,3216,161,6,OnTime,-155,Medium Long,Good
5200,Indigo,8661,18,17,Delayed,-1,Long Haul,Good
5201,Emirates,9449,37,108,OnTime,71,Long Haul,Poor
5202,Lufthansa,4024,156,128,Delayed,-28,Medium Long,Poor
5203,Emirates,3964,33,15,OnTime,-18,Medium Long,Good
5204,Emirates,7200,64,177,OnTime,113,Long Haul,Poor
5205,Lufthansa,7190,178,20,OnTime,-158,Long Haul,Good
5206,Indigo,8107,105,12,Delayed,-93,Long Haul,Good
5207,Indigo,1940,106,57,OnTime,-49,Short Haul,Poor
5208,Lufthansa,3393,71,73,OnTime,2,Medium Long,Poor
5209,Emirates,7993,81,21,OnTime,-60,Long Haul,Good
5210,Indigo,4713,20,166,OnTime,146,Medium Long,Poor
5211,Emirates,11486,30,1,Delayed,-29,Long Haul,Good
5212,Indigo,994,96,125,Delayed,29,Short Haul,Poor
5213,Delta,8431,68,14,Delayed,-54,Long Haul,Good
5214,Delta,6128,32,82,Delayed,50,Medium Long,Poor
5215,Delta,1328,50,115,OnTime,65,Short Haul,Poor
5216,Indigo,11592,71,41,OnTime,-30,Long Haul,Poor
5217,Indigo,2885,130,16,OnTime,-114,Short Haul,Good
5218,Delta,4517,115,39,Delayed,-76,Medium Long,Poor
5219,Emirates,10473,35,86,OnTime,51,Long Haul,Poor
5220,Emirates,1309,106,92,OnTime,-14,Short Haul,Poor
5221,Emirates,9699,138,7,Delayed,-131,Long Haul,Good
5222,Emirates,2671,143,146,Delayed,3,Short Haul,Poor
5223,Delta,1600,77,111,Delayed,34,Short Haul,Poor
5224,Delta,9636,80,38,OnTime,-42,Long Haul,Poor
5225,Emirates,2719,74,36,Delayed,-38,Short Haul,Poor
5226,Indigo,7864,62,167,OnTime,105,Long Haul,Poor
5227,Delta,3677,166,68,OnTime,-98,Medium Long,Poor
5228,Lufthansa,8412,39,27,OnTime,-12,Long Haul,Good
5229,Delta,6011,124,183,OnTime,59,Medium Long,Poor
5230,Emirates,3803,55,53,Delayed,-2,Medium Long,Poor
5231,Delta,1097,89,39,Delayed,-50,Short Haul,Poor
5232,Emirates,7178,37,146,Delayed,109,Long Haul,Poor
5233,Lufthansa,8617,114,69,OnTime,-45,Long Haul,Poor
5234,Indigo,648,144,37,OnTime,-107,Short Haul,Poor
5235,Delta,11523,20,111,OnTime,91,Long Haul,Poor
5236,Lufthansa,10132,60,7,Delayed,-53,Long Haul,Good
5237,Delta,7944,32,98,OnTime,66,Long Haul,Poor
5238,Delta,8317,120,114,OnTime,-6,Long Haul,Poor
5239,Indigo,2419,90,157,OnTime,67,Short Haul,Poor
5240,Delta,7316,89,15,OnTime,-74,Long Haul,Good
5241,Delta,5956,12,104,OnTime,92,Medium Long,Poor
5242,Emirates,5684,83,111,OnTime,28,Medium Long,Poor
5243,Delta,6543,2,69,OnTime,67,Medium Long,Poor
5244,Indigo,4109,36,143,Delayed,107,Medium Long,Poor
5245,Delta,11578,159,62,OnTime,-97,Long Haul,Poor
5246,Emirates,9202,48,32,OnTime,-16,Long Haul,Poor
5247,Indigo,7375,104,23,OnTime,-81,Long Haul,Good
5248,Indigo,11346,48,176,OnTime,128,Long Haul,Poor
5249,Emirates,5614,177,73,Delayed,-104,Medium Long,Poor
5250,Indigo,11206,91,106,Delayed,15,Long Haul,Poor
5251,Indigo,6862,167,151,Delayed,-16,Medium Long,Poor
5252,Lufthansa,7348,14,36,Delayed,22,Long Haul,Poor
5253,Delta,11813,88,68,Delayed,-20,Long Haul,Poor
5254,Emirates,9702,4,87,OnTime,83,Long Haul,Poor
5255,Indigo,5275,62,84,Delayed,22,Medium Long,Poor
5256,Indigo,10921,171,63,Delayed,-108,Long Haul,Poor
5257,Indigo,609,130,197,Delayed,67,Short Haul,Poor
5258,Lufthansa,7279,144,16,Delayed,-128,Long Haul,Good
5259,Lufthansa,9784,48,47,Delayed,-1,Long Haul,Poor
5260,Lufthansa,4978,8,70,OnTime,62,Medium Long,Poor
5261,Emirates,9342,60,186,Delayed,126,Long Haul,Poor
5262,Indigo,8273,63,62,Delayed,-1,Long Haul,Poor
5263,Delta,4695,55,99,OnTime,44,Medium Long,Poor
5264,Delta,4949,39,13,Delayed,-26,Medium Long,Good
5265,Lufthansa,3931,178,100,OnTime,-78,Medium Long,Poor
5266,Emirates,2142,97,11,OnTime,-86,Short Haul,Good
5267,Indigo,10449,16,171,Delayed,155,Long Haul,Poor
5268,Delta,3437,99,130,OnTime,31,Medium Long,Poor
5269,Lufthansa,5899,14,149,OnTime,135,Medium Long,Poor
5270,Emirates,7779,159,53,Delayed,-106,Long Haul,Poor
5271,Delta,5736,67,34,OnTime,-33,Medium Long,Poor
5272,Emirates,3034,70,75,OnTime,5,Medium Long,Poor
5273,Emirates,3525,20,45,Delayed,25,Medium Long,Poor
5274,Emirates,5936,87,32,OnTime,-55,Medium Long,Poor
5275,Indigo,7846,75,173,OnTime,98,Long Haul,Poor
5276,Emirates,6050,168,115,OnTime,-53,Medium Long,Poor
5277,Emirates,10111,178,36,OnTime,-142,Long Haul,Poor
5278,Indigo,10095,175,113,OnTime,-62,Long Haul,Poor
5279,Lufthansa,984,127,194,Delayed,67,Short Haul,Poor
5280,Emirates,3044,17,36,Delayed,19,Medium Long,Poor
5281,Indigo,634,120,86,Delayed,-34,Short Haul,Poor
5282,Lufthansa,5990,68,124,Delayed,56,Medium Long,Poor
5283,Delta,3331,22,23,Delayed,1,Medium Long,Good
5284,Emirates,6535,75,109,Delayed,34,Medium Long,Poor
5285,Emirates,5314,158,88,Delayed,-70,Medium Long,Poor
5286,Delta,4058,23,144,OnTime,121,Medium Long,Poor
5287,Delta,5551,7,127,Delayed,120,Medium Long,Poor
5288,Emirates,3524,34,48,OnTime,14,Medium Long,Poor
5289,Emirates,773,172,111,OnTime,-61,Short Haul,Poor
5290,Delta,3524,67,164,Delayed,97,Medium Long,Poor
5291,Indigo,3160,96,152,OnTime,56,Medium Long,Poor
5292,Lufthansa,2472,83,138,Delayed,55,Short Haul,Poor
5293,Indigo,11593,99,176,OnTime,77,Long Haul,Poor
5294,Indigo,8622,177,53,Delayed,-124,Long Haul,Poor
5295,Indigo,9048,4,101,OnTime,97,Long Haul,Poor
5296,Emirates,11519,95,183,OnTime,88,Long Haul,Poor
5297,Emirates,3178,164,197,Delayed,33,Medium Long,Poor
5298,Delta,1887,83,51,OnTime,-32,Short Haul,Poor
5299,Lufthansa,7715,75,27,Delayed,-48,Long Haul,Good
5300,Indigo,7769,163,181,OnTime,18,Long Haul,Poor
5301,Lufthansa,6609,30,199,Delayed,169,Medium Long,Poor
5302,Indigo,6140,72,39,Delayed,-33,Medium Long,Poor
5303,Delta,8143,1,38,OnTime,37,Long Haul,Poor
5304,Emirates,2800,133,109,OnTime,-24,Short Haul,Poor
5305,Delta,3522,78,196,OnTime,118,Medium Long,Poor
5306,Indigo,1857,101,27,Delayed,-74,Short Haul,Good
5307,Delta,3099,84,117,Delayed,33,Medium Long,Poor
5308,Indigo,954,59,76,Delayed,17,Short Haul,Poor
5309,Indigo,9949,97,109,Delayed,12,Long Haul,Poor
5310,Indigo,2302,21,110,OnTime,89,Short Haul,Poor
5311,Emirates,4393,18,160,OnTime,142,Medium Long,Poor
5312,Lufthansa,860,144,10,OnTime,-134,Short Haul,Good
5313,Lufthansa,9000,172,188,OnTime,16,Long Haul,Poor
5314,Delta,11011,46,78,OnTime,32,Long Haul,Poor
5315,Emirates,769,9,192,OnTime,183,Short Haul,Poor
5316,Lufthansa,5540,147,100,Delayed,-47,Medium Long,Poor
5317,Emirates,8000,71,88,Delayed,17,Long Haul,Poor
5318,Emirates,3579,167,100,Delayed,-67,Medium Long,Poor
5319,Emirates,8981,113,77,OnTime,-36,Long Haul,Poor
5320,Indigo,1442,10,186,Delayed,176,Short Haul,Poor
5321,Indigo,4552,146,187,OnTime,41,Medium Long,Poor
5322,Lufthansa,1204,113,62,Delayed,-51,Short Haul,Poor
5323,Lufthansa,8305,83,126,Delayed,43,Long Haul,Poor
5324,Emirates,238,1,53,Delayed,52,Short Haul,Poor
5325,Indigo,7564,96,69,Delayed,-27,Long Haul,Poor
5326,Indigo,7857,66,118,OnTime,52,Long Haul,Poor
5327,Indigo,11594,76,147,OnTime,71,Long Haul,Poor
5328,Indigo,5611,110,130,Delayed,20,Medium Long,Poor
5329,Indigo,8031,110,95,OnTime,-15,Long Haul,Poor
5330,Emirates,7713,48,93,Delayed,45,Long Haul,Poor
5331,Indigo,10149,169,9,OnTime,-160,Long Haul,Good
5332,Lufthansa,10820,168,9,Delayed,-159,Long Haul,Good
5333,Delta,8106,84,122,Delayed,38,Long Haul,Poor
5334,Indigo,4687,62,143,Delayed,81,Medium Long,Poor
5335,Indigo,6412,154,138,Delayed,-16,Medium Long,Poor
5336,Lufthansa,5485,66,52,Delayed,-14,Medium Long,Poor
5337,Emirates,7316,6,87,OnTime,81,Long Haul,Poor
5338,Lufthansa,5319,43,111,OnTime,68,Medium Long,Poor
5339,Delta,3194,42,91,Delayed,49,Medium Long,Poor
5340,Delta,1363,113,124,OnTime,11,Short Haul,Poor
5341,Delta,6136,110,189,OnTime,79,Medium Long,Poor
5342,Indigo,3020,91,133,Delayed,42,Medium Long,Poor
5343,Lufthansa,4889,162,19,OnTime,-143,Medium Long,Good
5344,Emirates,2171,119,30,Delayed,-89,Short Haul,Good
5345,Lufthansa,9481,74,140,OnTime,66,Long Haul,Poor
5346,Lufthansa,10964,122,14,Delayed,-108,Long Haul,Good
5347,Lufthansa,10789,78,196,OnTime,118,Long Haul,Poor
5348,Indigo,8462,90,184,Delayed,94,Long Haul,Poor
5349,Indigo,3165,143,145,Delayed,2,Medium Long,Poor
5350,Lufthansa,6978,150,159,Delayed,9,Medium Long,Poor
5351,Emirates,1924,112,171,OnTime,59,Short Haul,Poor
5352,Indigo,880,48,117,OnTime,69,Short Haul,Poor
5353,Emirates,2133,0,150,Delayed,150,Short Haul,Poor
5354,Lufthansa,7107,118,14,OnTime,-104,Long Haul,Good
5355,Delta,3867,90,13,Delayed,-77,Medium Long,Good
5356,Emirates,7156,93,106,Delayed,13,Long Haul,Poor
5357,Emirates,11881,156,74,OnTime,-82,Long Haul,Poor
5358,Lufthansa,2349,93,189,OnTime,96,Short Haul,Poor
5359,Indigo,3802,57,45,OnTime,-12,Medium Long,Poor
5360,Lufthansa,1472,71,5,Delayed,-66,Short Haul,Good
5361,Lufthansa,4934,18,49,OnTime,31,Medium Long,Poor
5362,Lufthansa,4400,102,164,OnTime,62,Medium Long,Poor
5363,Emirates,10864,56,96,Delayed,40,Long Haul,Poor
5364,Emirates,2932,145,36,OnTime,-109,Short Haul,Poor
5365,Lufthansa,4016,133,40,Delayed,-93,Medium Long,Poor
5366,Lufthansa,1341,36,166,OnTime,130,Short Haul,Poor
5367,Lufthansa,9059,2,145,Delayed,143,Long Haul,Poor
5368,Indigo,9792,132,95,Delayed,-37,Long Haul,Poor
5369,Lufthansa,7682,163,82,OnTime,-81,Long Haul,Poor
5370,Emirates,3833,53,10,OnTime,-43,Medium Long,Good
5371,Delta,1790,79,55,Delayed,-24,Short Haul,Poor
5372,Lufthansa,7727,127,93,OnTime,-34,Long Haul,Poor
5373,Delta,6392,47,164,OnTime,117,Medium Long,Poor
5374,Emirates,3108,161,70,OnTime,-91,Medium Long,Poor
5375,Indigo,9140,68,88,Delayed,20,Long Haul,Poor
5376,Delta,2705,29,9,OnTime,-20,Short Haul,Good
5377,Lufthansa,8905,85,179,Delayed,94,Long Haul,Poor
5378,Emirates,6214,84,51,Delayed,-33,Medium Long,Poor
5379,Lufthansa,5427,38,62,OnTime,24,Medium Long,Poor
5380,Emirates,6197,40,77,OnTime,37,Medium Long,Poor
5381,Delta,1734,44,152,OnTime,108,Short Haul,Poor
5382,Lufthansa,5459,18,135,Delayed,117,Medium Long,Poor
5383,Delta,8514,3,129,OnTime,126,Long Haul,Poor
5384,Lufthansa,5074,49,121,OnTime,72,Medium Long,Poor
5385,Lufthansa,10666,152,21,OnTime,-131,Long Haul,Good
5386,Delta,1903,84,150,Delayed,66,Short Haul,Poor
5387,Lufthansa,7099,126,8,OnTime,-118,Long Haul,Good
5388,Emirates,10946,18,67,Delayed,49,Long Haul,Poor
5389,Emirates,8923,130,9,OnTime,-121,Long Haul,Good
5390,Delta,7606,161,87,OnTime,-74,Long Haul,Poor
5391,Delta,9918,138,131,OnTime,-7,Long Haul,Poor
5392,Indigo,10332,110,26,OnTime,-84,Long Haul,Good
5393,Delta,6204,163,196,OnTime,33,Medium Long,Poor
5394,Delta,1495,132,6,Delayed,-126,Short Haul,Good
5395,Emirates,602,61,45,Delayed,-16,Short Haul,Poor
5396,Indigo,6056,129,121,Delayed,-8,Medium Long,Poor
5397,Indigo,11130,97,119,OnTime,22,Long Haul,Poor
5398,Indigo,5969,100,161,Delayed,61,Medium Long,Poor
5399,Lufthansa,7148,45,130,Delayed,85,Long Haul,Poor
5400,Emirates,9377,166,26,OnTime,-140,Long Haul,Good
5401,Emirates,2764,21,149,Delayed,128,Short Haul,Poor
5402,Lufthansa,9243,103,151,OnTime,48,Long Haul,Poor
5403,Lufthansa,883,85,40,OnTime,-45,Short Haul,Poor
5404,Delta,10562,48,43,OnTime,-5,Long Haul,Poor
5405,Delta,984,144,129,OnTime,-15,Short Haul,Poor
5406,Indigo,2881,2,192,Delayed,190,Short Haul,Poor
5407,Delta,2881,8,168,Delayed,160,Short Haul,Poor
5408,Emirates,9934,9,173,Delayed,164,Long Haul,Poor
5409,Emirates,284,113,99,OnTime,-14,Short Haul,Poor
5410,Delta,10936,116,155,OnTime,39,Long Haul,Poor
5411,Indigo,11690,147,185,OnTime,38,Long Haul,Poor
5412,Lufthansa,5137,62,148,Delayed,86,Medium Long,Poor
5413,Indigo,9826,12,166,OnTime,154,Long Haul,Poor
5414,Indigo,10573,53,187,Delayed,134,Long Haul,Poor
5415,Emirates,11143,64,79,OnTime,15,Long Haul,Poor
5416,Indigo,5710,80,10,Delayed,-70,Medium Long,Good
5417,Indigo,1179,111,136,Delayed,25,Short Haul,Poor
5418,Lufthansa,11022,141,49,OnTime,-92,Long Haul,Poor
5419,Lufthansa,9072,136,125,OnTime,-11,Long Haul,Poor
5420,Delta,2562,151,168,Delayed,17,Short Haul,Poor
5421,Indigo,11455,161,125,Delayed,-36,Long Haul,Poor
5422,Emirates,7045,146,108,OnTime,-38,Long Haul,Poor
5423,Delta,5699,9,60,OnTime,51,Medium Long,Poor
5424,Lufthansa,11348,177,137,Delayed,-40,Long Haul,Poor
5425,Delta,5777,30,54,Delayed,24,Medium Long,Poor
5426,Delta,1213,119,115,Delayed,-4,Short Haul,Poor
5427,Indigo,2151,14,44,OnTime,30,Short Haul,Poor
5428,Indigo,1474,28,181,Delayed,153,Short Haul,Poor
5429,Delta,5528,175,107,Delayed,-68,Medium Long,Poor
5430,Emirates,2508,13,7,Delayed,-6,Short Haul,Good
5431,Delta,3144,35,15,OnTime,-20,Medium Long,Good
5432,Delta,10394,115,171,Delayed,56,Long Haul,Poor
5433,Delta,10033,163,119,Delayed,-44,Long Haul,Poor
5434,Delta,1183,3,12,OnTime,9,Short Haul,Good
5435,Emirates,7488,170,70,OnTime,-100,Long Haul,Poor
5436,Emirates,2436,49,68,OnTime,19,Short Haul,Poor
5437,Indigo,3706,142,120,Delayed,-22,Medium Long,Poor
5438,Lufthansa,5871,141,24,OnTime,-117,Medium Long,Good
5439,Delta,9171,41,125,Delayed,84,Long Haul,Poor
5440,Lufthansa,7389,28,63,OnTime,35,Long Haul,Poor
5441,Lufthansa,4375,132,140,Delayed,8,Medium Long,Poor
5442,Emirates,7769,75,76,Delayed,1,Long Haul,Poor
5443,Indigo,7065,106,162,Delayed,56,Long Haul,Poor
5444,Lufthansa,4574,100,128,OnTime,28,Medium Long,Poor
5445,Indigo,1050,76,54,OnTime,-22,Short Haul,Poor
5446,Lufthansa,6164,10,35,Delayed,25,Medium Long,Poor
5447,Emirates,9111,45,158,Delayed,113,Long Haul,Poor
5448,Lufthansa,9379,108,10,OnTime,-98,Long Haul,Good
5449,Delta,3206,19,5,OnTime,-14,Medium Long,Good
5450,Indigo,879,19,173,OnTime,154,Short Haul,Poor
5451,Lufthansa,3085,71,42,Delayed,-29,Medium Long,Poor
5452,Indigo,5101,171,67,Delayed,-104,Medium Long,Poor
5453,Indigo,11850,21,26,Delayed,5,Long Haul,Good
5454,Emirates,9109,114,0,OnTime,-114,Long Haul,Good
5455,Delta,5546,161,103,OnTime,-58,Medium Long,Poor
5456,Indigo,9022,167,82,OnTime,-85,Long Haul,Poor
5457,Emirates,6593,178,62,Delayed,-116,Medium Long,Poor
5458,Delta,9423,15,48,Delayed,33,Long Haul,Poor
5459,Emirates,5425,50,36,Delayed,-14,Medium Long,Poor
5460,Lufthansa,7783,157,125,Delayed,-32,Long Haul,Poor
5461,Lufthansa,11567,56,103,OnTime,47,Long Haul,Poor
5462,Indigo,2543,110,165,Delayed,55,Short Haul,Poor
5463,Emirates,1976,122,147,Delayed,25,Short Haul,Poor
5464,Emirates,7685,173,135,OnTime,-38,Long Haul,Poor
5465,Emirates,4609,55,40,Delayed,-15,Medium Long,Poor
5466,Lufthansa,4908,145,19,Delayed,-126,Medium Long,Good
5467,Indigo,2002,103,62,Delayed,-41,Short Haul,Poor
5468,Indigo,4291,17,79,OnTime,62,Medium Long,Poor
5469,Indigo,6444,165,43,Delayed,-122,Medium Long,Poor
5470,Indigo,989,91,115,Delayed,24,Short Haul,Poor
5471,Delta,1692,15,138,OnTime,123,Short Haul,Poor
5472,Indigo,2765,136,163,OnTime,27,Short Haul,Poor
5473,Delta,11653,32,190,Delayed,158,Long Haul,Poor
5474,Indigo,7768,1,25,OnTime,24,Long Haul,Good
5475,Lufthansa,7843,5,116,Delayed,111,Long Haul,Poor
5476,Emirates,1749,152,177,Delayed,25,Short Haul,Poor
5477,Lufthansa,6437,36,194,Delayed,158,Medium Long,Poor
5478,Lufthansa,5950,33,49,OnTime,16,Medium Long,Poor
5479,Lufthansa,5122,98,172,OnTime,74,Medium Long,Poor
5480,Emirates,5429,67,161,Delayed,94,Medium Long,Poor
5481,Emirates,6220,91,46,OnTime,-45,Medium Long,Poor
5482,Indigo,8348,106,127,OnTime,21,Long Haul,Poor
5483,Indigo,4689,60,21,OnTime,-39,Medium Long,Good
5484,Delta,3099,99,47,OnTime,-52,Medium Long,Poor
5485,Delta,9164,110,136,Delayed,26,Long Haul,Poor
5486,Emirates,5879,24,134,Delayed,110,Medium Long,Poor
5487,Lufthansa,3064,68,137,OnTime,69,Medium Long,Poor
5488,Lufthansa,9236,111,183,OnTime,72,Long Haul,Poor
5489,Lufthansa,4507,66,22,Delayed,-44,Medium Long,Good
5490,Indigo,9576,32,45,Delayed,13,Long Haul,Poor
5491,Indigo,2387,143,33,Delayed,-110,Short Haul,Poor
5492,Lufthansa,1203,86,44,OnTime,-42,Short Haul,Poor
5493,Emirates,2679,82,69,Delayed,-13,Short Haul,Poor
5494,Lufthansa,10168,5,164,Delayed,159,Long Haul,Poor
5495,Indigo,5940,129,76,Delayed,-53,Medium Long,Poor
5496,Indigo,7096,7,120,OnTime,113,Long Haul,Poor
5497,Emirates,11151,25,20,OnTime,-5,Long Haul,Good
5498,Delta,5983,39,198,OnTime,159,Medium Long,Poor
5499,Delta,9931,168,183,OnTime,15,Long Haul,Poor
5500,Indigo,636,63,66,Delayed,3,Short Haul,Poor
5501,Lufthansa,6318,161,185,Delayed,24,Medium Long,Poor
5502,Emirates,2742,90,114,Delayed,24,Short Haul,Poor
5503,Delta,3411,79,33,OnTime,-46,Medium Long,Poor
5504,Indigo,5767,135,81,Delayed,-54,Medium Long,Poor
5505,Delta,2908,103,29,Delayed,-74,Short Haul,Good
5506,Lufthansa,412,158,190,Delayed,32,Short Haul,Poor
5507,Lufthansa,3049,62,138,Delayed,76,Medium Long,Poor
5508,Emirates,6034,156,93,Delayed,-63,Medium Long,Poor
5509,Lufthansa,7267,146,131,OnTime,-15,Long Haul,Poor
5510,Emirates,1827,78,123,Delayed,45,Short Haul,Poor
5511,Delta,7303,158,195,OnTime,37,Long Haul,Poor
5512,Emirates,7357,145,146,Delayed,1,Long Haul,Poor
5513,Lufthansa,10970,90,47,Delayed,-43,Long Haul,Poor
5514,Indigo,4973,97,22,OnTime,-75,Medium Long,Good
5515,Delta,6023,78,196,Delayed,118,Medium Long,Poor
5516,Lufthansa,9326,96,133,Delayed,37,Long Haul,Poor
5517,Lufthansa,11856,3,116,Delayed,113,Long Haul,Poor
5518,Delta,6746,41,13,Delayed,-28,Medium Long,Good
5519,Delta,9348,45,92,OnTime,47,Long Haul,Poor
5520,Delta,7752,105,2,OnTime,-103,Long Haul,Good
5521,Emirates,8288,43,117,OnTime,74,Long Haul,Poor
5522,Delta,11373,176,162,OnTime,-14,Long Haul,Poor
5523,Emirates,7338,87,35,OnTime,-52,Long Haul,Poor
5524,Emirates,1088,16,65,Delayed,49,Short Haul,Poor
5525,Emirates,9708,117,59,OnTime,-58,Long Haul,Poor
5526,Delta,8860,137,151,OnTime,14,Long Haul,Poor
5527,Lufthansa,9452,110,194,OnTime,84,Long Haul,Poor
5528,Lufthansa,4827,73,89,Delayed,16,Medium Long,Poor
5529,Lufthansa,11025,140,66,OnTime,-74,Long Haul,Poor
5530,Indigo,2265,52,35,Delayed,-17,Short Haul,Poor
5531,Delta,9137,162,105,Delayed,-57,Long Haul,Poor
5532,Indigo,3521,165,16,OnTime,-149,Medium Long,Good
5533,Indigo,9082,135,136,Delayed,1,Long Haul,Poor
5534,Delta,7768,39,138,OnTime,99,Long Haul,Poor
5535,Lufthansa,8187,138,123,Delayed,-15,Long Haul,Poor
5536,Indigo,2389,161,7,Delayed,-154,Short Haul,Good
5537,Emirates,11576,14,144,Delayed,130,Long Haul,Poor
5538,Delta,1138,13,131,Delayed,118,Short Haul,Poor
5539,Delta,10672,75,91,Delayed,16,Long Haul,Poor
5540,Emirates,11074,0,18,OnTime,18,Long Haul,Good
5541,Indigo,11190,81,102,Delayed,21,Long Haul,Poor
5542,Delta,304,10,197,OnTime,187,Short Haul,Poor
5543,Lufthansa,5066,153,191,OnTime,38,Medium Long,Poor
5544,Emirates,6857,145,130,Delayed,-15,Medium Long,Poor
5545,Lufthansa,5149,119,65,OnTime,-54,Medium Long,Poor
5546,Emirates,3771,56,97,OnTime,41,Medium Long,Poor
5547,Delta,888,32,169,Delayed,137,Short Haul,Poor
5548,Emirates,2261,86,116,OnTime,30,Short Haul,Poor
5549,Delta,2819,22,33,OnTime,11,Short Haul,Poor
5550,Indigo,6724,174,112,OnTime,-62,Medium Long,Poor
5551,Delta,3374,170,65,Delayed,-105,Medium Long,Poor
5552,Emirates,9817,106,54,Delayed,-52,Long Haul,Poor
5553,Delta,11923,110,86,OnTime,-24,Long Haul,Poor
5554,Emirates,354,55,44,OnTime,-11,Short Haul,Poor
5555,Emirates,8872,134,43,OnTime,-91,Long Haul,Poor
5556,Lufthansa,9845,42,87,OnTime,45,Long Haul,Poor
5557,Delta,7878,98,133,Delayed,35,Long Haul,Poor
5558,Emirates,9616,144,17,Delayed,-127,Long Haul,Good
5559,Indigo,7771,31,113,Delayed,82,Long Haul,Poor
5560,Delta,7239,16,65,OnTime,49,Long Haul,Poor
5561,Lufthansa,5373,152,91,OnTime,-61,Medium Long,Poor
5562,Lufthansa,484,73,94,OnTime,21,Short Haul,Poor
5563,Indigo,10884,18,131,OnTime,113,Long Haul,Poor
5564,Delta,3257,129,93,OnTime,-36,Medium Long,Poor
5565,Indigo,5221,13,30,Delayed,17,Medium Long,Good
5566,Delta,1322,113,38,Delayed,-75,Short Haul,Poor
5567,Lufthansa,811,104,99,OnTime,-5,Short Haul,Poor
5568,Indigo,9717,129,161,OnTime,32,Long Haul,Poor
5569,Lufthansa,4360,60,42,OnTime,-18,Medium Long,Poor
5570,Emirates,3929,37,139,Delayed,102,Medium Long,Poor
5571,Indigo,10323,129,161,Delayed,32,Long Haul,Poor
5572,Lufthansa,11441,156,21,Delayed,-135,Long Haul,Good
5573,Lufthansa,2891,107,180,OnTime,73,Short Haul,Poor
5574,Delta,10016,4,62,Delayed,58,Long Haul,Poor
5575,Indigo,6019,57,74,OnTime,17,Medium Long,Poor
5576,Lufthansa,611,131,187,OnTime,56,Short Haul,Poor
5577,Lufthansa,855,0,2,Delayed,2,Short Haul,Good
5578,Delta,6139,47,157,Delayed,110,Medium Long,Poor
5579,Emirates,10637,170,76,OnTime,-94,Long Haul,Poor
5580,Delta,7885,11,79,OnTime,68,Long Haul,Poor
5581,Indigo,5488,5,191,Delayed,186,Medium Long,Poor
5582,Lufthansa,5063,27,190,Delayed,163,Medium Long,Poor
5583,Emirates,9018,149,39,OnTime,-110,Long Haul,Poor
5584,Delta,7866,61,20,OnTime,-41,Long Haul,Good
5585,Emirates,9697,137,147,OnTime,10,Long Haul,Poor
5586,Lufthansa,2242,98,161,Delayed,63,Short Haul,Poor
5587,Delta,8115,74,178,OnTime,104,Long Haul,Poor
5588,Emirates,7809,20,186,Delayed,166,Long Haul,Poor
5589,Lufthansa,2223,74,1,OnTime,-73,Short Haul,Good
5590,Delta,6390,142,36,Delayed,-106,Medium Long,Poor
5591,Lufthansa,7738,50,130,OnTime,80,Long Haul,Poor
5592,Delta,7945,63,177,OnTime,114,Long Haul,Poor
5593,Indigo,8764,128,64,Delayed,-64,Long Haul,Poor
5594,Emirates,6304,64,67,Delayed,3,Medium Long,Poor
5595,Delta,10832,75,122,Delayed,47,Long Haul,Poor
5596,Indigo,3754,24,143,Delayed,119,Medium Long,Poor
5597,Emirates,207,71,57,Delayed,-14,Short Haul,Poor
5598,Indigo,828,103,110,OnTime,7,Short Haul,Poor
5599,Indigo,5026,13,135,Delayed,122,Medium Long,Poor
5600,Lufthansa,2810,92,40,OnTime,-52,Short Haul,Poor
5601,Indigo,8352,128,11,Delayed,-117,Long Haul,Good
5602,Emirates,8462,168,173,Delayed,5,Long Haul,Poor
5603,Emirates,11556,162,190,Delayed,28,Long Haul,Poor
5604,Lufthansa,7519,171,95,Delayed,-76,Long Haul,Poor
5605,Indigo,9876,15,174,OnTime,159,Long Haul,Poor
5606,Indigo,7704,9,97,OnTime,88,Long Haul,Poor
5607,Emirates,10644,166,104,Delayed,-62,Long Haul,Poor
5608,Lufthansa,7207,128,154,OnTime,26,Long Haul,Poor
5609,Emirates,1450,133,57,Delayed,-76,Short Haul,Poor
5610,Lufthansa,1170,94,194,OnTime,100,Short Haul,Poor
5611,Indigo,4738,52,140,OnTime,88,Medium Long,Poor
5612,Indigo,3129,29,37,OnTime,8,Medium Long,Poor
5613,Emirates,1218,158,43,Delayed,-115,Short Haul,Poor
5614,Lufthansa,893,135,178,OnTime,43,Short Haul,Poor
5615,Indigo,1692,51,35,Delayed,-16,Short Haul,Poor
5616,Indigo,10095,136,71,Delayed,-65,Long Haul,Poor
5617,Delta,7295,39,44,OnTime,5,Long Haul,Poor
5618,Lufthansa,2531,172,95,OnTime,-77,Short Haul,Poor
5619,Emirates,4956,136,23,Delayed,-113,Medium Long,Good
5620,Lufthansa,1890,79,106,OnTime,27,Short Haul,Poor
5621,Indigo,7365,89,51,Delayed,-38,Long Haul,Poor
5622,Lufthansa,4355,105,15,Delayed,-90,Medium Long,Good
5623,Emirates,10037,159,23,Delayed,-136,Long Haul,Good
5624,Indigo,10538,139,198,Delayed,59,Long Haul,Poor
5625,Indigo,11994,138,121,OnTime,-17,Long Haul,Poor
5626,Emirates,8138,84,1,OnTime,-83,Long Haul,Good
5627,Emirates,1046,23,165,OnTime,142,Short Haul,Poor
5628,Emirates,5471,96,120,OnTime,24,Medium Long,Poor
5629,Indigo,7374,59,39,Delayed,-20,Long Haul,Poor
5630,Emirates,10637,17,43,Delayed,26,Long Haul,Poor
5631,Lufthansa,10827,113,79,OnTime,-34,Long Haul,Poor
5632,Lufthansa,10656,146,75,Delayed,-71,Long Haul,Poor
5633,Delta,8104,98,47,OnTime,-51,Long Haul,Poor
5634,Lufthansa,4099,150,104,Delayed,-46,Medium Long,Poor
5635,Lufthansa,6282,76,101,OnTime,25,Medium Long,Poor
5636,Emirates,11084,139,80,OnTime,-59,Long Haul,Poor
5637,Lufthansa,3261,90,129,OnTime,39,Medium Long,Poor
5638,Indigo,7874,31,171,Delayed,140,Long Haul,Poor
5639,Lufthansa,10243,39,32,OnTime,-7,Long Haul,Poor
5640,Lufthansa,8926,95,47,OnTime,-48,Long Haul,Poor
5641,Delta,7989,149,48,OnTime,-101,Long Haul,Poor
5642,Indigo,11147,125,101,Delayed,-24,Long Haul,Poor
5643,Lufthansa,11966,37,70,OnTime,33,Long Haul,Poor
5644,Delta,10833,141,128,Delayed,-13,Long Haul,Poor
5645,Delta,8020,142,34,OnTime,-108,Long Haul,Poor
5646,Lufthansa,9237,29,30,OnTime,1,Long Haul,Good
5647,Delta,271,126,87,OnTime,-39,Short Haul,Poor
5648,Emirates,1393,15,7,Delayed,-8,Short Haul,Good
5649,Indigo,7193,137,105,OnTime,-32,Long Haul,Poor
5650,Lufthansa,11258,109,146,Delayed,37,Long Haul,Poor
5651,Delta,7471,93,167,OnTime,74,Long Haul,Poor
5652,Lufthansa,4099,55,190,OnTime,135,Medium Long,Poor
5653,Delta,5295,8,68,OnTime,60,Medium Long,Poor
5654,Indigo,11282,33,68,OnTime,35,Long Haul,Poor
5655,Emirates,4017,28,80,Delayed,52,Medium Long,Poor
5656,Indigo,1332,74,182,Delayed,108,Short Haul,Poor
5657,Indigo,8754,122,46,OnTime,-76,Long Haul,Poor
5658,Indigo,4488,27,118,Delayed,91,Medium Long,Poor
5659,Delta,6023,155,4,Delayed,-151,Medium Long,Good
5660,Indigo,10433,85,117,Delayed,32,Long Haul,Poor
5661,Lufthansa,7147,105,197,Delayed,92,Long Haul,Poor
5662,Delta,1021,48,171,Delayed,123,Short Haul,Poor
5663,Lufthansa,5362,74,77,OnTime,3,Medium Long,Poor
5664,Indigo,9368,119,159,Delayed,40,Long Haul,Poor
5665,Lufthansa,10869,19,116,OnTime,97,Long Haul,Poor
5666,Lufthansa,6928,170,97,Delayed,-73,Medium Long,Poor
5667,Emirates,8639,19,137,OnTime,118,Long Haul,Poor
5668,Lufthansa,9740,2,105,Delayed,103,Long Haul,Poor
5669,Delta,1748,94,175,Delayed,81,Short Haul,Poor
5670,Indigo,11587,163,48,OnTime,-115,Long Haul,Poor
5671,Emirates,11985,31,93,Delayed,62,Long Haul,Poor
5672,Lufthansa,7899,131,86,OnTime,-45,Long Haul,Poor
5673,Indigo,5196,36,15,Delayed,-21,Medium Long,Good
5674,Delta,10497,140,138,Delayed,-2,Long Haul,Poor
5675,Emirates,9299,28,115,OnTime,87,Long Haul,Poor
5676,Lufthansa,7510,43,78,OnTime,35,Long Haul,Poor
5677,Emirates,4657,123,136,OnTime,13,Medium Long,Poor
5678,Delta,8593,63,145,OnTime,82,Long Haul,Poor
5679,Lufthansa,5388,145,31,OnTime,-114,Medium Long,Poor
5680,Delta,4570,47,144,Delayed,97,Medium Long,Poor
5681,Emirates,3232,71,126,Delayed,55,Medium Long,Poor
5682,Delta,8765,43,14,OnTime,-29,Long Haul,Good
5683,Lufthansa,3545,115,185,OnTime,70,Medium Long,Poor
5684,Emirates,4626,30,77,Delayed,47,Medium Long,Poor
5685,Emirates,8047,130,64,Delayed,-66,Long Haul,Poor
5686,Indigo,9765,164,83,Delayed,-81,Long Haul,Poor
5687,Emirates,7079,0,27,OnTime,27,Long Haul,Good
5688,Lufthansa,1667,12,138,Delayed,126,Short Haul,Poor
5689,Lufthansa,6708,86,63,OnTime,-23,Medium Long,Poor
5690,Indigo,1044,86,192,OnTime,106,Short Haul,Poor
5691,Lufthansa,9017,88,133,Delayed,45,Long Haul,Poor
5692,Emirates,1650,123,17,Delayed,-106,Short Haul,Good
5693,Lufthansa,10843,105,61,Delayed,-44,Long Haul,Poor
5694,Emirates,8485,13,76,OnTime,63,Long Haul,Poor
5695,Delta,7970,81,138,OnTime,57,Long Haul,Poor
5696,Lufthansa,2649,116,9,OnTime,-107,Short Haul,Good
5697,Lufthansa,6134,89,74,OnTime,-15,Medium Long,Poor
5698,Indigo,10079,70,136,OnTime,66,Long Haul,Poor
5699,Indigo,9601,135,147,OnTime,12,Long Haul,Poor
5700,Delta,7295,144,174,Delayed,30,Long Haul,Poor
5701,Indigo,1204,77,118,OnTime,41,Short Haul,Poor
5702,Emirates,4478,108,2,OnTime,-106,Medium Long,Good
5703,Emirates,10109,67,16,OnTime,-51,Long Haul,Good
5704,Emirates,692,72,93,OnTime,21,Short Haul,Poor
5705,Emirates,5609,20,188,Delayed,168,Medium Long,Poor
5706,Lufthansa,6421,66,156,Delayed,90,Medium Long,Poor
5707,Lufthansa,3149,151,43,OnTime,-108,Medium Long,Poor
5708,Indigo,3827,79,30,OnTime,-49,Medium Long,Good
5709,Emirates,2648,32,190,Delayed,158,Short Haul,Poor
5710,Lufthansa,6237,160,64,OnTime,-96,Medium Long,Poor
5711,Delta,1664,68,193,OnTime,125,Short Haul,Poor
5712,Indigo,3615,85,144,Delayed,59,Medium Long,Poor
5713,Indigo,9901,138,41,OnTime,-97,Long Haul,Poor
5714,Lufthansa,6861,143,178,Delayed,35,Medium Long,Poor
5715,Indigo,11778,140,175,OnTime,35,Long Haul,Poor
5716,Emirates,7806,53,148,OnTime,95,Long Haul,Poor
5717,Delta,9637,25,85,Delayed,60,Long Haul,Poor
5718,Indigo,11357,130,73,OnTime,-57,Long Haul,Poor
5719,Emirates,8965,158,62,Delayed,-96,Long Haul,Poor
5720,Lufthansa,3884,176,133,Delayed,-43,Medium Long,Poor
5721,Emirates,3294,168,166,OnTime,-2,Medium Long,Poor
5722,Lufthansa,6822,12,180,OnTime,168,Medium Long,Poor
5723,Indigo,9519,67,19,OnTime,-48,Long Haul,Good
5724,Indigo,5296,175,39,OnTime,-136,Medium Long,Poor
5725,Indigo,2106,4,197,Delayed,193,Short Haul,Poor
5726,Lufthansa,10659,2,35,Delayed,33,Long Haul,Poor
5727,Emirates,5094,98,134,Delayed,36,Medium Long,Poor
5728,Delta,3615,156,147,Delayed,-9,Medium Long,Poor
5729,Lufthansa,8028,37,149,Delayed,112,Long Haul,Poor
5730,Delta,5620,110,143,OnTime,33,Medium Long,Poor
5731,Delta,5045,143,142,Delayed,-1,Medium Long,Poor
5732,Emirates,2857,3,26,OnTime,23,Short Haul,Good
5733,Delta,6869,64,20,Delayed,-44,Medium Long,Good
5734,Delta,10064,88,33,OnTime,-55,Long Haul,Poor
5735,Delta,1161,137,176,OnTime,39,Short Haul,Poor
5736,Emirates,1854,22,180,Delayed,158,Short Haul,Poor
5737,Lufthansa,7221,118,111,Delayed,-7,Long Haul,Poor
5738,Emirates,280,86,132,OnTime,46,Short Haul,Poor
5739,Indigo,11964,125,141,OnTime,16,Long Haul,Poor
5740,Lufthansa,2933,37,43,Delayed,6,Short Haul,Poor
5741,Indigo,1827,141,158,OnTime,17,Short Haul,Poor
5742,Emirates,2427,97,47,OnTime,-50,Short Haul,Poor
5743,Indigo,7759,104,12,Delayed,-92,Long Haul,Good
5744,Delta,5430,163,36,OnTime,-127,Medium Long,Poor
5745,Lufthansa,9736,149,147,OnTime,-2,Long Haul,Poor
5746,Emirates,9873,142,99,Delayed,-43,Long Haul,Poor
5747,Lufthansa,5346,77,35,Delayed,-42,Medium Long,Poor
5748,Emirates,4032,143,171,OnTime,28,Medium Long,Poor
5749,Delta,705,49,105,OnTime,56,Short Haul,Poor
5750,Indigo,9141,47,44,Delayed,-3,Long Haul,Poor
5751,Delta,8821,23,156,OnTime,133,Long Haul,Poor
5752,Delta,10717,37,8,Delayed,-29,Long Haul,Good
5753,Indigo,4719,119,183,Delayed,64,Medium Long,Poor
5754,Lufthansa,9301,15,148,OnTime,133,Long Haul,Poor
5755,Lufthansa,6904,57,196,OnTime,139,Medium Long,Poor
5756,Delta,6471,62,161,OnTime,99,Medium Long,Poor
5757,Delta,10936,166,123,OnTime,-43,Long Haul,Poor
5758,Indigo,5363,20,76,Delayed,56,Medium Long,Poor
5759,Delta,8366,73,43,Delayed,-30,Long Haul,Poor
5760,Lufthansa,4840,8,68,Delayed,60,Medium Long,Poor
5761,Indigo,4157,69,102,Delayed,33,Medium Long,Poor
5762,Delta,11681,112,44,Delayed,-68,Long Haul,Poor
5763,Delta,6380,49,104,OnTime,55,Medium Long,Poor
5764,Lufthansa,9884,64,49,OnTime,-15,Long Haul,Poor
5765,Lufthansa,11236,37,166,OnTime,129,Long Haul,Poor
5766,Indigo,11479,86,147,Delayed,61,Long Haul,Poor
5767,Emirates,6761,108,190,Delayed,82,Medium Long,Poor
5768,Emirates,8489,178,133,Delayed,-45,Long Haul,Poor
5769,Indigo,4496,160,101,OnTime,-59,Medium Long,Poor
5770,Emirates,4058,133,112,Delayed,-21,Medium Long,Poor
5771,Indigo,2446,53,43,Delayed,-10,Short Haul,Poor
5772,Delta,694,28,89,Delayed,61,Short Haul,Poor
5773,Indigo,10667,104,69,OnTime,-35,Long Haul,Poor
5774,Delta,7557,2,6,OnTime,4,Long Haul,Good
5775,Lufthansa,7911,178,133,OnTime,-45,Long Haul,Poor
5776,Delta,7200,11,96,OnTime,85,Long Haul,Poor
5777,Lufthansa,261,156,95,OnTime,-61,Short Haul,Poor
5778,Lufthansa,1418,114,66,Delayed,-48,Short Haul,Poor
5779,Delta,5679,18,185,Delayed,167,Medium Long,Poor
5780,Emirates,3557,109,107,Delayed,-2,Medium Long,Poor
5781,Indigo,6065,12,126,Delayed,114,Medium Long,Poor
5782,Lufthansa,7060,137,78,OnTime,-59,Long Haul,Poor
5783,Emirates,10158,7,194,OnTime,187,Long Haul,Poor
5784,Indigo,8551,3,100,OnTime,97,Long Haul,Poor
5785,Delta,4207,77,164,Delayed,87,Medium Long,Poor
5786,Lufthansa,4157,49,54,Delayed,5,Medium Long,Poor
5787,Emirates,3401,19,67,OnTime,48,Medium Long,Poor
5788,Indigo,1225,33,7,OnTime,-26,Short Haul,Good
5789,Emirates,1587,50,82,OnTime,32,Short Haul,Poor
5790,Lufthansa,2381,154,28,Delayed,-126,Short Haul,Good
5791,Indigo,10271,19,7,Delayed,-12,Long Haul,Good
5792,Delta,2838,62,196,Delayed,134,Short Haul,Poor
5793,Lufthansa,3765,38,80,Delayed,42,Medium Long,Poor
5794,Delta,11198,91,129,Delayed,38,Long Haul,Poor
5795,Lufthansa,6878,40,69,OnTime,29,Medium Long,Poor
5796,Indigo,6477,150,55,Delayed,-95,Medium Long,Poor
5797,Indigo,8042,156,177,OnTime,21,Long Haul,Poor
5798,Lufthansa,4375,142,186,Delayed,44,Medium Long,Poor
5799,Delta,11860,135,43,Delayed,-92,Long Haul,Poor
5800,Lufthansa,6582,168,156,Delayed,-12,Medium Long,Poor
5801,Lufthansa,4452,36,148,OnTime,112,Medium Long,Poor
5802,Emirates,4619,65,94,Delayed,29,Medium Long,Poor
5803,Emirates,11497,86,157,OnTime,71,Long Haul,Poor
5804,Indigo,3205,83,197,Delayed,114,Medium Long,Poor
5805,Indigo,11857,47,67,Delayed,20,Long Haul,Poor
5806,Indigo,11068,88,150,Delayed,62,Long Haul,Poor
5807,Indigo,9097,18,140,OnTime,122,Long Haul,Poor
5808,Emirates,2874,139,7,Delayed,-132,Short Haul,Good
5809,Emirates,11171,146,172,OnTime,26,Long Haul,Poor
5810,Emirates,11791,163,163,Delayed,0,Long Haul,Poor
5811,Lufthansa,9148,151,69,OnTime,-82,Long Haul,Poor
5812,Emirates,9907,12,37,OnTime,25,Long Haul,Poor
5813,Indigo,10694,76,142,OnTime,66,Long Haul,Poor
5814,Emirates,8031,121,141,OnTime,20,Long Haul,Poor
5815,Emirates,7909,150,68,Delayed,-82,Long Haul,Poor
5816,Emirates,2856,76,180,OnTime,104,Short Haul,Poor
5817,Lufthansa,7296,83,51,Delayed,-32,Long Haul,Poor
5818,Emirates,3037,74,127,OnTime,53,Medium Long,Poor
5819,Indigo,6552,40,68,OnTime,28,Medium Long,Poor
5820,Lufthansa,8980,9,67,Delayed,58,Long Haul,Poor
5821,Emirates,7395,14,75,OnTime,61,Long Haul,Poor
5822,Lufthansa,9907,69,126,OnTime,57,Long Haul,Poor
5823,Delta,8814,0,155,OnTime,155,Long Haul,Poor
5824,Emirates,4025,22,51,Delayed,29,Medium Long,Poor
5825,Delta,1563,128,114,OnTime,-14,Short Haul,Poor
5826,Emirates,4768,44,5,OnTime,-39,Medium Long,Good
5827,Lufthansa,8548,13,167,OnTime,154,Long Haul,Poor
5828,Delta,567,131,175,OnTime,44,Short Haul,Poor
5829,Emirates,1342,166,111,OnTime,-55,Short Haul,Poor
5830,Lufthansa,8489,148,136,OnTime,-12,Long Haul,Poor
5831,Indigo,1908,19,197,Delayed,178,Short Haul,Poor
5832,Emirates,11361,125,107,Delayed,-18,Long Haul,Poor
5833,Emirates,1320,139,91,Delayed,-48,Short Haul,Poor
5834,Emirates,7343,60,175,OnTime,115,Long Haul,Poor
5835,Indigo,2653,14,129,OnTime,115,Short Haul,Poor
5836,Emirates,1280,125,140,Delayed,15,Short Haul,Poor
5837,Lufthansa,775,161,71,OnTime,-90,Short Haul,Poor
5838,Delta,7154,106,159,OnTime,53,Long Haul,Poor
5839,Lufthansa,6885,26,142,OnTime,116,Medium Long,Poor
5840,Emirates,8986,28,66,Delayed,38,Long Haul,Poor
5841,Lufthansa,10524,174,12,Delayed,-162,Long Haul,Good
5842,Delta,3060,122,137,OnTime,15,Medium Long,Poor
5843,Indigo,909,5,86,Delayed,81,Short Haul,Poor
5844,Indigo,9430,80,149,Delayed,69,Long Haul,Poor
5845,Indigo,1619,136,73,OnTime,-63,Short Haul,Poor
5846,Emirates,4519,99,143,Delayed,44,Medium Long,Poor
5847,Emirates,7599,19,168,Delayed,149,Long Haul,Poor
5848,Delta,8643,24,16,OnTime,-8,Long Haul,Good
5849,Delta,1776,115,9,OnTime,-106,Short Haul,Good
5850,Delta,11193,161,49,OnTime,-112,Long Haul,Poor
5851,Delta,9055,99,92,Delayed,-7,Long Haul,Poor
5852,Indigo,7088,22,100,OnTime,78,Long Haul,Poor
5853,Emirates,11332,21,65,Delayed,44,Long Haul,Poor
5854,Emirates,6462,156,136,OnTime,-20,Medium Long,Poor
5855,Lufthansa,1033,22,32,Delayed,10,Short Haul,Poor
5856,Emirates,941,129,96,OnTime,-33,Short Haul,Poor
5857,Emirates,7228,137,57,Delayed,-80,Long Haul,Poor
5858,Delta,4662,86,31,OnTime,-55,Medium Long,Poor
5859,Emirates,1524,41,143,OnTime,102,Short Haul,Poor
5860,Emirates,10927,17,74,Delayed,57,Long Haul,Poor
5861,Delta,3849,137,135,Delayed,-2,Medium Long,Poor
5862,Indigo,9909,10,7,Delayed,-3,Long Haul,Good
5863,Lufthansa,7297,9,61,OnTime,52,Long Haul,Poor
5864,Indigo,7089,35,181,OnTime,146,Long Haul,Poor
5865,Delta,1048,106,115,OnTime,9,Short Haul,Poor
5866,Indigo,7633,16,81,Delayed,65,Long Haul,Poor
5867,Indigo,6579,172,32,Delayed,-140,Medium Long,Poor
5868,Emirates,7440,142,189,Delayed,47,Long Haul,Poor
5869,Emirates,1433,126,128,Delayed,2,Short Haul,Poor
5870,Lufthansa,4529,141,37,OnTime,-104,Medium Long,Poor
5871,Emirates,6301,123,132,Delayed,9,Medium Long,Poor
5872,Emirates,7381,80,25,OnTime,-55,Long Haul,Good
5873,Lufthansa,7998,156,15,Delayed,-141,Long Haul,Good
5874,Indigo,8022,27,177,Delayed,150,Long Haul,Poor
5875,Delta,10776,6,118,OnTime,112,Long Haul,Poor
5876,Indigo,11678,118,172,OnTime,54,Long Haul,Poor
5877,Lufthansa,8299,153,83,Delayed,-70,Long Haul,Poor
5878,Delta,256,8,156,Delayed,148,Short Haul,Poor
5879,Emirates,1763,46,148,OnTime,102,Short Haul,Poor
5880,Delta,10470,7,164,OnTime,157,Long Haul,Poor
5881,Emirates,1018,0,34,OnTime,34,Short Haul,Poor
5882,Delta,10486,172,121,OnTime,-51,Long Haul,Poor
5883,Lufthansa,8070,114,129,OnTime,15,Long Haul,Poor
5884,Lufthansa,10084,3,20,Delayed,17,Long Haul,Good
5885,Emirates,9637,2,190,OnTime,188,Long Haul,Poor
5886,Delta,9834,36,131,OnTime,95,Long Haul,Poor
5887,Delta,10550,68,140,OnTime,72,Long Haul,Poor
5888,Emirates,1586,2,31,OnTime,29,Short Haul,Poor
5889,Indigo,10605,6,161,OnTime,155,Long Haul,Poor
5890,Indigo,6574,130,197,OnTime,67,Medium Long,Poor
5891,Indigo,11166,135,140,Delayed,5,Long Haul,Poor
5892,Emirates,5656,149,18,Delayed,-131,Medium Long,Good
5893,Delta,6311,41,94,Delayed,53,Medium Long,Poor
5894,Indigo,11487,59,2,OnTime,-57,Long Haul,Good
5895,Lufthansa,9611,75,185,OnTime,110,Long Haul,Poor
5896,Lufthansa,1256,0,106,Delayed,106,Short Haul,Poor
5897,Emirates,7859,74,35,Delayed,-39,Long Haul,Poor
5898,Delta,5756,140,120,OnTime,-20,Medium Long,Poor
5899,Indigo,4726,104,42,Delayed,-62,Medium Long,Poor
5900,Lufthansa,11099,77,9,OnTime,-68,Long Haul,Good
5901,Delta,4157,115,87,Delayed,-28,Medium Long,Poor
5902,Indigo,255,89,148,Delayed,59,Short Haul,Poor
5903,Delta,7417,46,80,OnTime,34,Long Haul,Poor
5904,Delta,11070,24,108,OnTime,84,Long Haul,Poor
5905,Indigo,3177,27,45,Delayed,18,Medium Long,Poor
5906,Lufthansa,8282,56,74,OnTime,18,Long Haul,Poor
5907,Emirates,3764,10,195,OnTime,185,Medium Long,Poor
5908,Lufthansa,9360,78,47,Delayed,-31,Long Haul,Poor
5909,Delta,266,115,108,Delayed,-7,Short Haul,Poor
5910,Delta,5543,155,79,Delayed,-76,Medium Long,Poor
5911,Lufthansa,4295,101,20,Delayed,-81,Medium Long,Good
5912,Indigo,7023,76,33,OnTime,-43,Long Haul,Poor
5913,Lufthansa,9401,23,128,OnTime,105,Long Haul,Poor
5914,Emirates,1879,58,104,Delayed,46,Short Haul,Poor
5915,Indigo,6296,138,49,OnTime,-89,Medium Long,Poor
5916,Indigo,1554,101,31,Delayed,-70,Short Haul,Poor
5917,Indigo,4771,162,172,OnTime,10,Medium Long,Poor
5918,Lufthansa,3659,137,50,Delayed,-87,Medium Long,Poor
5919,Indigo,3963,92,31,Delayed,-61,Medium Long,Poor
5920,Lufthansa,7509,112,122,Delayed,10,Long Haul,Poor
5921,Indigo,11475,5,170,OnTime,165,Long Haul,Poor
5922,Emirates,4467,124,86,Delayed,-38,Medium Long,Poor
5923,Lufthansa,3974,20,188,OnTime,168,Medium Long,Poor
5924,Delta,7780,62,91,Delayed,29,Long Haul,Poor
5925,Lufthansa,975,155,151,Delayed,-4,Short Haul,Poor
5926,Emirates,5923,126,109,Delayed,-17,Medium Long,Poor
5927,Lufthansa,728,86,96,Delayed,10,Short Haul,Poor
5928,Delta,5490,124,40,OnTime,-84,Medium Long,Poor
5929,Lufthansa,10833,162,87,OnTime,-75,Long Haul,Poor
5930,Indigo,5752,97,135,Delayed,38,Medium Long,Poor
5931,Emirates,6497,34,11,Delayed,-23,Medium Long,Good
5932,Delta,1495,141,24,Delayed,-117,Short Haul,Good
5933,Delta,9974,89,27,OnTime,-62,Long Haul,Good
5934,Emirates,8271,178,179,OnTime,1,Long Haul,Poor
5935,Lufthansa,11248,161,182,Delayed,21,Long Haul,Poor
5936,Emirates,5867,23,28,Delayed,5,Medium Long,Good
5937,Lufthansa,5516,177,98,OnTime,-79,Medium Long,Poor
5938,Indigo,3107,174,81,Delayed,-93,Medium Long,Poor
5939,Emirates,7345,99,123,OnTime,24,Long Haul,Poor
5940,Emirates,5252,133,96,Delayed,-37,Medium Long,Poor
5941,Lufthansa,9538,12,101,Delayed,89,Long Haul,Poor
5942,Emirates,8213,151,92,OnTime,-59,Long Haul,Poor
5943,Emirates,7137,142,66,Delayed,-76,Long Haul,Poor
5944,Emirates,7403,45,174,OnTime,129,Long Haul,Poor
5945,Emirates,237,157,186,OnTime,29,Short Haul,Poor
5946,Indigo,1682,4,62,OnTime,58,Short Haul,Poor
5947,Lufthansa,11764,90,137,OnTime,47,Long Haul,Poor
5948,Delta,8989,95,176,OnTime,81,Long Haul,Poor
5949,Delta,5311,28,64,Delayed,36,Medium Long,Poor
5950,Delta,7586,38,85,Delayed,47,Long Haul,Poor
5951,Emirates,11504,43,102,Delayed,59,Long Haul,Poor
5952,Emirates,7358,47,129,OnTime,82,Long Haul,Poor
5953,Indigo,3483,7,27,OnTime,20,Medium Long,Good
5954,Lufthansa,365,13,137,Delayed,124,Short Haul,Poor
5955,Emirates,11403,127,138,Delayed,11,Long Haul,Poor
5956,Delta,6237,148,186,OnTime,38,Medium Long,Poor
5957,Emirates,11920,23,67,Delayed,44,Long Haul,Poor
5958,Indigo,9767,67,196,OnTime,129,Long Haul,Poor
5959,Delta,712,150,110,OnTime,-40,Short Haul,Poor
5960,Lufthansa,10818,172,154,Delayed,-18,Long Haul,Poor
5961,Delta,9309,78,125,OnTime,47,Long Haul,Poor
5962,Indigo,9515,159,54,OnTime,-105,Long Haul,Poor
5963,Indigo,7721,72,29,Delayed,-43,Long Haul,Good
5964,Delta,8833,130,146,Delayed,16,Long Haul,Poor
5965,Delta,11822,51,159,Delayed,108,Long Haul,Poor
5966,Indigo,9586,156,56,Delayed,-100,Long Haul,Poor
5967,Delta,1437,58,65,Delayed,7,Short Haul,Poor
5968,Lufthansa,1653,64,74,OnTime,10,Short Haul,Poor
5969,Delta,10254,120,127,OnTime,7,Long Haul,Poor
5970,Delta,6182,30,57,OnTime,27,Medium Long,Poor
5971,Delta,3449,106,127,Delayed,21,Medium Long,Poor
5972,Indigo,10745,74,136,Delayed,62,Long Haul,Poor
5973,Lufthansa,2913,143,15,OnTime,-128,Short Haul,Good
5974,Indigo,2875,65,151,Delayed,86,Short Haul,Poor
5975,Lufthansa,11856,78,88,Delayed,10,Long Haul,Poor
5976,Indigo,10016,5,110,OnTime,105,Long Haul,Poor
5977,Lufthansa,11441,46,5,Delayed,-41,Long Haul,Good
5978,Emirates,8639,140,164,OnTime,24,Long Haul,Poor
5979,Emirates,8743,178,63,OnTime,-115,Long Haul,Poor
5980,Delta,10408,164,9,OnTime,-155,Long Haul,Good
5981,Lufthansa,8114,102,62,OnTime,-40,Long Haul,Poor
5982,Lufthansa,4362,62,118,OnTime,56,Medium Long,Poor
5983,Indigo,9613,34,174,Delayed,140,Long Haul,Poor
5984,Emirates,2984,46,173,Delayed,127,Short Haul,Poor
5985,Indigo,3617,91,48,OnTime,-43,Medium Long,Poor
5986,Lufthansa,672,148,85,OnTime,-63,Short Haul,Poor
5987,Delta,6820,7,147,Delayed,140,Medium Long,Poor
5988,Emirates,11999,53,115,OnTime,62,Long Haul,Poor
5989,Delta,838,10,181,Delayed,171,Short Haul,Poor
5990,Lufthansa,3039,64,132,Delayed,68,Medium Long,Poor
5991,Indigo,5147,160,98,Delayed,-62,Medium Long,Poor
5992,Indigo,1462,70,58,Delayed,-12,Short Haul,Poor
5993,Emirates,4427,13,140,OnTime,127,Medium Long,Poor
5994,Emirates,1583,18,148,OnTime,130,Short Haul,Poor
5995,Emirates,10841,145,75,Delayed,-70,Long Haul,Poor
5996,Delta,8660,103,121,Delayed,18,Long Haul,Poor
5997,Indigo,3384,63,43,OnTime,-20,Medium Long,Poor
5998,Delta,8144,140,199,OnTime,59,Long Haul,Poor
5999,Lufthansa,9455,136,4,Delayed,-132,Long Haul,Good
6000,Lufthansa,10363,146,76,Delayed,-70,Long Haul,Poor
6001,Emirates,6882,175,195,OnTime,20,Medium Long,Poor
6002,Lufthansa,2658,139,183,OnTime,44,Short Haul,Poor
6003,Indigo,7063,133,90,OnTime,-43,Long Haul,Poor
6004,Indigo,2679,167,100,Delayed,-67,Short Haul,Poor
6005,Indigo,4251,10,34,Delayed,24,Medium Long,Poor
6006,Indigo,8125,178,179,OnTime,1,Long Haul,Poor
6007,Delta,5686,167,62,Delayed,-105,Medium Long,Poor
6008,Indigo,8228,93,111,OnTime,18,Long Haul,Poor
6009,Delta,1372,167,119,OnTime,-48,Short Haul,Poor
6010,Indigo,10210,169,161,OnTime,-8,Long Haul,Poor
6011,Indigo,2106,84,161,OnTime,77,Short Haul,Poor
6012,Emirates,7998,151,94,OnTime,-57,Long Haul,Poor
6013,Delta,347,82,111,Delayed,29,Short Haul,Poor
6014,Indigo,8881,158,139,OnTime,-19,Long Haul,Poor
6015,Lufthansa,4493,47,63,OnTime,16,Medium Long,Poor
6016,Indigo,10250,79,192,Delayed,113,Long Haul,Poor
6017,Emirates,1987,103,172,Delayed,69,Short Haul,Poor
6018,Delta,4603,121,82,OnTime,-39,Medium Long,Poor
6019,Delta,10730,151,61,Delayed,-90,Long Haul,Poor
6020,Lufthansa,9024,0,109,Delayed,109,Long Haul,Poor
6021,Indigo,6096,67,29,OnTime,-38,Medium Long,Good
6022,Lufthansa,6933,3,84,Delayed,81,Medium Long,Poor
6023,Lufthansa,1751,137,25,Delayed,-112,Short Haul,Good
6024,Delta,3677,43,154,OnTime,111,Medium Long,Poor
6025,Lufthansa,5155,156,100,OnTime,-56,Medium Long,Poor
6026,Indigo,3851,50,196,OnTime,146,Medium Long,Poor
6027,Emirates,6724,157,154,OnTime,-3,Medium Long,Poor
6028,Indigo,2462,156,6,OnTime,-150,Short Haul,Good
6029,Indigo,7247,116,30,Delayed,-86,Long Haul,Good
6030,Delta,539,175,6,Delayed,-169,Short Haul,Good
6031,Delta,5098,156,97,OnTime,-59,Medium Long,Poor
6032,Delta,1943,151,108,Delayed,-43,Short Haul,Poor
6033,Delta,2813,175,121,Delayed,-54,Short Haul,Poor
6034,Lufthansa,6927,156,93,OnTime,-63,Medium Long,Poor
6035,Delta,2475,158,73,Delayed,-85,Short Haul,Poor
6036,Emirates,5592,68,15,Delayed,-53,Medium Long,Good
6037,Indigo,2662,20,48,Delayed,28,Short Haul,Poor
6038,Lufthansa,1696,4,30,Delayed,26,Short Haul,Good
6039,Emirates,5032,160,134,Delayed,-26,Medium Long,Poor
6040,Delta,2522,108,111,Delayed,3,Short Haul,Poor
6041,Emirates,9690,9,41,Delayed,32,Long Haul,Poor
6042,Delta,5673,153,1,OnTime,-152,Medium Long,Good
6043,Indigo,4765,7,24,Delayed,17,Medium Long,Good
6044,Delta,5915,170,44,Delayed,-126,Medium Long,Poor
6045,Indigo,2846,31,97,Delayed,66,Short Haul,Poor
6046,Emirates,3322,49,48,OnTime,-1,Medium Long,Poor
6047,Indigo,3916,20,36,Delayed,16,Medium Long,Poor
6048,Delta,8395,173,172,OnTime,-1,Long Haul,Poor
6049,Lufthansa,8984,16,56,Delayed,40,Long Haul,Poor
6050,Emirates,4501,62,31,Delayed,-31,Medium Long,Poor
6051,Delta,9266,161,117,OnTime,-44,Long Haul,Poor
6052,Delta,11966,61,75,OnTime,14,Long Haul,Poor
6053,Indigo,11265,55,43,OnTime,-12,Long Haul,Poor
6054,Indigo,935,132,61,OnTime,-71,Short Haul,Poor
6055,Delta,8170,149,106,Delayed,-43,Long Haul,Poor
6056,Emirates,11135,12,121,OnTime,109,Long Haul,Poor
6057,Emirates,5044,119,152,Delayed,33,Medium Long,Poor
6058,Indigo,4378,58,144,OnTime,86,Medium Long,Poor
6059,Emirates,5765,53,136,OnTime,83,Medium Long,Poor
6060,Indigo,6526,140,170,Delayed,30,Medium Long,Poor
6061,Delta,8153,79,30,Delayed,-49,Long Haul,Good
6062,Indigo,9907,44,186,Delayed,142,Long Haul,Poor
6063,Delta,10331,31,158,Delayed,127,Long Haul,Poor
6064,Lufthansa,10229,134,175,Delayed,41,Long Haul,Poor
6065,Delta,2047,18,93,OnTime,75,Short Haul,Poor
6066,Emirates,10613,140,139,Delayed,-1,Long Haul,Poor
6067,Lufthansa,3977,70,181,Delayed,111,Medium Long,Poor
6068,Lufthansa,3888,76,73,OnTime,-3,Medium Long,Poor
6069,Lufthansa,3122,104,103,Delayed,-1,Medium Long,Poor
6070,Indigo,2795,93,117,OnTime,24,Short Haul,Poor
6071,Delta,10402,74,7,Delayed,-67,Long Haul,Good
6072,Delta,3481,109,188,Delayed,79,Medium Long,Poor
6073,Emirates,9010,86,44,OnTime,-42,Long Haul,Poor
6074,Indigo,5689,103,135,Delayed,32,Medium Long,Poor
6075,Delta,2635,152,16,OnTime,-136,Short Haul,Good
6076,Emirates,4280,138,144,OnTime,6,Medium Long,Poor
6077,Indigo,6962,155,127,Delayed,-28,Medium Long,Poor
6078,Indigo,2560,125,23,OnTime,-102,Short Haul,Good
6079,Delta,10862,159,17,OnTime,-142,Long Haul,Good
6080,Delta,6442,88,5,OnTime,-83,Medium Long,Good
6081,Lufthansa,4892,28,30,Delayed,2,Medium Long,Good
6082,Delta,4823,167,136,OnTime,-31,Medium Long,Poor
6083,Lufthansa,3263,116,67,OnTime,-49,Medium Long,Poor
6084,Emirates,5962,104,158,Delayed,54,Medium Long,Poor
6085,Indigo,11800,113,66,OnTime,-47,Long Haul,Poor
6086,Lufthansa,3447,84,28,OnTime,-56,Medium Long,Good
6087,Lufthansa,8001,138,129,Delayed,-9,Long Haul,Poor
6088,Lufthansa,772,1,44,OnTime,43,Short Haul,Poor
6089,Emirates,9687,119,142,Delayed,23,Long Haul,Poor
6090,Delta,6134,156,1,Delayed,-155,Medium Long,Good
6091,Lufthansa,3045,1,61,Delayed,60,Medium Long,Poor
6092,Lufthansa,2124,128,159,Delayed,31,Short Haul,Poor
6093,Lufthansa,11396,43,28,OnTime,-15,Long Haul,Good
6094,Delta,6722,164,58,Delayed,-106,Medium Long,Poor
6095,Emirates,2427,44,62,Delayed,18,Short Haul,Poor
6096,Delta,6596,138,4,OnTime,-134,Medium Long,Good
6097,Delta,8586,149,162,Delayed,13,Long Haul,Poor
6098,Lufthansa,3798,148,46,Delayed,-102,Medium Long,Poor
6099,Indigo,7681,134,190,OnTime,56,Long Haul,Poor
6100,Indigo,9170,130,1,Delayed,-129,Long Haul,Good
6101,Emirates,9366,8,12,Delayed,4,Long Haul,Good
6102,Indigo,9410,103,151,Delayed,48,Long Haul,Poor
6103,Emirates,3941,162,154,Delayed,-8,Medium Long,Poor
6104,Emirates,11431,70,79,OnTime,9,Long Haul,Poor
6105,Lufthansa,2132,26,155,OnTime,129,Short Haul,Poor
6106,Lufthansa,9558,39,33,Delayed,-6,Long Haul,Poor
6107,Delta,8483,6,83,Delayed,77,Long Haul,Poor
6108,Lufthansa,1770,139,187,Delayed,48,Short Haul,Poor
6109,Lufthansa,10576,158,165,Delayed,7,Long Haul,Poor
6110,Lufthansa,1244,134,131,Delayed,-3,Short Haul,Poor
6111,Indigo,3881,176,173,Delayed,-3,Medium Long,Poor
6112,Emirates,2845,173,57,OnTime,-116,Short Haul,Poor
6113,Delta,8123,158,116,Delayed,-42,Long Haul,Poor
6114,Indigo,7010,138,106,OnTime,-32,Long Haul,Poor
6115,Delta,5144,54,163,OnTime,109,Medium Long,Poor
6116,Delta,10514,5,3,OnTime,-2,Long Haul,Good
6117,Lufthansa,9322,114,50,OnTime,-64,Long Haul,Poor
6118,Emirates,2566,84,39,Delayed,-45,Short Haul,Poor
6119,Lufthansa,4861,94,151,OnTime,57,Medium Long,Poor
6120,Delta,10215,111,189,OnTime,78,Long Haul,Poor
6121,Indigo,2162,34,88,Delayed,54,Short Haul,Poor
6122,Indigo,6374,58,19,Delayed,-39,Medium Long,Good
6123,Indigo,10862,55,3,OnTime,-52,Long Haul,Good
6124,Delta,11635,73,37,Delayed,-36,Long Haul,Poor
6125,Delta,552,89,42,OnTime,-47,Short Haul,Poor
6126,Delta,2210,84,61,Delayed,-23,Short Haul,Poor
6127,Delta,7297,156,167,OnTime,11,Long Haul,Poor
6128,Delta,2661,169,99,OnTime,-70,Short Haul,Poor
6129,Emirates,9934,153,151,OnTime,-2,Long Haul,Poor
6130,Indigo,10004,97,5,Delayed,-92,Long Haul,Good
6131,Delta,9010,103,95,OnTime,-8,Long Haul,Poor
6132,Delta,9044,178,197,Delayed,19,Long Haul,Poor
6133,Emirates,7513,108,54,OnTime,-54,Long Haul,Poor
6134,Delta,242,145,102,Delayed,-43,Short Haul,Poor
6135,Delta,7292,154,179,Delayed,25,Long Haul,Poor
6136,Delta,11051,91,148,Delayed,57,Long Haul,Poor
6137,Emirates,8705,5,13,OnTime,8,Long Haul,Good
6138,Indigo,8759,37,197,Delayed,160,Long Haul,Poor
6139,Delta,2616,178,181,Delayed,3,Short Haul,Poor
6140,Delta,6755,94,88,Delayed,-6,Medium Long,Poor
6141,Emirates,2570,100,130,Delayed,30,Short Haul,Poor
6142,Delta,5010,128,72,Delayed,-56,Medium Long,Poor
6143,Delta,11997,149,93,OnTime,-56,Long Haul,Poor
6144,Emirates,1190,64,183,Delayed,119,Short Haul,Poor
6145,Lufthansa,10082,87,31,Delayed,-56,Long Haul,Poor
6146,Delta,4090,113,194,Delayed,81,Medium Long,Poor
6147,Indigo,9185,120,42,Delayed,-78,Long Haul,Poor
6148,Delta,9109,110,157,OnTime,47,Long Haul,Poor
6149,Delta,3472,9,39,OnTime,30,Medium Long,Poor
6150,Delta,3253,149,176,OnTime,27,Medium Long,Poor
6151,Lufthansa,5312,9,166,Delayed,157,Medium Long,Poor
6152,Emirates,2049,107,188,Delayed,81,Short Haul,Poor
6153,Lufthansa,10999,21,91,OnTime,70,Long Haul,Poor
6154,Emirates,896,174,15,Delayed,-159,Short Haul,Good
6155,Lufthansa,4413,105,199,OnTime,94,Medium Long,Poor
6156,Delta,685,33,13,OnTime,-20,Short Haul,Good
6157,Emirates,5583,110,83,Delayed,-27,Medium Long,Poor
6158,Lufthansa,11266,43,61,OnTime,18,Long Haul,Poor
6159,Emirates,5936,129,118,Delayed,-11,Medium Long,Poor
6160,Lufthansa,7816,116,64,OnTime,-52,Long Haul,Poor
6161,Delta,10495,116,163,Delayed,47,Long Haul,Poor
6162,Indigo,1955,162,26,OnTime,-136,Short Haul,Good
6163,Lufthansa,1895,46,149,Delayed,103,Short Haul,Poor
6164,Delta,4397,4,66,OnTime,62,Medium Long,Poor
6165,Emirates,10237,136,24,OnTime,-112,Long Haul,Good
6166,Lufthansa,8370,120,45,Delayed,-75,Long Haul,Poor
6167,Lufthansa,7093,68,145,OnTime,77,Long Haul,Poor
6168,Indigo,4802,11,45,OnTime,34,Medium Long,Poor
6169,Delta,4696,50,139,Delayed,89,Medium Long,Poor
6170,Indigo,708,69,173,OnTime,104,Short Haul,Poor
6171,Emirates,5153,65,100,OnTime,35,Medium Long,Poor
6172,Emirates,215,42,104,Delayed,62,Short Haul,Poor
6173,Emirates,1610,168,34,Delayed,-134,Short Haul,Poor
6174,Lufthansa,2259,162,125,OnTime,-37,Short Haul,Poor
6175,Indigo,5541,90,135,OnTime,45,Medium Long,Poor
6176,Emirates,8417,60,129,OnTime,69,Long Haul,Poor
6177,Lufthansa,4612,94,188,Delayed,94,Medium Long,Poor
6178,Lufthansa,4043,44,44,Delayed,0,Medium Long,Poor
6179,Emirates,9202,121,121,Delayed,0,Long Haul,Poor
6180,Indigo,10990,102,178,Delayed,76,Long Haul,Poor
6181,Indigo,1790,50,41,Delayed,-9,Short Haul,Poor
6182,Indigo,7956,3,62,OnTime,59,Long Haul,Poor
6183,Emirates,9131,35,84,Delayed,49,Long Haul,Poor
6184,Delta,3139,18,104,Delayed,86,Medium Long,Poor
6185,Lufthansa,3118,2,137,Delayed,135,Medium Long,Poor
6186,Indigo,1193,27,175,OnTime,148,Short Haul,Poor
6187,Delta,8517,111,167,OnTime,56,Long Haul,Poor
6188,Indigo,4312,133,124,Delayed,-9,Medium Long,Poor
6189,Lufthansa,2499,40,11,OnTime,-29,Short Haul,Good
6190,Indigo,6406,23,185,Delayed,162,Medium Long,Poor
6191,Emirates,5007,143,56,Delayed,-87,Medium Long,Poor
6192,Delta,1983,39,88,OnTime,49,Short Haul,Poor
6193,Delta,5460,40,62,OnTime,22,Medium Long,Poor
6194,Indigo,201,120,165,OnTime,45,Short Haul,Poor
6195,Delta,6309,31,167,Delayed,136,Medium Long,Poor
6196,Indigo,8583,162,87,OnTime,-75,Long Haul,Poor
6197,Emirates,5945,114,119,Delayed,5,Medium Long,Poor
6198,Delta,7081,112,133,OnTime,21,Long Haul,Poor
6199,Lufthansa,747,126,107,OnTime,-19,Short Haul,Poor
6200,Emirates,6303,110,146,OnTime,36,Medium Long,Poor
6201,Emirates,4133,2,85,Delayed,83,Medium Long,Poor
6202,Lufthansa,10918,173,6,Delayed,-167,Long Haul,Good
6203,Lufthansa,841,113,190,OnTime,77,Short Haul,Poor
6204,Lufthansa,3431,147,35,OnTime,-112,Medium Long,Poor
6205,Emirates,6581,163,72,OnTime,-91,Medium Long,Poor
6206,Indigo,4643,119,130,Delayed,11,Medium Long,Poor
6207,Lufthansa,5082,116,32,Delayed,-84,Medium Long,Poor
6208,Indigo,9647,103,42,OnTime,-61,Long Haul,Poor
6209,Delta,1791,43,170,OnTime,127,Short Haul,Poor
6210,Delta,6632,109,107,OnTime,-2,Medium Long,Poor
6211,Indigo,1710,68,78,OnTime,10,Short Haul,Poor
6212,Indigo,9553,159,99,Delayed,-60,Long Haul,Poor
6213,Indigo,2138,152,152,OnTime,0,Short Haul,Poor
6214,Emirates,7048,89,159,OnTime,70,Long Haul,Poor
6215,Indigo,5223,138,84,Delayed,-54,Medium Long,Poor
6216,Delta,3254,23,187,OnTime,164,Medium Long,Poor
6217,Lufthansa,11119,18,192,OnTime,174,Long Haul,Poor
6218,Emirates,6905,77,176,Delayed,99,Medium Long,Poor
6219,Emirates,2453,87,153,OnTime,66,Short Haul,Poor
6220,Delta,496,64,42,OnTime,-22,Short Haul,Poor
6221,Indigo,9844,171,133,Delayed,-38,Long Haul,Poor
6222,Emirates,8810,65,76,OnTime,11,Long Haul,Poor
6223,Emirates,3022,95,111,Delayed,16,Medium Long,Poor
6224,Lufthansa,5045,82,53,OnTime,-29,Medium Long,Poor
6225,Lufthansa,5930,120,19,OnTime,-101,Medium Long,Good
6226,Delta,8569,38,96,OnTime,58,Long Haul,Poor
6227,Delta,8755,28,2,Delayed,-26,Long Haul,Good
6228,Lufthansa,9394,90,143,Delayed,53,Long Haul,Poor
6229,Delta,3756,38,28,Delayed,-10,Medium Long,Good
6230,Indigo,603,111,63,Delayed,-48,Short Haul,Poor
6231,Emirates,7581,165,33,Delayed,-132,Long Haul,Poor
6232,Emirates,4268,0,48,OnTime,48,Medium Long,Poor
6233,Delta,10825,154,47,Delayed,-107,Long Haul,Poor
6234,Delta,1208,134,31,Delayed,-103,Short Haul,Poor
6235,Delta,2769,20,62,OnTime,42,Short Haul,Poor
6236,Emirates,4758,107,179,OnTime,72,Medium Long,Poor
6237,Delta,11995,45,141,Delayed,96,Long Haul,Poor
6238,Emirates,5851,94,17,OnTime,-77,Medium Long,Good
6239,Lufthansa,3908,88,97,OnTime,9,Medium Long,Poor
6240,Lufthansa,291,137,119,Delayed,-18,Short Haul,Poor
6241,Indigo,4414,60,68,Delayed,8,Medium Long,Poor
6242,Indigo,3555,110,2,Delayed,-108,Medium Long,Good
6243,Indigo,11041,57,15,Delayed,-42,Long Haul,Good
6244,Emirates,1617,179,14,Delayed,-165,Short Haul,Good
6245,Lufthansa,8248,86,158,Delayed,72,Long Haul,Poor
6246,Indigo,2706,63,80,OnTime,17,Short Haul,Poor
6247,Indigo,2016,83,5,Delayed,-78,Short Haul,Good
6248,Indigo,202,59,39,OnTime,-20,Short Haul,Poor
6249,Lufthansa,6861,46,116,OnTime,70,Medium Long,Poor
6250,Indigo,1787,48,83,OnTime,35,Short Haul,Poor
6251,Emirates,11413,14,198,OnTime,184,Long Haul,Poor
6252,Lufthansa,3157,165,91,Delayed,-74,Medium Long,Poor
6253,Indigo,1942,93,126,Delayed,33,Short Haul,Poor
6254,Indigo,270,14,103,Delayed,89,Short Haul,Poor
6255,Emirates,10744,129,134,OnTime,5,Long Haul,Poor
6256,Delta,11140,114,130,OnTime,16,Long Haul,Poor
6257,Lufthansa,7066,41,131,OnTime,90,Long Haul,Poor
6258,Indigo,8502,1,166,OnTime,165,Long Haul,Poor
6259,Lufthansa,10352,99,13,OnTime,-86,Long Haul,Good
6260,Delta,10161,100,54,OnTime,-46,Long Haul,Poor
6261,Delta,4825,125,13,Delayed,-112,Medium Long,Good
6262,Delta,5876,57,190,Delayed,133,Medium Long,Poor
6263,Lufthansa,9736,174,31,Delayed,-143,Long Haul,Poor
6264,Emirates,2015,24,193,OnTime,169,Short Haul,Poor
6265,Indigo,5762,92,96,OnTime,4,Medium Long,Poor
6266,Emirates,8009,162,36,OnTime,-126,Long Haul,Poor
6267,Emirates,8169,69,10,Delayed,-59,Long Haul,Good
6268,Lufthansa,1125,120,190,Delayed,70,Short Haul,Poor
6269,Lufthansa,11716,90,70,Delayed,-20,Long Haul,Poor
6270,Lufthansa,10540,83,13,OnTime,-70,Long Haul,Good
6271,Indigo,3876,76,62,Delayed,-14,Medium Long,Poor
6272,Emirates,1109,25,176,Delayed,151,Short Haul,Poor
6273,Lufthansa,438,36,156,OnTime,120,Short Haul,Poor
6274,Indigo,7821,81,66,Delayed,-15,Long Haul,Poor
6275,Lufthansa,3789,162,32,OnTime,-130,Medium Long,Poor
6276,Emirates,6343,19,174,OnTime,155,Medium Long,Poor
6277,Delta,7295,62,180,Delayed,118,Long Haul,Poor
6278,Lufthansa,6958,16,152,OnTime,136,Medium Long,Poor
6279,Delta,8696,88,38,Delayed,-50,Long Haul,Poor
6280,Lufthansa,1329,151,135,OnTime,-16,Short Haul,Poor
6281,Indigo,4892,113,139,OnTime,26,Medium Long,Poor
6282,Lufthansa,415,84,157,Delayed,73,Short Haul,Poor
6283,Delta,2045,156,51,Delayed,-105,Short Haul,Poor
6284,Indigo,391,67,117,Delayed,50,Short Haul,Poor
6285,Emirates,4135,142,167,Delayed,25,Medium Long,Poor
6286,Indigo,7396,169,61,Delayed,-108,Long Haul,Poor
6287,Delta,3082,135,66,Delayed,-69,Medium Long,Poor
6288,Emirates,11399,151,177,OnTime,26,Long Haul,Poor
6289,Indigo,9297,20,60,OnTime,40,Long Haul,Poor
6290,Emirates,1994,127,162,OnTime,35,Short Haul,Poor
6291,Lufthansa,4442,135,137,Delayed,2,Medium Long,Poor
6292,Emirates,8068,59,194,Delayed,135,Long Haul,Poor
6293,Emirates,11276,4,162,OnTime,158,Long Haul,Poor
6294,Delta,924,36,160,OnTime,124,Short Haul,Poor
6295,Delta,4804,131,32,OnTime,-99,Medium Long,Poor
6296,Emirates,4975,103,82,OnTime,-21,Medium Long,Poor
6297,Lufthansa,4752,101,152,Delayed,51,Medium Long,Poor
6298,Lufthansa,5744,90,134,Delayed,44,Medium Long,Poor
6299,Emirates,6079,14,35,Delayed,21,Medium Long,Poor
6300,Indigo,6742,126,196,Delayed,70,Medium Long,Poor
6301,Lufthansa,9213,43,190,Delayed,147,Long Haul,Poor
6302,Delta,4563,97,161,OnTime,64,Medium Long,Poor
6303,Emirates,3869,109,161,Delayed,52,Medium Long,Poor
6304,Emirates,9245,97,75,OnTime,-22,Long Haul,Poor
6305,Lufthansa,9190,107,177,Delayed,70,Long Haul,Poor
6306,Lufthansa,9583,55,10,OnTime,-45,Long Haul,Good
6307,Indigo,469,35,176,Delayed,141,Short Haul,Poor
6308,Emirates,909,139,160,Delayed,21,Short Haul,Poor
6309,Emirates,11033,169,51,OnTime,-118,Long Haul,Poor
6310,Lufthansa,9679,112,110,OnTime,-2,Long Haul,Poor
6311,Indigo,2855,84,117,Delayed,33,Short Haul,Poor
6312,Indigo,5374,96,3,OnTime,-93,Medium Long,Good
6313,Delta,7954,31,171,Delayed,140,Long Haul,Poor
6314,Indigo,7738,56,27,Delayed,-29,Long Haul,Good
6315,Emirates,5427,88,163,Delayed,75,Medium Long,Poor
6316,Lufthansa,10774,140,117,OnTime,-23,Long Haul,Poor
6317,Lufthansa,2278,159,36,OnTime,-123,Short Haul,Poor
6318,Emirates,8810,103,177,Delayed,74,Long Haul,Poor
6319,Indigo,11974,29,178,Delayed,149,Long Haul,Poor
6320,Delta,5954,99,186,Delayed,87,Medium Long,Poor
6321,Emirates,6789,128,69,Delayed,-59,Medium Long,Poor
6322,Indigo,4705,166,59,OnTime,-107,Medium Long,Poor
6323,Emirates,3745,15,1,Delayed,-14,Medium Long,Good
6324,Lufthansa,7966,9,110,OnTime,101,Long Haul,Poor
6325,Lufthansa,5510,171,33,OnTime,-138,Medium Long,Poor
6326,Lufthansa,7728,156,57,Delayed,-99,Long Haul,Poor
6327,Lufthansa,11960,54,71,Delayed,17,Long Haul,Poor
6328,Delta,9859,45,85,OnTime,40,Long Haul,Poor
6329,Lufthansa,7912,165,75,OnTime,-90,Long Haul,Poor
6330,Delta,2058,146,97,Delayed,-49,Short Haul,Poor
6331,Emirates,8637,104,24,Delayed,-80,Long Haul,Good
6332,Indigo,10256,142,71,OnTime,-71,Long Haul,Poor
6333,Lufthansa,4498,67,92,Delayed,25,Medium Long,Poor
6334,Emirates,8041,149,191,OnTime,42,Long Haul,Poor
6335,Lufthansa,1029,89,16,Delayed,-73,Short Haul,Good
6336,Lufthansa,10419,4,75,OnTime,71,Long Haul,Poor
6337,Delta,1615,94,25,OnTime,-69,Short Haul,Good
6338,Indigo,3821,63,136,OnTime,73,Medium Long,Poor
6339,Delta,11822,115,164,Delayed,49,Long Haul,Poor
6340,Emirates,3439,166,153,Delayed,-13,Medium Long,Poor
6341,Lufthansa,5865,169,160,Delayed,-9,Medium Long,Poor
6342,Lufthansa,1919,10,119,OnTime,109,Short Haul,Poor
6343,Lufthansa,4045,123,80,Delayed,-43,Medium Long,Poor
6344,Delta,7266,109,115,Delayed,6,Long Haul,Poor
6345,Indigo,624,55,128,OnTime,73,Short Haul,Poor
6346,Indigo,9874,63,83,OnTime,20,Long Haul,Poor
6347,Lufthansa,5540,32,3,OnTime,-29,Medium Long,Good
6348,Indigo,7481,3,105,Delayed,102,Long Haul,Poor
6349,Lufthansa,5053,75,150,Delayed,75,Medium Long,Poor
6350,Emirates,4194,171,185,Delayed,14,Medium Long,Poor
6351,Lufthansa,8652,66,116,OnTime,50,Long Haul,Poor
6352,Lufthansa,277,117,42,Delayed,-75,Short Haul,Poor
6353,Delta,3590,179,158,OnTime,-21,Medium Long,Poor
6354,Indigo,5267,27,112,Delayed,85,Medium Long,Poor
6355,Emirates,11346,113,163,Delayed,50,Long Haul,Poor
6356,Emirates,9198,53,110,Delayed,57,Long Haul,Poor
6357,Lufthansa,10959,10,69,OnTime,59,Long Haul,Poor
6358,Lufthansa,7085,106,108,Delayed,2,Long Haul,Poor
6359,Lufthansa,5712,116,119,Delayed,3,Medium Long,Poor
6360,Emirates,3846,155,160,OnTime,5,Medium Long,Poor
6361,Lufthansa,3307,154,1,Delayed,-153,Medium Long,Good
6362,Lufthansa,4888,16,48,Delayed,32,Medium Long,Poor
6363,Delta,8312,63,42,Delayed,-21,Long Haul,Poor
6364,Lufthansa,1312,54,149,OnTime,95,Short Haul,Poor
6365,Indigo,3231,117,86,Delayed,-31,Medium Long,Poor
6366,Emirates,909,116,172,Delayed,56,Short Haul,Poor
6367,Lufthansa,5421,138,176,OnTime,38,Medium Long,Poor
6368,Emirates,5785,56,60,OnTime,4,Medium Long,Poor
6369,Delta,8735,86,36,OnTime,-50,Long Haul,Poor
6370,Lufthansa,4131,158,174,OnTime,16,Medium Long,Poor
6371,Delta,1761,121,43,Delayed,-78,Short Haul,Poor
6372,Lufthansa,7776,121,1,Delayed,-120,Long Haul,Good
6373,Emirates,1156,122,179,OnTime,57,Short Haul,Poor
6374,Indigo,7325,165,136,Delayed,-29,Long Haul,Poor
6375,Delta,10497,41,128,OnTime,87,Long Haul,Poor
6376,Lufthansa,2060,145,199,OnTime,54,Short Haul,Poor
6377,Delta,8713,32,197,OnTime,165,Long Haul,Poor
6378,Indigo,6607,98,177,Delayed,79,Medium Long,Poor
6379,Lufthansa,8256,167,158,Delayed,-9,Long Haul,Poor
6380,Delta,4241,107,31,OnTime,-76,Medium Long,Poor
6381,Emirates,4748,102,86,Delayed,-16,Medium Long,Poor
6382,Lufthansa,10337,144,102,Delayed,-42,Long Haul,Poor
6383,Indigo,7650,122,2,OnTime,-120,Long Haul,Good
6384,Lufthansa,8873,118,4,Delayed,-114,Long Haul,Good
6385,Indigo,4113,14,60,Delayed,46,Medium Long,Poor
6386,Lufthansa,2175,173,158,Delayed,-15,Short Haul,Poor
6387,Delta,4244,82,163,OnTime,81,Medium Long,Poor
6388,Lufthansa,7099,118,54,Delayed,-64,Long Haul,Poor
6389,Delta,1462,149,198,Delayed,49,Short Haul,Poor
6390,Emirates,7472,96,170,Delayed,74,Long Haul,Poor
6391,Delta,10220,3,178,Delayed,175,Long Haul,Poor
6392,Indigo,11610,82,170,OnTime,88,Long Haul,Poor
6393,Lufthansa,8448,95,129,Delayed,34,Long Haul,Poor
6394,Delta,1801,58,124,Delayed,66,Short Haul,Poor
6395,Emirates,537,129,186,Delayed,57,Short Haul,Poor
6396,Emirates,9671,78,80,Delayed,2,Long Haul,Poor
6397,Lufthansa,5448,64,165,Delayed,101,Medium Long,Poor
6398,Indigo,10407,79,81,OnTime,2,Long Haul,Poor
6399,Indigo,6817,146,15,OnTime,-131,Medium Long,Good
6400,Delta,8678,98,150,Delayed,52,Long Haul,Poor
6401,Delta,10983,0,132,Delayed,132,Long Haul,Poor
6402,Lufthansa,10416,84,40,Delayed,-44,Long Haul,Poor
6403,Delta,4794,50,92,Delayed,42,Medium Long,Poor
6404,Lufthansa,4972,84,157,OnTime,73,Medium Long,Poor
6405,Delta,4350,111,35,OnTime,-76,Medium Long,Poor
6406,Emirates,10756,2,6,Delayed,4,Long Haul,Good
6407,Emirates,2567,175,143,OnTime,-32,Short Haul,Poor
6408,Delta,9267,11,3,Delayed,-8,Long Haul,Good
6409,Emirates,4952,42,67,OnTime,25,Medium Long,Poor
6410,Delta,5182,83,168,OnTime,85,Medium Long,Poor
6411,Indigo,7981,92,169,OnTime,77,Long Haul,Poor
6412,Indigo,4644,175,81,OnTime,-94,Medium Long,Poor
6413,Lufthansa,2690,79,136,Delayed,57,Short Haul,Poor
6414,Delta,1076,152,5,OnTime,-147,Short Haul,Good
6415,Lufthansa,6183,115,55,OnTime,-60,Medium Long,Poor
6416,Delta,9172,71,29,OnTime,-42,Long Haul,Good
6417,Lufthansa,9975,53,139,OnTime,86,Long Haul,Poor
6418,Indigo,6894,56,38,Delayed,-18,Medium Long,Poor
6419,Indigo,11847,79,98,Delayed,19,Long Haul,Poor
6420,Emirates,7630,162,46,OnTime,-116,Long Haul,Poor
6421,Lufthansa,9507,38,102,Delayed,64,Long Haul,Poor
6422,Emirates,5198,123,82,OnTime,-41,Medium Long,Poor
6423,Lufthansa,1224,54,142,OnTime,88,Short Haul,Poor
6424,Lufthansa,6895,89,109,OnTime,20,Medium Long,Poor
6425,Indigo,8798,78,6,Delayed,-72,Long Haul,Good
6426,Lufthansa,9223,114,90,Delayed,-24,Long Haul,Poor
6427,Emirates,10315,42,149,OnTime,107,Long Haul,Poor
6428,Lufthansa,6742,1,1,OnTime,0,Medium Long,Good
6429,Emirates,3336,169,173,OnTime,4,Medium Long,Poor
6430,Indigo,9301,107,118,Delayed,11,Long Haul,Poor
6431,Emirates,4917,179,176,Delayed,-3,Medium Long,Poor
6432,Lufthansa,8064,77,179,OnTime,102,Long Haul,Poor
6433,Lufthansa,1098,179,146,Delayed,-33,Short Haul,Poor
6434,Emirates,3081,113,132,Delayed,19,Medium Long,Poor
6435,Indigo,8602,134,23,OnTime,-111,Long Haul,Good
6436,Emirates,10159,178,54,Delayed,-124,Long Haul,Poor
6437,Lufthansa,11846,156,56,OnTime,-100,Long Haul,Poor
6438,Lufthansa,2861,41,65,Delayed,24,Short Haul,Poor
6439,Delta,9957,66,80,Delayed,14,Long Haul,Poor
6440,Delta,7467,13,163,Delayed,150,Long Haul,Poor
6441,Indigo,721,124,93,OnTime,-31,Short Haul,Poor
6442,Emirates,1743,175,51,OnTime,-124,Short Haul,Poor
6443,Emirates,9128,35,133,OnTime,98,Long Haul,Poor
6444,Delta,3729,7,150,OnTime,143,Medium Long,Poor
6445,Emirates,4309,145,164,OnTime,19,Medium Long,Poor
6446,Lufthansa,1407,170,58,OnTime,-112,Short Haul,Poor
6447,Emirates,9882,36,133,Delayed,97,Long Haul,Poor
6448,Emirates,11842,49,17,Delayed,-32,Long Haul,Good
6449,Emirates,3706,70,122,Delayed,52,Medium Long,Poor
6450,Emirates,3556,72,105,OnTime,33,Medium Long,Poor
6451,Indigo,7853,96,174,Delayed,78,Long Haul,Poor
6452,Lufthansa,10977,66,177,OnTime,111,Long Haul,Poor
6453,Emirates,4170,40,100,OnTime,60,Medium Long,Poor
6454,Delta,11843,148,164,OnTime,16,Long Haul,Poor
6455,Emirates,9275,33,183,Delayed,150,Long Haul,Poor
6456,Lufthansa,7257,59,43,OnTime,-16,Long Haul,Poor
6457,Delta,4943,52,120,OnTime,68,Medium Long,Poor
6458,Indigo,2857,82,97,OnTime,15,Short Haul,Poor
6459,Lufthansa,3104,95,130,Delayed,35,Medium Long,Poor
6460,Emirates,9789,39,91,Delayed,52,Long Haul,Poor
6461,Lufthansa,6213,178,32,Delayed,-146,Medium Long,Poor
6462,Emirates,6068,88,106,Delayed,18,Medium Long,Poor
6463,Delta,4499,176,45,Delayed,-131,Medium Long,Poor
6464,Emirates,8006,94,72,Delayed,-22,Long Haul,Poor
6465,Delta,4229,94,82,OnTime,-12,Medium Long,Poor
6466,Delta,10856,113,165,Delayed,52,Long Haul,Poor
6467,Emirates,1227,65,21,Delayed,-44,Short Haul,Good
6468,Delta,3007,170,120,OnTime,-50,Medium Long,Poor
6469,Lufthansa,9205,60,189,OnTime,129,Long Haul,Poor
6470,Lufthansa,1719,70,105,Delayed,35,Short Haul,Poor
6471,Indigo,657,72,77,OnTime,5,Short Haul,Poor
6472,Lufthansa,8236,4,63,Delayed,59,Long Haul,Poor
6473,Delta,10397,84,82,OnTime,-2,Long Haul,Poor
6474,Indigo,11420,36,167,Delayed,131,Long Haul,Poor
6475,Delta,1197,145,188,OnTime,43,Short Haul,Poor
6476,Delta,6860,179,39,OnTime,-140,Medium Long,Poor
6477,Emirates,6254,127,198,Delayed,71,Medium Long,Poor
6478,Lufthansa,6895,76,11,Delayed,-65,Medium Long,Good
6479,Indigo,11746,72,131,OnTime,59,Long Haul,Poor
6480,Lufthansa,4649,111,58,OnTime,-53,Medium Long,Poor
6481,Indigo,10519,157,15,OnTime,-142,Long Haul,Good
6482,Emirates,9164,172,162,OnTime,-10,Long Haul,Poor
6483,Indigo,3098,25,28,Delayed,3,Medium Long,Good
6484,Emirates,523,66,185,OnTime,119,Short Haul,Poor
6485,Delta,5432,39,22,Delayed,-17,Medium Long,Good
6486,Indigo,4950,118,193,Delayed,75,Medium Long,Poor
6487,Indigo,2619,46,112,Delayed,66,Short Haul,Poor
6488,Indigo,2210,167,109,OnTime,-58,Short Haul,Poor
6489,Delta,7072,38,173,Delayed,135,Long Haul,Poor
6490,Emirates,797,110,93,Delayed,-17,Short Haul,Poor
6491,Lufthansa,11124,121,97,OnTime,-24,Long Haul,Poor
6492,Emirates,8544,43,162,OnTime,119,Long Haul,Poor
6493,Lufthansa,2153,142,0,OnTime,-142,Short Haul,Good
6494,Emirates,9738,12,79,Delayed,67,Long Haul,Poor
6495,Emirates,10845,45,113,OnTime,68,Long Haul,Poor
6496,Delta,6227,159,183,Delayed,24,Medium Long,Poor
6497,Delta,11945,8,13,Delayed,5,Long Haul,Good
6498,Indigo,10091,3,104,Delayed,101,Long Haul,Poor
6499,Emirates,10225,16,74,Delayed,58,Long Haul,Poor
6500,Lufthansa,678,8,141,Delayed,133,Short Haul,Poor
6501,Emirates,6587,102,25,Delayed,-77,Medium Long,Good
6502,Delta,4258,137,81,Delayed,-56,Medium Long,Poor
6503,Delta,1602,110,106,Delayed,-4,Short Haul,Poor
6504,Lufthansa,11772,90,115,Delayed,25,Long Haul,Poor
6505,Delta,4019,45,170,OnTime,125,Medium Long,Poor
6506,Lufthansa,11720,144,149,OnTime,5,Long Haul,Poor
6507,Emirates,1814,25,193,Delayed,168,Short Haul,Poor
6508,Lufthansa,7080,173,7,OnTime,-166,Long Haul,Good
6509,Lufthansa,7411,51,162,OnTime,111,Long Haul,Poor
6510,Delta,1063,14,178,Delayed,164,Short Haul,Poor
6511,Indigo,6392,69,130,Delayed,61,Medium Long,Poor
6512,Emirates,4402,168,23,Delayed,-145,Medium Long,Good
6513,Delta,1334,149,103,Delayed,-46,Short Haul,Poor
6514,Indigo,7072,43,185,OnTime,142,Long Haul,Poor
6515,Delta,3180,110,134,OnTime,24,Medium Long,Poor
6516,Indigo,11074,6,123,OnTime,117,Long Haul,Poor
6517,Lufthansa,934,165,82,Delayed,-83,Short Haul,Poor
6518,Emirates,2317,136,158,OnTime,22,Short Haul,Poor
6519,Delta,5269,43,63,OnTime,20,Medium Long,Poor
6520,Lufthansa,9517,0,6,Delayed,6,Long Haul,Good
6521,Lufthansa,4593,89,127,Delayed,38,Medium Long,Poor
6522,Indigo,2647,68,138,Delayed,70,Short Haul,Poor
6523,Delta,1537,172,112,Delayed,-60,Short Haul,Poor
6524,Indigo,1423,40,111,OnTime,71,Short Haul,Poor
6525,Indigo,7727,142,166,OnTime,24,Long Haul,Poor
6526,Lufthansa,7012,139,72,Delayed,-67,Long Haul,Poor
6527,Emirates,5407,31,179,OnTime,148,Medium Long,Poor
6528,Indigo,5474,128,87,Delayed,-41,Medium Long,Poor
6529,Emirates,9250,49,172,OnTime,123,Long Haul,Poor
6530,Delta,1610,82,101,OnTime,19,Short Haul,Poor
6531,Indigo,7285,111,41,Delayed,-70,Long Haul,Poor
6532,Delta,7066,162,36,OnTime,-126,Long Haul,Poor
6533,Delta,9732,43,17,OnTime,-26,Long Haul,Good
6534,Emirates,9594,126,181,OnTime,55,Long Haul,Poor
6535,Indigo,6198,117,124,OnTime,7,Medium Long,Poor
6536,Delta,2870,71,54,Delayed,-17,Short Haul,Poor
6537,Delta,10762,46,163,OnTime,117,Long Haul,Poor
6538,Lufthansa,2076,133,34,OnTime,-99,Short Haul,Poor
6539,Delta,9942,132,107,Delayed,-25,Long Haul,Poor
6540,Delta,2656,124,78,Delayed,-46,Short Haul,Poor
6541,Indigo,3722,158,144,OnTime,-14,Medium Long,Poor
6542,Lufthansa,1792,129,126,Delayed,-3,Short Haul,Poor
6543,Emirates,10248,81,51,Delayed,-30,Long Haul,Poor
6544,Delta,4062,115,109,OnTime,-6,Medium Long,Poor
6545,Emirates,8798,74,176,Delayed,102,Long Haul,Poor
6546,Emirates,7588,166,45,Delayed,-121,Long Haul,Poor
6547,Emirates,10948,137,70,Delayed,-67,Long Haul,Poor
6548,Indigo,5410,97,55,Delayed,-42,Medium Long,Poor
6549,Indigo,9795,8,145,Delayed,137,Long Haul,Poor
6550,Indigo,10394,64,176,Delayed,112,Long Haul,Poor
6551,Emirates,3691,173,141,OnTime,-32,Medium Long,Poor
6552,Delta,11784,50,35,Delayed,-15,Long Haul,Poor
6553,Emirates,6119,38,62,Delayed,24,Medium Long,Poor
6554,Lufthansa,2211,122,121,OnTime,-1,Short Haul,Poor
6555,Delta,3050,51,44,OnTime,-7,Medium Long,Poor
6556,Delta,2908,66,12,Delayed,-54,Short Haul,Good
6557,Emirates,2909,4,32,OnTime,28,Short Haul,Poor
6558,Lufthansa,1223,125,158,Delayed,33,Short Haul,Poor
6559,Lufthansa,468,26,109,OnTime,83,Short Haul,Poor
6560,Delta,7752,161,60,Delayed,-101,Long Haul,Poor
6561,Emirates,9728,12,109,OnTime,97,Long Haul,Poor
6562,Indigo,3070,98,1,Delayed,-97,Medium Long,Good
6563,Delta,3153,129,118,OnTime,-11,Medium Long,Poor
6564,Delta,1572,143,129,Delayed,-14,Short Haul,Poor
6565,Delta,2602,144,79,OnTime,-65,Short Haul,Poor
6566,Emirates,4612,90,56,Delayed,-34,Medium Long,Poor
6567,Delta,4498,176,112,Delayed,-64,Medium Long,Poor
6568,Delta,318,43,117,OnTime,74,Short Haul,Poor
6569,Emirates,1726,61,179,Delayed,118,Short Haul,Poor
6570,Delta,10133,70,62,Delayed,-8,Long Haul,Poor
6571,Indigo,9232,74,56,Delayed,-18,Long Haul,Poor
6572,Delta,7392,154,2,OnTime,-152,Long Haul,Good
6573,Emirates,8261,33,101,OnTime,68,Long Haul,Poor
6574,Delta,1701,37,59,OnTime,22,Short Haul,Poor
6575,Emirates,10320,138,193,OnTime,55,Long Haul,Poor
6576,Indigo,8072,109,41,Delayed,-68,Long Haul,Poor
6577,Delta,3155,88,122,Delayed,34,Medium Long,Poor
6578,Emirates,6756,174,135,OnTime,-39,Medium Long,Poor
6579,Indigo,7941,146,14,Delayed,-132,Long Haul,Good
6580,Emirates,7194,112,189,Delayed,77,Long Haul,Poor
6581,Delta,11866,43,32,OnTime,-11,Long Haul,Poor
6582,Delta,5140,34,189,OnTime,155,Medium Long,Poor
6583,Delta,6077,8,106,OnTime,98,Medium Long,Poor
6584,Emirates,2815,137,87,OnTime,-50,Short Haul,Poor
6585,Indigo,11530,166,191,OnTime,25,Long Haul,Poor
6586,Delta,311,45,63,OnTime,18,Short Haul,Poor
6587,Lufthansa,5986,102,180,OnTime,78,Medium Long,Poor
6588,Emirates,9890,10,112,Delayed,102,Long Haul,Poor
6589,Delta,7456,55,194,OnTime,139,Long Haul,Poor
6590,Emirates,1241,87,5,OnTime,-82,Short Haul,Good
6591,Delta,11119,71,30,Delayed,-41,Long Haul,Good
6592,Delta,8404,52,28,OnTime,-24,Long Haul,Good
6593,Indigo,7009,151,48,Delayed,-103,Long Haul,Poor
6594,Emirates,857,47,56,OnTime,9,Short Haul,Poor
6595,Lufthansa,1683,137,82,OnTime,-55,Short Haul,Poor
6596,Emirates,10907,94,17,OnTime,-77,Long Haul,Good
6597,Lufthansa,6414,80,168,OnTime,88,Medium Long,Poor
6598,Emirates,3370,173,195,Delayed,22,Medium Long,Poor
6599,Indigo,1023,148,191,Delayed,43,Short Haul,Poor
6600,Lufthansa,6437,39,105,Delayed,66,Medium Long,Poor
6601,Emirates,7005,32,156,OnTime,124,Long Haul,Poor
6602,Delta,4579,57,16,Delayed,-41,Medium Long,Good
6603,Indigo,8901,143,148,Delayed,5,Long Haul,Poor
6604,Indigo,8570,129,89,OnTime,-40,Long Haul,Poor
6605,Emirates,8947,95,101,OnTime,6,Long Haul,Poor
6606,Indigo,1761,11,105,Delayed,94,Short Haul,Poor
6607,Delta,7463,20,113,Delayed,93,Long Haul,Poor
6608,Indigo,484,112,144,OnTime,32,Short Haul,Poor
6609,Emirates,2719,107,184,OnTime,77,Short Haul,Poor
6610,Delta,1486,167,156,Delayed,-11,Short Haul,Poor
6611,Lufthansa,1321,100,109,OnTime,9,Short Haul,Poor
6612,Lufthansa,10601,30,70,Delayed,40,Long Haul,Poor
6613,Delta,9376,3,133,Delayed,130,Long Haul,Poor
6614,Lufthansa,10561,18,158,OnTime,140,Long Haul,Poor
6615,Lufthansa,5523,6,15,OnTime,9,Medium Long,Good
6616,Delta,7349,141,162,Delayed,21,Long Haul,Poor
6617,Lufthansa,4895,179,188,Delayed,9,Medium Long,Poor
6618,Emirates,3801,63,131,OnTime,68,Medium Long,Poor
6619,Emirates,7967,126,93,Delayed,-33,Long Haul,Poor
6620,Delta,6056,24,193,OnTime,169,Medium Long,Poor
6621,Emirates,10388,71,129,OnTime,58,Long Haul,Poor
6622,Indigo,7537,12,108,OnTime,96,Long Haul,Poor
6623,Emirates,5685,32,197,Delayed,165,Medium Long,Poor
6624,Emirates,4408,130,56,Delayed,-74,Medium Long,Poor
6625,Lufthansa,7720,69,97,Delayed,28,Long Haul,Poor
6626,Lufthansa,3542,118,49,Delayed,-69,Medium Long,Poor
6627,Delta,10856,104,72,Delayed,-32,Long Haul,Poor
6628,Indigo,10966,176,108,OnTime,-68,Long Haul,Poor
6629,Indigo,1182,23,57,Delayed,34,Short Haul,Poor
6630,Emirates,7631,139,161,OnTime,22,Long Haul,Poor
6631,Emirates,1229,148,167,Delayed,19,Short Haul,Poor
6632,Emirates,4221,128,16,Delayed,-112,Medium Long,Good
6633,Indigo,4639,6,150,OnTime,144,Medium Long,Poor
6634,Delta,846,87,110,Delayed,23,Short Haul,Poor
6635,Lufthansa,3334,26,74,Delayed,48,Medium Long,Poor
6636,Delta,2120,98,45,Delayed,-53,Short Haul,Poor
6637,Emirates,2717,147,7,Delayed,-140,Short Haul,Good
6638,Emirates,7438,80,106,Delayed,26,Long Haul,Poor
6639,Delta,10661,101,29,Delayed,-72,Long Haul,Good
6640,Delta,7238,171,112,OnTime,-59,Long Haul,Poor
6641,Indigo,2788,52,186,Delayed,134,Short Haul,Poor
6642,Emirates,800,13,83,OnTime,70,Short Haul,Poor
6643,Indigo,5555,132,161,Delayed,29,Medium Long,Poor
6644,Emirates,9160,144,148,Delayed,4,Long Haul,Poor
6645,Lufthansa,9077,80,130,OnTime,50,Long Haul,Poor
6646,Lufthansa,8462,102,197,OnTime,95,Long Haul,Poor
6647,Emirates,7356,89,109,OnTime,20,Long Haul,Poor
6648,Lufthansa,5621,81,121,Delayed,40,Medium Long,Poor
6649,Emirates,5077,104,2,Delayed,-102,Medium Long,Good
6650,Emirates,8061,66,152,Delayed,86,Long Haul,Poor
6651,Delta,7036,74,36,OnTime,-38,Long Haul,Poor
6652,Indigo,8009,6,85,OnTime,79,Long Haul,Poor
6653,Delta,9551,168,198,OnTime,30,Long Haul,Poor
6654,Delta,11022,0,31,Delayed,31,Long Haul,Poor
6655,Indigo,7846,114,103,OnTime,-11,Long Haul,Poor
6656,Emirates,3622,100,189,OnTime,89,Medium Long,Poor
6657,Delta,10951,170,114,Delayed,-56,Long Haul,Poor
6658,Indigo,383,29,178,OnTime,149,Short Haul,Poor
6659,Indigo,247,61,183,Delayed,122,Short Haul,Poor
6660,Delta,3722,141,49,OnTime,-92,Medium Long,Poor
6661,Indigo,4145,20,158,OnTime,138,Medium Long,Poor
6662,Delta,4071,47,116,Delayed,69,Medium Long,Poor
6663,Lufthansa,2670,66,42,OnTime,-24,Short Haul,Poor
6664,Emirates,10612,23,124,Delayed,101,Long Haul,Poor
6665,Delta,7122,79,19,Delayed,-60,Long Haul,Good
6666,Emirates,8643,158,170,Delayed,12,Long Haul,Poor
6667,Delta,3960,123,109,OnTime,-14,Medium Long,Poor
6668,Emirates,10206,14,180,OnTime,166,Long Haul,Poor
6669,Delta,1841,107,138,OnTime,31,Short Haul,Poor
6670,Lufthansa,4704,14,66,Delayed,52,Medium Long,Poor
6671,Delta,11436,97,42,Delayed,-55,Long Haul,Poor
6672,Emirates,1327,136,117,Delayed,-19,Short Haul,Poor
6673,Delta,9772,24,150,OnTime,126,Long Haul,Poor
6674,Delta,10069,138,57,OnTime,-81,Long Haul,Poor
6675,Emirates,7126,46,17,Delayed,-29,Long Haul,Good
6676,Lufthansa,10140,122,81,OnTime,-41,Long Haul,Poor
6677,Delta,7550,103,44,OnTime,-59,Long Haul,Poor
6678,Delta,1615,66,192,Delayed,126,Short Haul,Poor
6679,Delta,1624,108,77,OnTime,-31,Short Haul,Poor
6680,Delta,9647,62,80,OnTime,18,Long Haul,Poor
6681,Indigo,3328,75,170,OnTime,95,Medium Long,Poor
6682,Emirates,8132,10,1,OnTime,-9,Long Haul,Good
6683,Lufthansa,7324,16,11,OnTime,-5,Long Haul,Good
6684,Delta,8695,112,42,Delayed,-70,Long Haul,Poor
6685,Lufthansa,8278,29,74,OnTime,45,Long Haul,Poor
6686,Lufthansa,11360,131,14,Delayed,-117,Long Haul,Good
6687,Lufthansa,6761,95,9,OnTime,-86,Medium Long,Good
6688,Lufthansa,4615,165,41,OnTime,-124,Medium Long,Poor
6689,Indigo,10004,130,176,OnTime,46,Long Haul,Poor
6690,Emirates,9130,127,117,Delayed,-10,Long Haul,Poor
6691,Lufthansa,7669,126,141,Delayed,15,Long Haul,Poor
6692,Emirates,3260,16,199,OnTime,183,Medium Long,Poor
6693,Indigo,5367,21,69,OnTime,48,Medium Long,Poor
6694,Delta,5848,69,62,Delayed,-7,Medium Long,Poor
6695,Delta,4455,117,17,OnTime,-100,Medium Long,Good
6696,Delta,1979,12,61,Delayed,49,Short Haul,Poor
6697,Lufthansa,2555,143,109,Delayed,-34,Short Haul,Poor
6698,Indigo,3975,124,123,OnTime,-1,Medium Long,Poor
6699,Emirates,8990,79,65,Delayed,-14,Long Haul,Poor
6700,Emirates,877,29,131,OnTime,102,Short Haul,Poor
6701,Lufthansa,652,159,24,OnTime,-135,Short Haul,Good
6702,Lufthansa,10109,2,177,OnTime,175,Long Haul,Poor
6703,Lufthansa,2059,116,146,Delayed,30,Short Haul,Poor
6704,Indigo,3410,60,193,Delayed,133,Medium Long,Poor
6705,Delta,921,163,163,Delayed,0,Short Haul,Poor
6706,Indigo,7056,11,182,OnTime,171,Long Haul,Poor
6707,Lufthansa,9206,22,53,OnTime,31,Long Haul,Poor
6708,Lufthansa,11033,122,53,OnTime,-69,Long Haul,Poor
6709,Indigo,11608,51,143,Delayed,92,Long Haul,Poor
6710,Emirates,8506,74,36,Delayed,-38,Long Haul,Poor
6711,Emirates,9218,139,49,Delayed,-90,Long Haul,Poor
6712,Emirates,2799,57,27,Delayed,-30,Short Haul,Good
6713,Delta,1353,124,49,OnTime,-75,Short Haul,Poor
6714,Indigo,1662,154,91,OnTime,-63,Short Haul,Poor
6715,Emirates,347,50,132,OnTime,82,Short Haul,Poor
6716,Emirates,10504,83,12,Delayed,-71,Long Haul,Good
6717,Indigo,228,137,65,OnTime,-72,Short Haul,Poor
6718,Delta,7948,63,43,Delayed,-20,Long Haul,Poor
6719,Emirates,3045,13,142,OnTime,129,Medium Long,Poor
6720,Lufthansa,8598,70,151,OnTime,81,Long Haul,Poor
6721,Lufthansa,8366,151,68,OnTime,-83,Long Haul,Poor
6722,Emirates,2737,137,93,OnTime,-44,Short Haul,Poor
6723,Indigo,2613,128,178,Delayed,50,Short Haul,Poor
6724,Lufthansa,6353,118,193,OnTime,75,Medium Long,Poor
6725,Emirates,6032,107,139,Delayed,32,Medium Long,Poor
6726,Emirates,3051,65,42,OnTime,-23,Medium Long,Poor
6727,Delta,9685,106,112,OnTime,6,Long Haul,Poor
6728,Lufthansa,3506,46,11,OnTime,-35,Medium Long,Good
6729,Delta,9937,45,30,Delayed,-15,Long Haul,Good
6730,Lufthansa,10626,82,0,OnTime,-82,Long Haul,Good
6731,Lufthansa,3326,172,23,OnTime,-149,Medium Long,Good
6732,Indigo,2589,171,15,Delayed,-156,Short Haul,Good
6733,Lufthansa,3562,45,67,Delayed,22,Medium Long,Poor
6734,Emirates,6559,14,48,OnTime,34,Medium Long,Poor
6735,Delta,8033,73,92,OnTime,19,Long Haul,Poor
6736,Emirates,10970,47,13,Delayed,-34,Long Haul,Good
6737,Indigo,4613,28,4,OnTime,-24,Medium Long,Good
6738,Lufthansa,1323,86,113,Delayed,27,Short Haul,Poor
6739,Emirates,10728,134,11,Delayed,-123,Long Haul,Good
6740,Delta,6681,94,181,Delayed,87,Medium Long,Poor
6741,Lufthansa,7164,132,128,Delayed,-4,Long Haul,Poor
6742,Delta,4660,21,100,Delayed,79,Medium Long,Poor
6743,Emirates,5571,50,49,Delayed,-1,Medium Long,Poor
6744,Emirates,4594,33,142,Delayed,109,Medium Long,Poor
6745,Delta,11456,20,186,OnTime,166,Long Haul,Poor
6746,Delta,11720,106,79,OnTime,-27,Long Haul,Poor
6747,Delta,10836,131,35,Delayed,-96,Long Haul,Poor
6748,Emirates,5233,75,119,Delayed,44,Medium Long,Poor
6749,Emirates,11243,68,186,Delayed,118,Long Haul,Poor
6750,Indigo,1571,128,152,Delayed,24,Short Haul,Poor
6751,Emirates,1079,134,155,OnTime,21,Short Haul,Poor
6752,Delta,1971,129,104,OnTime,-25,Short Haul,Poor
6753,Indigo,4207,133,88,Delayed,-45,Medium Long,Poor
6754,Emirates,7036,57,2,Delayed,-55,Long Haul,Good
6755,Emirates,8246,164,114,OnTime,-50,Long Haul,Poor
6756,Emirates,9788,175,158,Delayed,-17,Long Haul,Poor
6757,Indigo,3279,158,26,OnTime,-132,Medium Long,Good
6758,Emirates,9288,55,14,Delayed,-41,Long Haul,Good
6759,Indigo,2197,141,31,Delayed,-110,Short Haul,Poor
6760,Emirates,1535,41,24,OnTime,-17,Short Haul,Good
6761,Lufthansa,7200,155,41,OnTime,-114,Long Haul,Poor
6762,Lufthansa,2312,96,17,OnTime,-79,Short Haul,Good
6763,Indigo,8508,70,182,OnTime,112,Long Haul,Poor
6764,Delta,3595,127,84,Delayed,-43,Medium Long,Poor
6765,Indigo,9412,128,71,Delayed,-57,Long Haul,Poor
6766,Lufthansa,9998,66,52,OnTime,-14,Long Haul,Poor
6767,Lufthansa,1279,73,24,Delayed,-49,Short Haul,Good
6768,Lufthansa,4116,62,156,Delayed,94,Medium Long,Poor
6769,Emirates,3651,86,167,OnTime,81,Medium Long,Poor
6770,Delta,3802,170,123,OnTime,-47,Medium Long,Poor
6771,Lufthansa,11826,140,35,Delayed,-105,Long Haul,Poor
6772,Delta,11361,139,170,OnTime,31,Long Haul,Poor
6773,Delta,8343,58,3,Delayed,-55,Long Haul,Good
6774,Emirates,5197,129,190,Delayed,61,Medium Long,Poor
6775,Lufthansa,4224,9,193,Delayed,184,Medium Long,Poor
6776,Indigo,822,148,164,Delayed,16,Short Haul,Poor
6777,Delta,3009,55,89,Delayed,34,Medium Long,Poor
6778,Emirates,4364,125,96,Delayed,-29,Medium Long,Poor
6779,Delta,1837,72,21,Delayed,-51,Short Haul,Good
6780,Lufthansa,10391,83,12,Delayed,-71,Long Haul,Good
6781,Lufthansa,4588,152,105,Delayed,-47,Medium Long,Poor
6782,Delta,3904,128,123,Delayed,-5,Medium Long,Poor
6783,Delta,3669,54,139,OnTime,85,Medium Long,Poor
6784,Emirates,4297,6,67,OnTime,61,Medium Long,Poor
6785,Indigo,10979,76,105,Delayed,29,Long Haul,Poor
6786,Lufthansa,8100,9,199,OnTime,190,Long Haul,Poor
6787,Emirates,9651,53,41,OnTime,-12,Long Haul,Poor
6788,Emirates,3802,161,34,OnTime,-127,Medium Long,Poor
6789,Indigo,2761,147,59,Delayed,-88,Short Haul,Poor
6790,Emirates,3988,109,91,Delayed,-18,Medium Long,Poor
6791,Indigo,556,56,150,OnTime,94,Short Haul,Poor
6792,Delta,11563,133,50,Delayed,-83,Long Haul,Poor
6793,Indigo,11963,121,20,OnTime,-101,Long Haul,Good
6794,Indigo,1618,21,44,Delayed,23,Short Haul,Poor
6795,Delta,3998,72,56,Delayed,-16,Medium Long,Poor
6796,Delta,8152,42,89,Delayed,47,Long Haul,Poor
6797,Indigo,6778,67,54,OnTime,-13,Medium Long,Poor
6798,Emirates,11909,15,183,Delayed,168,Long Haul,Poor
6799,Delta,8986,58,23,OnTime,-35,Long Haul,Good
6800,Delta,367,127,141,Delayed,14,Short Haul,Poor
6801,Emirates,11333,121,21,OnTime,-100,Long Haul,Good
6802,Lufthansa,9592,33,191,OnTime,158,Long Haul,Poor
6803,Lufthansa,5669,28,164,Delayed,136,Medium Long,Poor
6804,Emirates,3221,161,44,OnTime,-117,Medium Long,Poor
6805,Delta,5282,120,116,Delayed,-4,Medium Long,Poor
6806,Emirates,7796,163,95,Delayed,-68,Long Haul,Poor
6807,Indigo,11192,39,93,OnTime,54,Long Haul,Poor
6808,Indigo,10345,136,61,Delayed,-75,Long Haul,Poor
6809,Lufthansa,11807,21,159,Delayed,138,Long Haul,Poor
6810,Emirates,5032,99,179,Delayed,80,Medium Long,Poor
6811,Emirates,10577,117,192,OnTime,75,Long Haul,Poor
6812,Indigo,1181,1,148,Delayed,147,Short Haul,Poor
6813,Delta,9450,156,3,Delayed,-153,Long Haul,Good
6814,Indigo,1476,121,118,Delayed,-3,Short Haul,Poor
6815,Lufthansa,1969,67,98,Delayed,31,Short Haul,Poor
6816,Lufthansa,2173,61,0,OnTime,-61,Short Haul,Good
6817,Indigo,1236,25,53,Delayed,28,Short Haul,Poor
6818,Lufthansa,6750,19,190,Delayed,171,Medium Long,Poor
6819,Delta,8588,29,137,Delayed,108,Long Haul,Poor
6820,Indigo,11641,111,100,Delayed,-11,Long Haul,Poor
6821,Delta,769,5,164,Delayed,159,Short Haul,Poor
6822,Indigo,4733,132,179,OnTime,47,Medium Long,Poor
6823,Delta,10192,145,150,Delayed,5,Long Haul,Poor
6824,Delta,518,13,79,OnTime,66,Short Haul,Poor
6825,Emirates,11554,13,126,Delayed,113,Long Haul,Poor
6826,Lufthansa,8552,118,165,Delayed,47,Long Haul,Poor
6827,Lufthansa,10754,58,131,Delayed,73,Long Haul,Poor
6828,Indigo,717,146,41,Delayed,-105,Short Haul,Poor
6829,Emirates,8244,139,79,OnTime,-60,Long Haul,Poor
6830,Indigo,3727,97,115,Delayed,18,Medium Long,Poor
6831,Indigo,8316,168,59,Delayed,-109,Long Haul,Poor
6832,Emirates,756,16,186,Delayed,170,Short Haul,Poor
6833,Indigo,484,49,162,OnTime,113,Short Haul,Poor
6834,Emirates,7229,169,162,OnTime,-7,Long Haul,Poor
6835,Lufthansa,6054,105,95,Delayed,-10,Medium Long,Poor
6836,Lufthansa,5497,86,168,Delayed,82,Medium Long,Poor
6837,Indigo,4158,123,187,OnTime,64,Medium Long,Poor
6838,Emirates,2248,70,40,OnTime,-30,Short Haul,Poor
6839,Delta,10835,177,170,OnTime,-7,Long Haul,Poor
6840,Delta,2574,96,109,Delayed,13,Short Haul,Poor
6841,Indigo,1465,115,165,Delayed,50,Short Haul,Poor
6842,Lufthansa,5480,155,51,Delayed,-104,Medium Long,Poor
6843,Lufthansa,5222,157,29,Delayed,-128,Medium Long,Good
6844,Emirates,4956,122,41,Delayed,-81,Medium Long,Poor
6845,Emirates,4711,80,13,Delayed,-67,Medium Long,Good
6846,Delta,642,75,181,OnTime,106,Short Haul,Poor
6847,Indigo,633,139,107,OnTime,-32,Short Haul,Poor
6848,Lufthansa,7704,17,33,Delayed,16,Long Haul,Poor
6849,Delta,5199,17,146,OnTime,129,Medium Long,Poor
6850,Lufthansa,5954,143,81,Delayed,-62,Medium Long,Poor
6851,Lufthansa,9112,173,130,Delayed,-43,Long Haul,Poor
6852,Lufthansa,11965,25,33,OnTime,8,Long Haul,Poor
6853,Delta,10769,88,84,OnTime,-4,Long Haul,Poor
6854,Lufthansa,3893,162,141,Delayed,-21,Medium Long,Poor
6855,Emirates,2283,91,78,Delayed,-13,Short Haul,Poor
6856,Delta,4827,89,196,OnTime,107,Medium Long,Poor
6857,Emirates,725,11,115,OnTime,104,Short Haul,Poor
6858,Emirates,4985,104,45,OnTime,-59,Medium Long,Poor
6859,Indigo,5665,35,124,Delayed,89,Medium Long,Poor
6860,Lufthansa,6346,55,14,Delayed,-41,Medium Long,Good
6861,Emirates,7674,126,181,Delayed,55,Long Haul,Poor
6862,Lufthansa,5779,18,21,Delayed,3,Medium Long,Good
6863,Indigo,1949,133,66,Delayed,-67,Short Haul,Poor
6864,Emirates,7344,107,17,OnTime,-90,Long Haul,Good
6865,Indigo,1281,4,141,Delayed,137,Short Haul,Poor
6866,Emirates,3997,80,29,OnTime,-51,Medium Long,Good
6867,Delta,6531,78,174,OnTime,96,Medium Long,Poor
6868,Indigo,1609,1,192,Delayed,191,Short Haul,Poor
6869,Delta,11227,27,67,OnTime,40,Long Haul,Poor
6870,Emirates,1094,11,181,OnTime,170,Short Haul,Poor
6871,Delta,7385,167,52,OnTime,-115,Long Haul,Poor
6872,Emirates,1163,84,197,OnTime,113,Short Haul,Poor
6873,Delta,10393,132,169,Delayed,37,Long Haul,Poor
6874,Emirates,3939,49,197,Delayed,148,Medium Long,Poor
6875,Lufthansa,8703,80,36,Delayed,-44,Long Haul,Poor
6876,Emirates,5013,51,123,OnTime,72,Medium Long,Poor
6877,Lufthansa,6482,46,147,Delayed,101,Medium Long,Poor
6878,Indigo,7338,149,62,Delayed,-87,Long Haul,Poor
6879,Emirates,6887,81,115,OnTime,34,Medium Long,Poor
6880,Lufthansa,4513,109,30,OnTime,-79,Medium Long,Good
6881,Indigo,8036,134,144,OnTime,10,Long Haul,Poor
6882,Lufthansa,9174,20,73,Delayed,53,Long Haul,Poor
6883,Indigo,3736,62,140,OnTime,78,Medium Long,Poor
6884,Indigo,9799,143,30,Delayed,-113,Long Haul,Good
6885,Delta,4607,82,113,Delayed,31,Medium Long,Poor
6886,Indigo,6201,81,39,Delayed,-42,Medium Long,Poor
6887,Lufthansa,9477,7,115,OnTime,108,Long Haul,Poor
6888,Emirates,6800,136,119,Delayed,-17,Medium Long,Poor
6889,Delta,10914,123,168,Delayed,45,Long Haul,Poor
6890,Indigo,1080,156,117,Delayed,-39,Short Haul,Poor
6891,Emirates,6125,121,8,Delayed,-113,Medium Long,Good
6892,Emirates,7779,123,57,Delayed,-66,Long Haul,Poor
6893,Indigo,11916,120,170,OnTime,50,Long Haul,Poor
6894,Emirates,2358,176,156,Delayed,-20,Short Haul,Poor
6895,Delta,11538,15,163,OnTime,148,Long Haul,Poor
6896,Delta,7531,171,46,Delayed,-125,Long Haul,Poor
6897,Emirates,11250,179,181,OnTime,2,Long Haul,Poor
6898,Delta,10120,56,104,Delayed,48,Long Haul,Poor
6899,Emirates,8488,177,195,OnTime,18,Long Haul,Poor
6900,Emirates,10033,66,58,Delayed,-8,Long Haul,Poor
6901,Emirates,7112,85,65,OnTime,-20,Long Haul,Poor
6902,Emirates,5948,176,55,Delayed,-121,Medium Long,Poor
6903,Delta,2900,114,5,OnTime,-109,Short Haul,Good
6904,Delta,4184,45,72,Delayed,27,Medium Long,Poor
6905,Delta,6764,117,112,Delayed,-5,Medium Long,Poor
6906,Lufthansa,4694,134,140,OnTime,6,Medium Long,Poor
6907,Indigo,9098,25,23,OnTime,-2,Long Haul,Good
6908,Indigo,10250,71,68,Delayed,-3,Long Haul,Poor
6909,Delta,11751,52,37,OnTime,-15,Long Haul,Poor
6910,Lufthansa,6866,58,107,Delayed,49,Medium Long,Poor
6911,Delta,2356,74,169,OnTime,95,Short Haul,Poor
6912,Lufthansa,3384,106,178,Delayed,72,Medium Long,Poor
6913,Indigo,9530,149,46,OnTime,-103,Long Haul,Poor
6914,Delta,2131,104,104,OnTime,0,Short Haul,Poor
6915,Lufthansa,11668,165,180,OnTime,15,Long Haul,Poor
6916,Emirates,5935,73,83,OnTime,10,Medium Long,Poor
6917,Indigo,1258,139,61,OnTime,-78,Short Haul,Poor
6918,Emirates,4454,98,193,Delayed,95,Medium Long,Poor
6919,Delta,1177,176,178,OnTime,2,Short Haul,Poor
6920,Emirates,6032,1,27,Delayed,26,Medium Long,Good
6921,Indigo,7273,37,177,Delayed,140,Long Haul,Poor
6922,Delta,7472,42,134,Delayed,92,Long Haul,Poor
6923,Indigo,215,111,1,OnTime,-110,Short Haul,Good
6924,Emirates,1227,32,48,OnTime,16,Short Haul,Poor
6925,Indigo,5047,44,132,Delayed,88,Medium Long,Poor
6926,Indigo,10258,120,126,OnTime,6,Long Haul,Poor
6927,Indigo,9095,155,34,Delayed,-121,Long Haul,Poor
6928,Delta,6650,145,161,OnTime,16,Medium Long,Poor
6929,Indigo,6649,65,187,OnTime,122,Medium Long,Poor
6930,Lufthansa,9471,152,194,Delayed,42,Long Haul,Poor
6931,Delta,10897,10,145,OnTime,135,Long Haul,Poor
6932,Lufthansa,5273,92,26,OnTime,-66,Medium Long,Good
6933,Emirates,8359,162,4,Delayed,-158,Long Haul,Good
6934,Indigo,11590,20,134,Delayed,114,Long Haul,Poor
6935,Lufthansa,2002,66,186,Delayed,120,Short Haul,Poor
6936,Emirates,1301,1,145,Delayed,144,Short Haul,Poor
6937,Delta,5110,178,63,OnTime,-115,Medium Long,Poor
6938,Indigo,4550,102,54,Delayed,-48,Medium Long,Poor
6939,Lufthansa,5369,99,41,Delayed,-58,Medium Long,Poor
6940,Emirates,922,179,10,Delayed,-169,Short Haul,Good
6941,Delta,3940,142,146,OnTime,4,Medium Long,Poor
6942,Lufthansa,8722,175,34,OnTime,-141,Long Haul,Poor
6943,Indigo,623,12,104,Delayed,92,Short Haul,Poor
6944,Lufthansa,5724,84,129,OnTime,45,Medium Long,Poor
6945,Delta,7237,85,53,OnTime,-32,Long Haul,Poor
6946,Emirates,9609,9,182,Delayed,173,Long Haul,Poor
6947,Indigo,698,135,180,OnTime,45,Short Haul,Poor
6948,Indigo,4770,62,94,OnTime,32,Medium Long,Poor
6949,Delta,4372,118,171,OnTime,53,Medium Long,Poor
6950,Emirates,6186,34,98,Delayed,64,Medium Long,Poor
6951,Lufthansa,11037,118,16,OnTime,-102,Long Haul,Good
6952,Emirates,5946,129,37,Delayed,-92,Medium Long,Poor
6953,Lufthansa,8078,50,190,Delayed,140,Long Haul,Poor
6954,Emirates,7014,152,9,OnTime,-143,Long Haul,Good
6955,Lufthansa,9122,178,7,OnTime,-171,Long Haul,Good
6956,Emirates,8872,51,134,Delayed,83,Long Haul,Poor
6957,Indigo,10329,121,185,Delayed,64,Long Haul,Poor
6958,Emirates,2640,68,93,OnTime,25,Short Haul,Poor
6959,Delta,10717,17,99,Delayed,82,Long Haul,Poor
6960,Lufthansa,8535,10,153,OnTime,143,Long Haul,Poor
6961,Lufthansa,487,79,9,OnTime,-70,Short Haul,Good
6962,Emirates,11570,78,51,OnTime,-27,Long Haul,Poor
6963,Lufthansa,834,5,32,OnTime,27,Short Haul,Poor
6964,Indigo,7101,152,193,OnTime,41,Long Haul,Poor
6965,Delta,8282,166,95,OnTime,-71,Long Haul,Poor
6966,Delta,350,28,8,Delayed,-20,Short Haul,Good
6967,Indigo,907,48,140,OnTime,92,Short Haul,Poor
6968,Lufthansa,2109,159,68,Delayed,-91,Short Haul,Poor
6969,Emirates,9276,175,68,Delayed,-107,Long Haul,Poor
6970,Emirates,6043,155,81,OnTime,-74,Medium Long,Poor
6971,Emirates,6584,119,27,Delayed,-92,Medium Long,Good
6972,Emirates,3981,152,174,OnTime,22,Medium Long,Poor
6973,Delta,2418,109,190,OnTime,81,Short Haul,Poor
6974,Delta,5002,17,171,OnTime,154,Medium Long,Poor
6975,Emirates,5503,133,181,OnTime,48,Medium Long,Poor
6976,Lufthansa,1289,48,144,Delayed,96,Short Haul,Poor
6977,Indigo,8972,170,173,OnTime,3,Long Haul,Poor
6978,Emirates,2059,119,95,OnTime,-24,Short Haul,Poor
6979,Lufthansa,3551,41,19,OnTime,-22,Medium Long,Good
6980,Indigo,5716,145,2,Delayed,-143,Medium Long,Good
6981,Lufthansa,10972,139,125,OnTime,-14,Long Haul,Poor
6982,Emirates,5284,67,145,OnTime,78,Medium Long,Poor
6983,Emirates,11530,57,43,OnTime,-14,Long Haul,Poor
6984,Emirates,4112,32,52,OnTime,20,Medium Long,Poor
6985,Indigo,572,43,91,OnTime,48,Short Haul,Poor
6986,Lufthansa,10823,149,165,Delayed,16,Long Haul,Poor
6987,Indigo,6178,3,174,OnTime,171,Medium Long,Poor
6988,Indigo,522,111,182,OnTime,71,Short Haul,Poor
6989,Indigo,5859,109,3,OnTime,-106,Medium Long,Good
6990,Emirates,4881,122,112,OnTime,-10,Medium Long,Poor
6991,Emirates,8259,132,171,Delayed,39,Long Haul,Poor
6992,Delta,6571,179,17,OnTime,-162,Medium Long,Good
6993,Lufthansa,944,114,52,OnTime,-62,Short Haul,Poor
6994,Delta,9749,124,111,Delayed,-13,Long Haul,Poor
6995,Emirates,6841,143,17,Delayed,-126,Medium Long,Good
6996,Indigo,7779,173,126,OnTime,-47,Long Haul,Poor
6997,Delta,3622,24,196,OnTime,172,Medium Long,Poor
6998,Lufthansa,364,176,172,Delayed,-4,Short Haul,Poor
6999,Indigo,8143,94,167,Delayed,73,Long Haul,Poor
7000,Emirates,10948,176,25,Delayed,-151,Long Haul,Good
7001,Delta,6957,46,141,Delayed,95,Medium Long,Poor
7002,Indigo,6490,55,20,Delayed,-35,Medium Long,Good
7003,Emirates,1300,51,79,Delayed,28,Short Haul,Poor
7004,Indigo,5915,134,151,OnTime,17,Medium Long,Poor
7005,Emirates,10503,62,142,OnTime,80,Long Haul,Poor
7006,Lufthansa,11078,92,122,OnTime,30,Long Haul,Poor
7007,Lufthansa,10734,173,153,Delayed,-20,Long Haul,Poor
7008,Lufthansa,2877,38,26,Delayed,-12,Short Haul,Good
7009,Lufthansa,8970,159,76,OnTime,-83,Long Haul,Poor
7010,Emirates,2922,84,104,OnTime,20,Short Haul,Poor
7011,Lufthansa,9232,48,160,OnTime,112,Long Haul,Poor
7012,Delta,11191,60,170,Delayed,110,Long Haul,Poor
7013,Delta,7256,163,34,Delayed,-129,Long Haul,Poor
7014,Emirates,5346,14,36,Delayed,22,Medium Long,Poor
7015,Indigo,11649,46,123,OnTime,77,Long Haul,Poor
7016,Emirates,4347,161,94,Delayed,-67,Medium Long,Poor
7017,Lufthansa,3838,31,57,OnTime,26,Medium Long,Poor
7018,Lufthansa,656,1,162,Delayed,161,Short Haul,Poor
7019,Emirates,4266,172,174,Delayed,2,Medium Long,Poor
7020,Delta,7524,148,89,Delayed,-59,Long Haul,Poor
7021,Indigo,5336,166,162,OnTime,-4,Medium Long,Poor
7022,Indigo,841,43,140,Delayed,97,Short Haul,Poor
7023,Emirates,3591,150,169,Delayed,19,Medium Long,Poor
7024,Indigo,5355,135,142,Delayed,7,Medium Long,Poor
7025,Indigo,2100,131,153,OnTime,22,Short Haul,Poor
7026,Lufthansa,10236,16,129,OnTime,113,Long Haul,Poor
7027,Indigo,8025,27,110,OnTime,83,Long Haul,Poor
7028,Delta,9083,134,20,OnTime,-114,Long Haul,Good
7029,Emirates,4086,21,196,OnTime,175,Medium Long,Poor
7030,Indigo,10638,163,48,Delayed,-115,Long Haul,Poor
7031,Emirates,4435,95,123,OnTime,28,Medium Long,Poor
7032,Emirates,8089,81,16,OnTime,-65,Long Haul,Good
7033,Delta,8875,156,171,Delayed,15,Long Haul,Poor
7034,Emirates,9940,145,2,Delayed,-143,Long Haul,Good
7035,Emirates,6692,60,105,OnTime,45,Medium Long,Poor
7036,Lufthansa,7550,152,117,Delayed,-35,Long Haul,Poor
7037,Indigo,3216,62,69,OnTime,7,Medium Long,Poor
7038,Lufthansa,7726,159,147,Delayed,-12,Long Haul,Poor
7039,Lufthansa,2630,22,17,OnTime,-5,Short Haul,Good
7040,Lufthansa,5171,95,116,OnTime,21,Medium Long,Poor
7041,Indigo,1008,12,185,Delayed,173,Short Haul,Poor
7042,Delta,1223,116,130,OnTime,14,Short Haul,Poor
7043,Emirates,4755,0,14,Delayed,14,Medium Long,Good
7044,Delta,8415,114,128,Delayed,14,Long Haul,Poor
7045,Delta,8634,10,75,Delayed,65,Long Haul,Poor
7046,Emirates,6591,170,17,Delayed,-153,Medium Long,Good
7047,Delta,405,86,130,OnTime,44,Short Haul,Poor
7048,Emirates,397,9,124,OnTime,115,Short Haul,Poor
7049,Emirates,8871,92,25,Delayed,-67,Long Haul,Good
7050,Lufthansa,6716,92,41,Delayed,-51,Medium Long,Poor
7051,Emirates,7181,175,115,Delayed,-60,Long Haul,Poor
7052,Lufthansa,8325,75,89,OnTime,14,Long Haul,Poor
7053,Indigo,9617,178,21,Delayed,-157,Long Haul,Good
7054,Indigo,10536,138,27,OnTime,-111,Long Haul,Good
7055,Lufthansa,11525,176,165,OnTime,-11,Long Haul,Poor
7056,Lufthansa,1848,89,163,Delayed,74,Short Haul,Poor
7057,Indigo,10388,3,80,OnTime,77,Long Haul,Poor
7058,Lufthansa,10092,149,128,Delayed,-21,Long Haul,Poor
7059,Emirates,10833,75,159,Delayed,84,Long Haul,Poor
7060,Lufthansa,8369,109,99,Delayed,-10,Long Haul,Poor
7061,Indigo,5811,122,108,Delayed,-14,Medium Long,Poor
7062,Lufthansa,7421,132,160,OnTime,28,Long Haul,Poor
7063,Emirates,10157,65,187,OnTime,122,Long Haul,Poor
7064,Lufthansa,2431,137,145,OnTime,8,Short Haul,Poor
7065,Lufthansa,6937,165,9,OnTime,-156,Medium Long,Good
7066,Lufthansa,5819,89,179,Delayed,90,Medium Long,Poor
7067,Emirates,3803,102,43,OnTime,-59,Medium Long,Poor
7068,Delta,3065,18,93,Delayed,75,Medium Long,Poor
7069,Lufthansa,1749,86,168,Delayed,82,Short Haul,Poor
7070,Lufthansa,5653,121,33,OnTime,-88,Medium Long,Poor
7071,Indigo,6235,59,51,Delayed,-8,Medium Long,Poor
7072,Lufthansa,8671,3,166,Delayed,163,Long Haul,Poor
7073,Lufthansa,7111,170,107,OnTime,-63,Long Haul,Poor
7074,Lufthansa,3451,62,158,OnTime,96,Medium Long,Poor
7075,Delta,3139,132,115,OnTime,-17,Medium Long,Poor
7076,Lufthansa,2574,19,133,Delayed,114,Short Haul,Poor
7077,Emirates,5752,159,20,Delayed,-139,Medium Long,Good
7078,Delta,10183,149,83,OnTime,-66,Long Haul,Poor
7079,Delta,5489,110,50,OnTime,-60,Medium Long,Poor
7080,Indigo,704,88,82,Delayed,-6,Short Haul,Poor
7081,Indigo,4176,21,173,Delayed,152,Medium Long,Poor
7082,Indigo,10238,66,136,Delayed,70,Long Haul,Poor
7083,Indigo,3075,148,80,Delayed,-68,Medium Long,Poor
7084,Indigo,8347,125,165,Delayed,40,Long Haul,Poor
7085,Indigo,1447,168,175,OnTime,7,Short Haul,Poor
7086,Delta,5768,112,129,OnTime,17,Medium Long,Poor
7087,Indigo,5377,45,84,OnTime,39,Medium Long,Poor
7088,Indigo,8630,152,107,Delayed,-45,Long Haul,Poor
7089,Delta,9153,47,20,Delayed,-27,Long Haul,Good
7090,Indigo,10489,25,169,OnTime,144,Long Haul,Poor
7091,Indigo,10043,14,68,OnTime,54,Long Haul,Poor
7092,Lufthansa,771,65,121,OnTime,56,Short Haul,Poor
7093,Delta,8283,73,102,Delayed,29,Long Haul,Poor
7094,Lufthansa,6520,162,57,OnTime,-105,Medium Long,Poor
7095,Indigo,7005,170,103,OnTime,-67,Long Haul,Poor
7096,Emirates,5237,122,184,OnTime,62,Medium Long,Poor
7097,Emirates,11924,4,38,OnTime,34,Long Haul,Poor
7098,Indigo,3976,7,74,OnTime,67,Medium Long,Poor
7099,Delta,3347,125,15,OnTime,-110,Medium Long,Good
7100,Emirates,4538,50,29,OnTime,-21,Medium Long,Good
7101,Emirates,2905,129,126,OnTime,-3,Short Haul,Poor
7102,Emirates,11917,63,5,OnTime,-58,Long Haul,Good
7103,Indigo,422,9,62,Delayed,53,Short Haul,Poor
7104,Delta,7312,124,19,OnTime,-105,Long Haul,Good
7105,Lufthansa,5314,61,144,Delayed,83,Medium Long,Poor
7106,Lufthansa,7623,6,127,OnTime,121,Long Haul,Poor
7107,Emirates,5711,144,37,OnTime,-107,Medium Long,Poor
7108,Delta,3569,179,150,OnTime,-29,Medium Long,Poor
7109,Emirates,9986,96,155,OnTime,59,Long Haul,Poor
7110,Emirates,11884,164,70,OnTime,-94,Long Haul,Poor
7111,Delta,10355,81,34,Delayed,-47,Long Haul,Poor
7112,Delta,1719,155,143,Delayed,-12,Short Haul,Poor
7113,Indigo,10089,41,65,OnTime,24,Long Haul,Poor
7114,Lufthansa,3748,16,103,Delayed,87,Medium Long,Poor
7115,Lufthansa,343,87,8,Delayed,-79,Short Haul,Good
7116,Delta,517,97,21,OnTime,-76,Short Haul,Good
7117,Emirates,1678,111,43,Delayed,-68,Short Haul,Poor
7118,Emirates,5490,148,96,OnTime,-52,Medium Long,Poor
7119,Emirates,1072,66,170,OnTime,104,Short Haul,Poor
7120,Emirates,4951,158,3,OnTime,-155,Medium Long,Good
7121,Delta,9605,67,139,OnTime,72,Long Haul,Poor
7122,Emirates,691,18,104,Delayed,86,Short Haul,Poor
7123,Delta,5203,23,185,Delayed,162,Medium Long,Poor
7124,Emirates,848,6,94,OnTime,88,Short Haul,Poor
7125,Emirates,5354,32,107,OnTime,75,Medium Long,Poor
7126,Lufthansa,6450,149,84,Delayed,-65,Medium Long,Poor
7127,Lufthansa,7070,15,87,OnTime,72,Long Haul,Poor
7128,Indigo,11934,9,26,Delayed,17,Long Haul,Good
7129,Emirates,7232,68,154,Delayed,86,Long Haul,Poor
7130,Emirates,10194,102,98,OnTime,-4,Long Haul,Poor
7131,Emirates,2625,146,106,OnTime,-40,Short Haul,Poor
7132,Lufthansa,6557,92,118,Delayed,26,Medium Long,Poor
7133,Indigo,3063,66,120,OnTime,54,Medium Long,Poor
7134,Emirates,8211,72,92,OnTime,20,Long Haul,Poor
7135,Lufthansa,6901,47,117,OnTime,70,Medium Long,Poor
7136,Delta,2413,95,65,Delayed,-30,Short Haul,Poor
7137,Delta,2042,139,46,OnTime,-93,Short Haul,Poor
7138,Lufthansa,9266,41,60,OnTime,19,Long Haul,Poor
7139,Indigo,960,125,73,OnTime,-52,Short Haul,Poor
7140,Indigo,4172,91,113,OnTime,22,Medium Long,Poor
7141,Delta,3895,7,29,Delayed,22,Medium Long,Good
7142,Delta,2590,80,119,OnTime,39,Short Haul,Poor
7143,Lufthansa,8036,112,121,Delayed,9,Long Haul,Poor
7144,Lufthansa,1229,176,34,OnTime,-142,Short Haul,Poor
7145,Indigo,7024,11,193,OnTime,182,Long Haul,Poor
7146,Lufthansa,7203,171,161,Delayed,-10,Long Haul,Poor
7147,Lufthansa,9280,103,53,Delayed,-50,Long Haul,Poor
7148,Indigo,2251,122,184,Delayed,62,Short Haul,Poor
7149,Emirates,8329,157,122,OnTime,-35,Long Haul,Poor
7150,Lufthansa,11265,85,76,OnTime,-9,Long Haul,Poor
7151,Lufthansa,9139,75,1,OnTime,-74,Long Haul,Good
7152,Emirates,6076,25,58,Delayed,33,Medium Long,Poor
7153,Lufthansa,8729,63,112,OnTime,49,Long Haul,Poor
7154,Emirates,1320,47,53,Delayed,6,Short Haul,Poor
7155,Emirates,4874,32,51,OnTime,19,Medium Long,Poor
7156,Lufthansa,7119,168,84,Delayed,-84,Long Haul,Poor
7157,Lufthansa,1880,105,152,OnTime,47,Short Haul,Poor
7158,Lufthansa,2011,142,108,Delayed,-34,Short Haul,Poor
7159,Lufthansa,7804,129,17,Delayed,-112,Long Haul,Good
7160,Lufthansa,3826,82,36,OnTime,-46,Medium Long,Poor
7161,Lufthansa,5909,110,65,Delayed,-45,Medium Long,Poor
7162,Emirates,10293,111,46,Delayed,-65,Long Haul,Poor
7163,Delta,7231,55,2,Delayed,-53,Long Haul,Good
7164,Emirates,8445,167,23,Delayed,-144,Long Haul,Good
7165,Delta,566,63,0,OnTime,-63,Short Haul,Good
7166,Emirates,1498,179,175,Delayed,-4,Short Haul,Poor
7167,Delta,2355,34,130,Delayed,96,Short Haul,Poor
7168,Emirates,537,91,17,OnTime,-74,Short Haul,Good
7169,Indigo,2190,107,61,OnTime,-46,Short Haul,Poor
7170,Indigo,6810,155,107,Delayed,-48,Medium Long,Poor
7171,Lufthansa,7387,145,121,OnTime,-24,Long Haul,Poor
7172,Delta,3111,148,162,OnTime,14,Medium Long,Poor
7173,Lufthansa,2404,4,198,Delayed,194,Short Haul,Poor
7174,Indigo,7166,41,170,OnTime,129,Long Haul,Poor
7175,Lufthansa,2031,144,139,Delayed,-5,Short Haul,Poor
7176,Delta,11718,37,137,OnTime,100,Long Haul,Poor
7177,Emirates,1607,82,154,Delayed,72,Short Haul,Poor
7178,Delta,9004,51,114,OnTime,63,Long Haul,Poor
7179,Lufthansa,10255,48,82,OnTime,34,Long Haul,Poor
7180,Delta,4792,176,65,OnTime,-111,Medium Long,Poor
7181,Lufthansa,6719,56,75,OnTime,19,Medium Long,Poor
7182,Indigo,4510,172,34,Delayed,-138,Medium Long,Poor
7183,Delta,5147,39,180,OnTime,141,Medium Long,Poor
7184,Delta,1878,92,61,Delayed,-31,Short Haul,Poor
7185,Indigo,7737,99,65,Delayed,-34,Long Haul,Poor
7186,Delta,5224,19,2,Delayed,-17,Medium Long,Good
7187,Emirates,2629,91,183,Delayed,92,Short Haul,Poor
7188,Delta,11271,144,128,OnTime,-16,Long Haul,Poor
7189,Indigo,798,107,14,Delayed,-93,Short Haul,Good
7190,Delta,4016,27,124,OnTime,97,Medium Long,Poor
7191,Emirates,8313,168,53,OnTime,-115,Long Haul,Poor
7192,Emirates,7718,84,2,OnTime,-82,Long Haul,Good
7193,Indigo,6951,141,141,OnTime,0,Medium Long,Poor
7194,Emirates,2149,138,104,OnTime,-34,Short Haul,Poor
7195,Emirates,3975,102,37,Delayed,-65,Medium Long,Poor
7196,Indigo,6808,36,195,OnTime,159,Medium Long,Poor
7197,Indigo,3310,56,141,Delayed,85,Medium Long,Poor
7198,Emirates,6856,109,33,Delayed,-76,Medium Long,Poor
7199,Indigo,9145,71,32,OnTime,-39,Long Haul,Poor
7200,Delta,9342,94,199,OnTime,105,Long Haul,Poor
7201,Lufthansa,3570,102,100,Delayed,-2,Medium Long,Poor
7202,Emirates,8544,175,18,Delayed,-157,Long Haul,Good
7203,Emirates,4978,12,11,OnTime,-1,Medium Long,Good
7204,Emirates,8549,112,85,Delayed,-27,Long Haul,Poor
7205,Indigo,7255,7,27,OnTime,20,Long Haul,Good
7206,Lufthansa,4521,64,121,OnTime,57,Medium Long,Poor
7207,Delta,8534,42,171,OnTime,129,Long Haul,Poor
7208,Emirates,9483,158,151,OnTime,-7,Long Haul,Poor
7209,Lufthansa,6564,142,95,OnTime,-47,Medium Long,Poor
7210,Emirates,1189,6,181,OnTime,175,Short Haul,Poor
7211,Indigo,9387,74,57,OnTime,-17,Long Haul,Poor
7212,Lufthansa,11308,165,78,OnTime,-87,Long Haul,Poor
7213,Indigo,7200,168,144,Delayed,-24,Long Haul,Poor
7214,Delta,3251,96,156,Delayed,60,Medium Long,Poor
7215,Delta,860,93,105,Delayed,12,Short Haul,Poor
7216,Emirates,6038,30,110,OnTime,80,Medium Long,Poor
7217,Lufthansa,5532,43,151,Delayed,108,Medium Long,Poor
7218,Delta,11666,101,173,OnTime,72,Long Haul,Poor
7219,Emirates,7537,70,126,Delayed,56,Long Haul,Poor
7220,Delta,10202,112,85,Delayed,-27,Long Haul,Poor
7221,Emirates,4114,29,109,Delayed,80,Medium Long,Poor
7222,Indigo,1615,31,108,OnTime,77,Short Haul,Poor
7223,Emirates,9625,157,179,Delayed,22,Long Haul,Poor
7224,Indigo,5667,139,64,Delayed,-75,Medium Long,Poor
7225,Lufthansa,6777,145,142,Delayed,-3,Medium Long,Poor
7226,Indigo,912,67,133,Delayed,66,Short Haul,Poor
7227,Emirates,7470,113,51,OnTime,-62,Long Haul,Poor
7228,Lufthansa,3853,96,65,Delayed,-31,Medium Long,Poor
7229,Lufthansa,723,41,40,Delayed,-1,Short Haul,Poor
7230,Emirates,673,33,101,Delayed,68,Short Haul,Poor
7231,Delta,2161,0,150,OnTime,150,Short Haul,Poor
7232,Delta,7554,177,195,Delayed,18,Long Haul,Poor
7233,Emirates,11380,84,96,OnTime,12,Long Haul,Poor
7234,Indigo,3453,122,159,Delayed,37,Medium Long,Poor
7235,Indigo,10397,114,185,OnTime,71,Long Haul,Poor
7236,Emirates,3991,12,182,Delayed,170,Medium Long,Poor
7237,Lufthansa,8955,69,130,Delayed,61,Long Haul,Poor
7238,Indigo,1838,87,172,Delayed,85,Short Haul,Poor
7239,Lufthansa,2918,162,100,OnTime,-62,Short Haul,Poor
7240,Delta,1125,65,70,Delayed,5,Short Haul,Poor
7241,Emirates,4461,157,84,Delayed,-73,Medium Long,Poor
7242,Delta,1540,67,53,Delayed,-14,Short Haul,Poor
7243,Delta,7339,62,109,OnTime,47,Long Haul,Poor
7244,Indigo,6852,43,55,OnTime,12,Medium Long,Poor
7245,Delta,6322,132,11,Delayed,-121,Medium Long,Good
7246,Emirates,11457,166,73,OnTime,-93,Long Haul,Poor
7247,Delta,1909,61,110,Delayed,49,Short Haul,Poor
7248,Emirates,2240,136,167,OnTime,31,Short Haul,Poor
7249,Emirates,10449,125,28,Delayed,-97,Long Haul,Good
7250,Lufthansa,8869,120,77,Delayed,-43,Long Haul,Poor
7251,Delta,1511,107,69,OnTime,-38,Short Haul,Poor
7252,Indigo,9705,147,62,Delayed,-85,Long Haul,Poor
7253,Delta,11552,65,197,Delayed,132,Long Haul,Poor
7254,Delta,2052,155,32,OnTime,-123,Short Haul,Poor
7255,Indigo,1966,108,176,Delayed,68,Short Haul,Poor
7256,Emirates,9552,176,43,OnTime,-133,Long Haul,Poor
7257,Emirates,5417,51,136,OnTime,85,Medium Long,Poor
7258,Lufthansa,5655,53,132,Delayed,79,Medium Long,Poor
7259,Lufthansa,1234,143,75,Delayed,-68,Short Haul,Poor
7260,Indigo,9132,82,82,Delayed,0,Long Haul,Poor
7261,Lufthansa,6348,96,15,OnTime,-81,Medium Long,Good
7262,Lufthansa,9705,27,163,OnTime,136,Long Haul,Poor
7263,Lufthansa,9164,143,135,Delayed,-8,Long Haul,Poor
7264,Emirates,7789,168,18,Delayed,-150,Long Haul,Good
7265,Delta,11471,49,152,OnTime,103,Long Haul,Poor
7266,Indigo,5182,13,188,Delayed,175,Medium Long,Poor
7267,Emirates,1282,67,158,OnTime,91,Short Haul,Poor
7268,Indigo,7569,143,143,Delayed,0,Long Haul,Poor
7269,Indigo,11256,52,30,OnTime,-22,Long Haul,Good
7270,Lufthansa,5404,78,196,Delayed,118,Medium Long,Poor
7271,Emirates,9475,52,147,OnTime,95,Long Haul,Poor
7272,Emirates,1315,10,116,Delayed,106,Short Haul,Poor
7273,Indigo,5246,80,34,Delayed,-46,Medium Long,Poor
7274,Indigo,1531,125,109,Delayed,-16,Short Haul,Poor
7275,Emirates,7512,66,183,OnTime,117,Long Haul,Poor
7276,Emirates,5895,94,180,Delayed,86,Medium Long,Poor
7277,Delta,9498,86,160,Delayed,74,Long Haul,Poor
7278,Lufthansa,286,44,120,Delayed,76,Short Haul,Poor
7279,Emirates,1681,69,35,Delayed,-34,Short Haul,Poor
7280,Delta,7350,103,136,OnTime,33,Long Haul,Poor
7281,Lufthansa,7824,163,83,OnTime,-80,Long Haul,Poor
7282,Delta,11088,0,175,Delayed,175,Long Haul,Poor
7283,Emirates,3958,76,98,OnTime,22,Medium Long,Poor
7284,Lufthansa,8013,57,91,OnTime,34,Long Haul,Poor
7285,Emirates,9302,26,169,Delayed,143,Long Haul,Poor
7286,Delta,8192,165,88,Delayed,-77,Long Haul,Poor
7287,Indigo,919,65,46,OnTime,-19,Short Haul,Poor
7288,Indigo,6714,177,13,OnTime,-164,Medium Long,Good
7289,Delta,1003,150,11,Delayed,-139,Short Haul,Good
7290,Lufthansa,7563,92,120,Delayed,28,Long Haul,Poor
7291,Emirates,4241,149,147,Delayed,-2,Medium Long,Poor
7292,Emirates,901,179,7,OnTime,-172,Short Haul,Good
7293,Delta,5012,173,21,Delayed,-152,Medium Long,Good
7294,Emirates,3034,141,33,OnTime,-108,Medium Long,Poor
7295,Emirates,6629,131,135,Delayed,4,Medium Long,Poor
7296,Indigo,6703,2,149,Delayed,147,Medium Long,Poor
7297,Indigo,611,62,103,OnTime,41,Short Haul,Poor
7298,Delta,7734,51,90,Delayed,39,Long Haul,Poor
7299,Emirates,2147,142,107,OnTime,-35,Short Haul,Poor
7300,Lufthansa,3284,89,80,OnTime,-9,Medium Long,Poor
7301,Lufthansa,6836,72,146,Delayed,74,Medium Long,Poor
7302,Emirates,1021,96,13,OnTime,-83,Short Haul,Good
7303,Emirates,11442,46,129,Delayed,83,Long Haul,Poor
7304,Delta,8977,18,137,OnTime,119,Long Haul,Poor
7305,Lufthansa,1956,169,97,Delayed,-72,Short Haul,Poor
7306,Emirates,7534,161,175,Delayed,14,Long Haul,Poor
7307,Lufthansa,6021,72,133,OnTime,61,Medium Long,Poor
7308,Indigo,8404,75,95,Delayed,20,Long Haul,Poor
7309,Indigo,3304,98,38,Delayed,-60,Medium Long,Poor
7310,Indigo,11422,123,107,Delayed,-16,Long Haul,Poor
7311,Indigo,5363,42,33,OnTime,-9,Medium Long,Poor
7312,Delta,2757,169,103,OnTime,-66,Short Haul,Poor
7313,Emirates,11917,82,33,Delayed,-49,Long Haul,Poor
7314,Lufthansa,1986,31,177,Delayed,146,Short Haul,Poor
7315,Emirates,9019,81,168,OnTime,87,Long Haul,Poor
7316,Delta,8398,13,178,OnTime,165,Long Haul,Poor
7317,Delta,5385,3,86,Delayed,83,Medium Long,Poor
7318,Emirates,6750,89,19,OnTime,-70,Medium Long,Good
7319,Indigo,8324,92,182,Delayed,90,Long Haul,Poor
7320,Indigo,10364,122,16,OnTime,-106,Long Haul,Good
7321,Indigo,7716,14,13,Delayed,-1,Long Haul,Good
7322,Indigo,10062,156,49,OnTime,-107,Long Haul,Poor
7323,Emirates,7966,44,165,OnTime,121,Long Haul,Poor
7324,Emirates,9650,81,139,Delayed,58,Long Haul,Poor
7325,Delta,520,45,165,OnTime,120,Short Haul,Poor
7326,Lufthansa,795,15,147,OnTime,132,Short Haul,Poor
7327,Delta,11420,85,105,OnTime,20,Long Haul,Poor
7328,Emirates,6943,150,57,OnTime,-93,Medium Long,Poor
7329,Lufthansa,915,176,62,Delayed,-114,Short Haul,Poor
7330,Indigo,3053,78,26,Delayed,-52,Medium Long,Good
7331,Indigo,1861,62,59,OnTime,-3,Short Haul,Poor
7332,Emirates,6079,44,86,OnTime,42,Medium Long,Poor
7333,Indigo,11385,34,7,OnTime,-27,Long Haul,Good
7334,Emirates,9974,35,109,OnTime,74,Long Haul,Poor
7335,Lufthansa,2592,162,9,Delayed,-153,Short Haul,Good
7336,Indigo,4824,122,117,Delayed,-5,Medium Long,Poor
7337,Emirates,11315,110,90,OnTime,-20,Long Haul,Poor
7338,Indigo,377,135,119,Delayed,-16,Short Haul,Poor
7339,Emirates,10626,4,137,Delayed,133,Long Haul,Poor
7340,Delta,4766,94,43,OnTime,-51,Medium Long,Poor
7341,Lufthansa,7851,30,35,Delayed,5,Long Haul,Poor
7342,Emirates,2720,22,104,Delayed,82,Short Haul,Poor
7343,Emirates,3202,29,137,OnTime,108,Medium Long,Poor
7344,Indigo,2731,14,42,Delayed,28,Short Haul,Poor
7345,Emirates,7823,5,49,OnTime,44,Long Haul,Poor
7346,Delta,2194,90,196,Delayed,106,Short Haul,Poor
7347,Lufthansa,1880,22,195,OnTime,173,Short Haul,Poor
7348,Lufthansa,1941,55,146,Delayed,91,Short Haul,Poor
7349,Delta,2655,86,43,OnTime,-43,Short Haul,Poor
7350,Lufthansa,2214,82,28,Delayed,-54,Short Haul,Good
7351,Indigo,7828,163,57,OnTime,-106,Long Haul,Poor
7352,Indigo,906,126,30,OnTime,-96,Short Haul,Good
7353,Lufthansa,726,34,183,Delayed,149,Short Haul,Poor
7354,Lufthansa,8243,44,106,OnTime,62,Long Haul,Poor
7355,Delta,11043,167,152,OnTime,-15,Long Haul,Poor
7356,Lufthansa,3127,159,95,OnTime,-64,Medium Long,Poor
7357,Delta,8631,17,165,OnTime,148,Long Haul,Poor
7358,Lufthansa,11463,75,27,Delayed,-48,Long Haul,Good
7359,Lufthansa,5984,143,90,Delayed,-53,Medium Long,Poor
7360,Lufthansa,11213,3,92,Delayed,89,Long Haul,Poor
7361,Lufthansa,9983,92,16,OnTime,-76,Long Haul,Good
7362,Emirates,1847,176,68,OnTime,-108,Short Haul,Poor
7363,Emirates,2395,31,14,OnTime,-17,Short Haul,Good
7364,Indigo,7609,65,151,Delayed,86,Long Haul,Poor
7365,Emirates,6550,25,119,OnTime,94,Medium Long,Poor
7366,Emirates,5852,11,157,OnTime,146,Medium Long,Poor
7367,Emirates,625,51,101,OnTime,50,Short Haul,Poor
7368,Delta,10452,177,173,OnTime,-4,Long Haul,Poor
7369,Lufthansa,4681,51,67,OnTime,16,Medium Long,Poor
7370,Lufthansa,9824,5,175,OnTime,170,Long Haul,Poor
7371,Lufthansa,465,71,42,OnTime,-29,Short Haul,Poor
7372,Delta,2554,25,155,Delayed,130,Short Haul,Poor
7373,Indigo,11231,145,196,Delayed,51,Long Haul,Poor
7374,Lufthansa,7479,64,163,OnTime,99,Long Haul,Poor
7375,Indigo,3263,28,185,Delayed,157,Medium Long,Poor
7376,Lufthansa,7791,27,63,Delayed,36,Long Haul,Poor
7377,Delta,11456,53,68,OnTime,15,Long Haul,Poor
7378,Lufthansa,10484,49,89,OnTime,40,Long Haul,Poor
7379,Delta,4436,25,13,Delayed,-12,Medium Long,Good
7380,Lufthansa,8107,78,37,Delayed,-41,Long Haul,Poor
7381,Lufthansa,6610,164,163,Delayed,-1,Medium Long,Poor
7382,Lufthansa,2761,118,74,OnTime,-44,Short Haul,Poor
7383,Indigo,4692,17,138,Delayed,121,Medium Long,Poor
7384,Delta,9498,109,86,Delayed,-23,Long Haul,Poor
7385,Emirates,8858,92,134,OnTime,42,Long Haul,Poor
7386,Emirates,11457,174,59,OnTime,-115,Long Haul,Poor
7387,Emirates,10806,75,164,OnTime,89,Long Haul,Poor
7388,Indigo,2572,105,104,OnTime,-1,Short Haul,Poor
7389,Lufthansa,2949,86,101,OnTime,15,Short Haul,Poor
7390,Delta,2246,137,186,OnTime,49,Short Haul,Poor
7391,Indigo,3148,95,140,OnTime,45,Medium Long,Poor
7392,Emirates,3630,104,63,Delayed,-41,Medium Long,Poor
7393,Emirates,7318,126,179,OnTime,53,Long Haul,Poor
7394,Delta,7511,166,109,Delayed,-57,Long Haul,Poor
7395,Emirates,5488,112,4,OnTime,-108,Medium Long,Good
7396,Delta,9485,176,173,OnTime,-3,Long Haul,Poor
7397,Delta,335,1,50,Delayed,49,Short Haul,Poor
7398,Delta,4624,52,70,OnTime,18,Medium Long,Poor
7399,Delta,3275,37,146,Delayed,109,Medium Long,Poor
7400,Emirates,6963,60,143,OnTime,83,Medium Long,Poor
7401,Lufthansa,4378,135,141,Delayed,6,Medium Long,Poor
7402,Emirates,8694,110,106,Delayed,-4,Long Haul,Poor
7403,Indigo,8311,179,148,OnTime,-31,Long Haul,Poor
7404,Delta,8239,56,146,Delayed,90,Long Haul,Poor
7405,Indigo,10300,76,26,Delayed,-50,Long Haul,Good
7406,Lufthansa,3894,150,21,OnTime,-129,Medium Long,Good
7407,Delta,10526,118,65,Delayed,-53,Long Haul,Poor
7408,Lufthansa,6909,29,19,OnTime,-10,Medium Long,Good
7409,Delta,1596,95,186,Delayed,91,Short Haul,Poor
7410,Indigo,4270,80,45,OnTime,-35,Medium Long,Poor
7411,Lufthansa,6460,75,194,OnTime,119,Medium Long,Poor
7412,Emirates,8792,8,73,OnTime,65,Long Haul,Poor
7413,Emirates,1820,129,142,OnTime,13,Short Haul,Poor
7414,Lufthansa,8149,166,34,Delayed,-132,Long Haul,Poor
7415,Indigo,1187,106,28,OnTime,-78,Short Haul,Good
7416,Indigo,4535,70,73,OnTime,3,Medium Long,Poor
7417,Indigo,10194,176,91,Delayed,-85,Long Haul,Poor
7418,Delta,6251,131,135,Delayed,4,Medium Long,Poor
7419,Indigo,596,174,94,OnTime,-80,Short Haul,Poor
7420,Emirates,1239,59,63,Delayed,4,Short Haul,Poor
7421,Indigo,6876,42,198,OnTime,156,Medium Long,Poor
7422,Indigo,9030,109,71,OnTime,-38,Long Haul,Poor
7423,Emirates,11350,165,139,OnTime,-26,Long Haul,Poor
7424,Indigo,1702,9,65,OnTime,56,Short Haul,Poor
7425,Lufthansa,2798,1,132,Delayed,131,Short Haul,Poor
7426,Indigo,5974,11,49,Delayed,38,Medium Long,Poor
7427,Lufthansa,9557,24,198,OnTime,174,Long Haul,Poor
7428,Lufthansa,4033,13,179,Delayed,166,Medium Long,Poor
7429,Emirates,6713,110,142,OnTime,32,Medium Long,Poor
7430,Lufthansa,2597,163,103,OnTime,-60,Short Haul,Poor
7431,Emirates,3757,90,139,OnTime,49,Medium Long,Poor
7432,Indigo,11173,91,132,Delayed,41,Long Haul,Poor
7433,Lufthansa,532,152,181,Delayed,29,Short Haul,Poor
7434,Delta,11444,101,117,Delayed,16,Long Haul,Poor
7435,Lufthansa,9152,69,190,OnTime,121,Long Haul,Poor
7436,Indigo,3597,80,125,OnTime,45,Medium Long,Poor
7437,Emirates,6600,140,96,OnTime,-44,Medium Long,Poor
7438,Emirates,8172,98,174,OnTime,76,Long Haul,Poor
7439,Emirates,3060,69,60,Delayed,-9,Medium Long,Poor
7440,Delta,8212,30,68,Delayed,38,Long Haul,Poor
7441,Indigo,1500,140,34,OnTime,-106,Short Haul,Poor
7442,Indigo,10442,172,120,Delayed,-52,Long Haul,Poor
7443,Emirates,7726,171,120,Delayed,-51,Long Haul,Poor
7444,Delta,3288,77,72,Delayed,-5,Medium Long,Poor
7445,Lufthansa,10472,14,123,Delayed,109,Long Haul,Poor
7446,Emirates,11561,117,186,Delayed,69,Long Haul,Poor
7447,Emirates,1900,97,12,Delayed,-85,Short Haul,Good
7448,Indigo,1732,133,0,OnTime,-133,Short Haul,Good
7449,Emirates,4798,54,189,Delayed,135,Medium Long,Poor
7450,Lufthansa,8418,140,31,Delayed,-109,Long Haul,Poor
7451,Delta,1282,43,86,OnTime,43,Short Haul,Poor
7452,Delta,624,74,114,Delayed,40,Short Haul,Poor
7453,Emirates,2894,117,131,Delayed,14,Short Haul,Poor
7454,Indigo,11708,143,154,Delayed,11,Long Haul,Poor
7455,Indigo,477,72,177,Delayed,105,Short Haul,Poor
7456,Indigo,4948,109,88,OnTime,-21,Medium Long,Poor
7457,Lufthansa,8841,19,118,OnTime,99,Long Haul,Poor
7458,Delta,9076,118,30,Delayed,-88,Long Haul,Good
7459,Lufthansa,9352,123,150,Delayed,27,Long Haul,Poor
7460,Emirates,9668,31,138,OnTime,107,Long Haul,Poor
7461,Emirates,9805,162,126,Delayed,-36,Long Haul,Poor
7462,Emirates,8402,36,95,Delayed,59,Long Haul,Poor
7463,Lufthansa,11288,4,42,Delayed,38,Long Haul,Poor
7464,Delta,1460,39,143,OnTime,104,Short Haul,Poor
7465,Delta,499,73,116,Delayed,43,Short Haul,Poor
7466,Emirates,6044,99,56,Delayed,-43,Medium Long,Poor
7467,Lufthansa,5818,92,11,Delayed,-81,Medium Long,Good
7468,Indigo,10047,67,60,Delayed,-7,Long Haul,Poor
7469,Indigo,4787,50,48,Delayed,-2,Medium Long,Poor
7470,Indigo,6070,27,45,Delayed,18,Medium Long,Poor
7471,Emirates,8248,2,164,OnTime,162,Long Haul,Poor
7472,Indigo,809,41,77,Delayed,36,Short Haul,Poor
7473,Lufthansa,1133,139,138,OnTime,-1,Short Haul,Poor
7474,Delta,2388,100,48,Delayed,-52,Short Haul,Poor
7475,Delta,7041,1,111,Delayed,110,Long Haul,Poor
7476,Emirates,7000,71,109,OnTime,38,Long Haul,Poor
7477,Lufthansa,11651,157,181,OnTime,24,Long Haul,Poor
7478,Delta,575,44,17,Delayed,-27,Short Haul,Good
7479,Emirates,5414,27,101,Delayed,74,Medium Long,Poor
7480,Indigo,9181,168,152,Delayed,-16,Long Haul,Poor
7481,Indigo,6178,78,139,OnTime,61,Medium Long,Poor
7482,Emirates,11462,28,88,Delayed,60,Long Haul,Poor
7483,Indigo,8254,107,106,Delayed,-1,Long Haul,Poor
7484,Delta,11327,175,122,OnTime,-53,Long Haul,Poor
7485,Emirates,5998,11,6,OnTime,-5,Medium Long,Good
7486,Emirates,4683,84,5,OnTime,-79,Medium Long,Good
7487,Delta,1647,159,25,OnTime,-134,Short Haul,Good
7488,Emirates,11624,111,105,Delayed,-6,Long Haul,Poor
7489,Delta,8040,35,114,Delayed,79,Long Haul,Poor
7490,Indigo,7418,59,186,Delayed,127,Long Haul,Poor
7491,Lufthansa,6860,23,126,Delayed,103,Medium Long,Poor
7492,Lufthansa,2259,117,41,Delayed,-76,Short Haul,Poor
7493,Emirates,1299,55,24,Delayed,-31,Short Haul,Good
7494,Indigo,6481,0,140,Delayed,140,Medium Long,Poor
7495,Lufthansa,665,101,160,OnTime,59,Short Haul,Poor
7496,Emirates,4209,30,52,Delayed,22,Medium Long,Poor
7497,Lufthansa,8594,74,74,Delayed,0,Long Haul,Poor
7498,Indigo,6079,39,105,Delayed,66,Medium Long,Poor
7499,Indigo,2563,99,64,Delayed,-35,Short Haul,Poor
7500,Indigo,5076,178,7,Delayed,-171,Medium Long,Good
7501,Delta,8342,62,139,OnTime,77,Long Haul,Poor
7502,Lufthansa,6677,128,128,Delayed,0,Medium Long,Poor
7503,Indigo,249,1,137,Delayed,136,Short Haul,Poor
7504,Lufthansa,5026,155,76,OnTime,-79,Medium Long,Poor
7505,Delta,9446,154,140,OnTime,-14,Long Haul,Poor
7506,Indigo,5515,128,4,Delayed,-124,Medium Long,Good
7507,Indigo,5895,27,30,OnTime,3,Medium Long,Good
7508,Lufthansa,5789,70,138,Delayed,68,Medium Long,Poor
7509,Lufthansa,10183,70,11,OnTime,-59,Long Haul,Good
7510,Indigo,6272,127,197,Delayed,70,Medium Long,Poor
7511,Delta,1702,110,106,Delayed,-4,Short Haul,Poor
7512,Emirates,10251,143,80,Delayed,-63,Long Haul,Poor
7513,Indigo,9050,67,81,OnTime,14,Long Haul,Poor
7514,Lufthansa,10085,12,15,OnTime,3,Long Haul,Good
7515,Lufthansa,11447,71,59,Delayed,-12,Long Haul,Poor
7516,Indigo,11461,15,172,Delayed,157,Long Haul,Poor
7517,Indigo,6547,14,116,Delayed,102,Medium Long,Poor
7518,Lufthansa,9818,7,128,OnTime,121,Long Haul,Poor
7519,Indigo,11838,81,30,OnTime,-51,Long Haul,Good
7520,Delta,4011,114,116,Delayed,2,Medium Long,Poor
7521,Delta,1927,17,198,OnTime,181,Short Haul,Poor
7522,Delta,7093,154,98,Delayed,-56,Long Haul,Poor
7523,Emirates,6342,60,197,Delayed,137,Medium Long,Poor
7524,Indigo,9042,84,163,Delayed,79,Long Haul,Poor
7525,Delta,5211,23,29,Delayed,6,Medium Long,Good
7526,Indigo,3650,1,169,OnTime,168,Medium Long,Poor
7527,Delta,4137,35,14,OnTime,-21,Medium Long,Good
7528,Delta,8536,30,41,OnTime,11,Long Haul,Poor
7529,Delta,5370,149,128,OnTime,-21,Medium Long,Poor
7530,Indigo,2637,64,82,Delayed,18,Short Haul,Poor
7531,Indigo,2301,173,189,Delayed,16,Short Haul,Poor
7532,Delta,2318,12,148,OnTime,136,Short Haul,Poor
7533,Indigo,11765,26,191,OnTime,165,Long Haul,Poor
7534,Indigo,10315,177,21,Delayed,-156,Long Haul,Good
7535,Delta,6080,141,77,OnTime,-64,Medium Long,Poor
7536,Indigo,7202,74,114,Delayed,40,Long Haul,Poor
7537,Delta,11762,128,91,OnTime,-37,Long Haul,Poor
7538,Indigo,8214,170,11,Delayed,-159,Long Haul,Good
7539,Emirates,8548,80,50,Delayed,-30,Long Haul,Poor
7540,Delta,11158,74,5,OnTime,-69,Long Haul,Good
7541,Lufthansa,4378,124,33,OnTime,-91,Medium Long,Poor
7542,Emirates,6433,21,138,OnTime,117,Medium Long,Poor
7543,Lufthansa,7837,154,169,Delayed,15,Long Haul,Poor
7544,Lufthansa,10721,69,83,Delayed,14,Long Haul,Poor
7545,Delta,7553,54,195,OnTime,141,Long Haul,Poor
7546,Indigo,9296,91,37,Delayed,-54,Long Haul,Poor
7547,Emirates,11375,99,51,OnTime,-48,Long Haul,Poor
7548,Lufthansa,5485,96,98,OnTime,2,Medium Long,Poor
7549,Delta,11126,68,107,Delayed,39,Long Haul,Poor
7550,Delta,3620,5,172,OnTime,167,Medium Long,Poor
7551,Lufthansa,720,30,12,OnTime,-18,Short Haul,Good
7552,Lufthansa,5366,75,51,Delayed,-24,Medium Long,Poor
7553,Emirates,1568,39,160,OnTime,121,Short Haul,Poor
7554,Indigo,10661,91,143,Delayed,52,Long Haul,Poor
7555,Emirates,8691,166,18,Delayed,-148,Long Haul,Good
7556,Emirates,11052,75,45,Delayed,-30,Long Haul,Poor
7557,Delta,1653,168,177,Delayed,9,Short Haul,Poor
7558,Emirates,6231,14,175,Delayed,161,Medium Long,Poor
7559,Indigo,7500,111,21,Delayed,-90,Long Haul,Good
7560,Indigo,5158,117,150,Delayed,33,Medium Long,Poor
7561,Lufthansa,10713,170,154,Delayed,-16,Long Haul,Poor
7562,Delta,8959,90,144,OnTime,54,Long Haul,Poor
7563,Lufthansa,3027,13,199,Delayed,186,Medium Long,Poor
7564,Delta,9885,49,172,OnTime,123,Long Haul,Poor
7565,Delta,5858,18,191,Delayed,173,Medium Long,Poor
7566,Lufthansa,7647,176,79,OnTime,-97,Long Haul,Poor
7567,Indigo,4558,104,190,OnTime,86,Medium Long,Poor
7568,Indigo,3631,115,139,OnTime,24,Medium Long,Poor
7569,Emirates,1451,145,19,Delayed,-126,Short Haul,Good
7570,Indigo,8803,76,4,OnTime,-72,Long Haul,Good
7571,Indigo,6116,152,27,Delayed,-125,Medium Long,Good
7572,Delta,9021,40,10,Delayed,-30,Long Haul,Good
7573,Lufthansa,6810,25,110,OnTime,85,Medium Long,Poor
7574,Emirates,5651,131,119,Delayed,-12,Medium Long,Poor
7575,Lufthansa,3722,40,121,OnTime,81,Medium Long,Poor
7576,Emirates,1417,134,78,OnTime,-56,Short Haul,Poor
7577,Emirates,664,146,197,Delayed,51,Short Haul,Poor
7578,Delta,216,108,29,OnTime,-79,Short Haul,Good
7579,Delta,4619,148,143,OnTime,-5,Medium Long,Poor
7580,Emirates,9401,59,112,OnTime,53,Long Haul,Poor
7581,Indigo,901,156,187,Delayed,31,Short Haul,Poor
7582,Emirates,6692,171,81,Delayed,-90,Medium Long,Poor
7583,Delta,4125,12,63,Delayed,51,Medium Long,Poor
7584,Delta,4560,179,119,Delayed,-60,Medium Long,Poor
7585,Emirates,11316,150,31,Delayed,-119,Long Haul,Poor
7586,Indigo,474,40,127,Delayed,87,Short Haul,Poor
7587,Indigo,5696,55,127,OnTime,72,Medium Long,Poor
7588,Emirates,500,68,182,Delayed,114,Short Haul,Poor
7589,Indigo,5231,120,147,OnTime,27,Medium Long,Poor
7590,Emirates,4372,138,73,OnTime,-65,Medium Long,Poor
7591,Emirates,7977,172,164,OnTime,-8,Long Haul,Poor
7592,Lufthansa,8553,77,29,OnTime,-48,Long Haul,Good
7593,Delta,529,91,41,Delayed,-50,Short Haul,Poor
7594,Emirates,716,136,8,OnTime,-128,Short Haul,Good
7595,Delta,3496,119,113,OnTime,-6,Medium Long,Poor
7596,Indigo,490,83,84,OnTime,1,Short Haul,Poor
7597,Indigo,3724,177,116,OnTime,-61,Medium Long,Poor
7598,Delta,11550,67,199,OnTime,132,Long Haul,Poor
7599,Emirates,9290,130,87,OnTime,-43,Long Haul,Poor
7600,Emirates,9845,97,29,Delayed,-68,Long Haul,Good
7601,Indigo,10650,86,60,Delayed,-26,Long Haul,Poor
7602,Delta,11995,43,73,Delayed,30,Long Haul,Poor
7603,Emirates,1592,131,155,OnTime,24,Short Haul,Poor
7604,Delta,8848,150,64,Delayed,-86,Long Haul,Poor
7605,Indigo,10806,25,167,Delayed,142,Long Haul,Poor
7606,Indigo,5257,38,67,OnTime,29,Medium Long,Poor
7607,Indigo,5646,80,170,Delayed,90,Medium Long,Poor
7608,Emirates,9704,4,42,Delayed,38,Long Haul,Poor
7609,Lufthansa,10596,34,27,OnTime,-7,Long Haul,Good
7610,Delta,9145,163,35,OnTime,-128,Long Haul,Poor
7611,Indigo,3438,129,159,OnTime,30,Medium Long,Poor
7612,Lufthansa,11061,105,1,OnTime,-104,Long Haul,Good
7613,Lufthansa,3463,171,165,OnTime,-6,Medium Long,Poor
7614,Emirates,11288,18,144,OnTime,126,Long Haul,Poor
7615,Emirates,11724,34,132,Delayed,98,Long Haul,Poor
7616,Delta,593,57,112,Delayed,55,Short Haul,Poor
7617,Delta,11676,177,47,Delayed,-130,Long Haul,Poor
7618,Indigo,7196,170,3,OnTime,-167,Long Haul,Good
7619,Delta,2894,71,49,OnTime,-22,Short Haul,Poor
7620,Emirates,6965,100,140,Delayed,40,Medium Long,Poor
7621,Lufthansa,10966,36,56,Delayed,20,Long Haul,Poor
7622,Lufthansa,5932,70,40,Delayed,-30,Medium Long,Poor
7623,Delta,3568,152,152,OnTime,0,Medium Long,Poor
7624,Delta,941,126,186,Delayed,60,Short Haul,Poor
7625,Lufthansa,6568,145,106,Delayed,-39,Medium Long,Poor
7626,Emirates,7018,35,189,OnTime,154,Long Haul,Poor
7627,Emirates,8488,64,193,Delayed,129,Long Haul,Poor
7628,Delta,9991,92,95,OnTime,3,Long Haul,Poor
7629,Lufthansa,6925,64,184,OnTime,120,Medium Long,Poor
7630,Delta,2758,179,103,OnTime,-76,Short Haul,Poor
7631,Delta,8973,137,33,Delayed,-104,Long Haul,Poor
7632,Indigo,4641,104,76,OnTime,-28,Medium Long,Poor
7633,Emirates,8936,17,126,Delayed,109,Long Haul,Poor
7634,Lufthansa,4423,122,116,Delayed,-6,Medium Long,Poor
7635,Delta,11692,105,155,Delayed,50,Long Haul,Poor
7636,Lufthansa,8585,64,39,OnTime,-25,Long Haul,Poor
7637,Lufthansa,8797,35,167,OnTime,132,Long Haul,Poor
7638,Delta,8598,75,169,OnTime,94,Long Haul,Poor
7639,Lufthansa,7701,117,0,Delayed,-117,Long Haul,Good
7640,Lufthansa,6829,98,158,OnTime,60,Medium Long,Poor
7641,Emirates,5823,35,149,Delayed,114,Medium Long,Poor
7642,Lufthansa,11321,163,92,OnTime,-71,Long Haul,Poor
7643,Delta,2331,94,101,OnTime,7,Short Haul,Poor
7644,Delta,4740,108,180,OnTime,72,Medium Long,Poor
7645,Indigo,2745,49,189,Delayed,140,Short Haul,Poor
7646,Emirates,9668,134,39,Delayed,-95,Long Haul,Poor
7647,Indigo,1686,133,113,Delayed,-20,Short Haul,Poor
7648,Lufthansa,864,6,149,Delayed,143,Short Haul,Poor
7649,Indigo,220,175,185,Delayed,10,Short Haul,Poor
7650,Delta,6135,16,121,Delayed,105,Medium Long,Poor
7651,Indigo,6995,48,109,Delayed,61,Medium Long,Poor
7652,Delta,5248,143,35,OnTime,-108,Medium Long,Poor
7653,Delta,4727,164,118,OnTime,-46,Medium Long,Poor
7654,Lufthansa,10384,121,3,OnTime,-118,Long Haul,Good
7655,Delta,8399,70,4,Delayed,-66,Long Haul,Good
7656,Delta,10549,167,87,OnTime,-80,Long Haul,Poor
7657,Delta,3884,150,158,OnTime,8,Medium Long,Poor
7658,Indigo,222,20,176,OnTime,156,Short Haul,Poor
7659,Indigo,10032,76,45,OnTime,-31,Long Haul,Poor
7660,Indigo,11617,59,189,OnTime,130,Long Haul,Poor
7661,Indigo,2238,71,133,OnTime,62,Short Haul,Poor
7662,Emirates,6302,175,9,Delayed,-166,Medium Long,Good
7663,Delta,8326,65,195,OnTime,130,Long Haul,Poor
7664,Indigo,1664,61,21,Delayed,-40,Short Haul,Good
7665,Lufthansa,6782,167,8,OnTime,-159,Medium Long,Good
7666,Lufthansa,1735,81,186,OnTime,105,Short Haul,Poor
7667,Delta,9276,28,93,Delayed,65,Long Haul,Poor
7668,Lufthansa,8421,179,145,Delayed,-34,Long Haul,Poor
7669,Delta,2011,22,97,Delayed,75,Short Haul,Poor
7670,Delta,5843,76,58,OnTime,-18,Medium Long,Poor
7671,Emirates,5075,169,88,OnTime,-81,Medium Long,Poor
7672,Lufthansa,11411,9,130,Delayed,121,Long Haul,Poor
7673,Lufthansa,6992,1,52,OnTime,51,Medium Long,Poor
7674,Lufthansa,11848,37,22,Delayed,-15,Long Haul,Good
7675,Lufthansa,9808,105,54,OnTime,-51,Long Haul,Poor
7676,Emirates,4217,48,165,Delayed,117,Medium Long,Poor
7677,Emirates,687,106,182,OnTime,76,Short Haul,Poor
7678,Indigo,11749,162,128,OnTime,-34,Long Haul,Poor
7679,Indigo,5971,51,3,OnTime,-48,Medium Long,Good
7680,Emirates,1297,53,124,Delayed,71,Short Haul,Poor
7681,Indigo,3171,154,87,Delayed,-67,Medium Long,Poor
7682,Delta,11430,91,146,Delayed,55,Long Haul,Poor
7683,Indigo,6712,177,53,Delayed,-124,Medium Long,Poor
7684,Delta,5376,15,1,Delayed,-14,Medium Long,Good
7685,Delta,2357,93,154,OnTime,61,Short Haul,Poor
7686,Lufthansa,7759,18,18,OnTime,0,Long Haul,Good
7687,Emirates,274,12,181,OnTime,169,Short Haul,Poor
7688,Indigo,2784,134,87,Delayed,-47,Short Haul,Poor
7689,Lufthansa,11861,52,72,Delayed,20,Long Haul,Poor
7690,Emirates,2977,133,2,OnTime,-131,Short Haul,Good
7691,Emirates,2277,173,142,OnTime,-31,Short Haul,Poor
7692,Delta,3503,177,111,OnTime,-66,Medium Long,Poor
7693,Delta,6133,75,78,Delayed,3,Medium Long,Poor
7694,Emirates,2695,89,89,OnTime,0,Short Haul,Poor
7695,Lufthansa,971,116,81,Delayed,-35,Short Haul,Poor
7696,Lufthansa,11206,33,13,OnTime,-20,Long Haul,Good
7697,Indigo,8126,50,90,Delayed,40,Long Haul,Poor
7698,Delta,11580,28,153,Delayed,125,Long Haul,Poor
7699,Indigo,4106,141,151,Delayed,10,Medium Long,Poor
7700,Lufthansa,1248,111,44,OnTime,-67,Short Haul,Poor
7701,Indigo,11617,135,170,Delayed,35,Long Haul,Poor
7702,Delta,8270,16,17,OnTime,1,Long Haul,Good
7703,Emirates,1308,42,151,Delayed,109,Short Haul,Poor
7704,Delta,3243,85,90,OnTime,5,Medium Long,Poor
7705,Indigo,4985,16,74,OnTime,58,Medium Long,Poor
7706,Lufthansa,4726,10,70,OnTime,60,Medium Long,Poor
7707,Indigo,1872,49,80,OnTime,31,Short Haul,Poor
7708,Delta,4997,79,40,OnTime,-39,Medium Long,Poor
7709,Lufthansa,7370,56,74,OnTime,18,Long Haul,Poor
7710,Delta,9900,10,196,OnTime,186,Long Haul,Poor
7711,Delta,9929,63,140,Delayed,77,Long Haul,Poor
7712,Emirates,3764,9,33,OnTime,24,Medium Long,Poor
7713,Indigo,1115,58,34,Delayed,-24,Short Haul,Poor
7714,Emirates,9324,163,44,Delayed,-119,Long Haul,Poor
7715,Indigo,1840,114,72,Delayed,-42,Short Haul,Poor
7716,Lufthansa,9313,76,22,OnTime,-54,Long Haul,Good
7717,Emirates,11618,145,99,Delayed,-46,Long Haul,Poor
7718,Indigo,6086,59,87,OnTime,28,Medium Long,Poor
7719,Lufthansa,10097,147,91,Delayed,-56,Long Haul,Poor
7720,Emirates,11723,82,27,OnTime,-55,Long Haul,Good
7721,Delta,597,124,133,OnTime,9,Short Haul,Poor
7722,Emirates,5154,119,41,OnTime,-78,Medium Long,Poor
7723,Lufthansa,5614,82,139,OnTime,57,Medium Long,Poor
7724,Indigo,7689,68,63,Delayed,-5,Long Haul,Poor
7725,Indigo,10299,171,45,OnTime,-126,Long Haul,Poor
7726,Indigo,11808,160,71,Delayed,-89,Long Haul,Poor
7727,Emirates,9676,96,13,OnTime,-83,Long Haul,Good
7728,Lufthansa,4102,37,62,OnTime,25,Medium Long,Poor
7729,Delta,675,170,39,Delayed,-131,Short Haul,Poor
7730,Delta,1527,127,30,OnTime,-97,Short Haul,Good
7731,Lufthansa,11833,76,184,Delayed,108,Long Haul,Poor
7732,Emirates,1422,157,33,Delayed,-124,Short Haul,Poor
7733,Delta,11250,10,159,OnTime,149,Long Haul,Poor
7734,Delta,9644,175,153,Delayed,-22,Long Haul,Poor
7735,Indigo,7172,35,74,Delayed,39,Long Haul,Poor
7736,Emirates,7202,93,181,OnTime,88,Long Haul,Poor
7737,Lufthansa,2506,117,1,Delayed,-116,Short Haul,Good
7738,Indigo,7715,173,123,OnTime,-50,Long Haul,Poor
7739,Indigo,6007,20,93,OnTime,73,Medium Long,Poor
7740,Indigo,2141,30,117,Delayed,87,Short Haul,Poor
7741,Emirates,4894,31,189,OnTime,158,Medium Long,Poor
7742,Delta,4394,113,189,OnTime,76,Medium Long,Poor
7743,Indigo,1065,120,52,Delayed,-68,Short Haul,Poor
7744,Emirates,4870,95,86,Delayed,-9,Medium Long,Poor
7745,Delta,861,64,19,Delayed,-45,Short Haul,Good
7746,Indigo,4678,107,63,OnTime,-44,Medium Long,Poor
7747,Indigo,637,90,114,Delayed,24,Short Haul,Poor
7748,Indigo,7237,111,171,OnTime,60,Long Haul,Poor
7749,Indigo,7906,132,6,Delayed,-126,Long Haul,Good
7750,Indigo,6400,90,180,Delayed,90,Medium Long,Poor
7751,Lufthansa,6034,34,181,Delayed,147,Medium Long,Poor
7752,Emirates,3678,97,187,Delayed,90,Medium Long,Poor
7753,Lufthansa,5811,87,101,Delayed,14,Medium Long,Poor
7754,Lufthansa,4080,95,90,OnTime,-5,Medium Long,Poor
7755,Emirates,8590,161,88,OnTime,-73,Long Haul,Poor
7756,Emirates,7529,149,93,Delayed,-56,Long Haul,Poor
7757,Lufthansa,8463,80,70,Delayed,-10,Long Haul,Poor
7758,Emirates,2665,83,158,Delayed,75,Short Haul,Poor
7759,Lufthansa,4932,173,90,OnTime,-83,Medium Long,Poor
7760,Indigo,7842,133,69,OnTime,-64,Long Haul,Poor
7761,Emirates,9264,93,154,Delayed,61,Long Haul,Poor
7762,Delta,7454,12,82,OnTime,70,Long Haul,Poor
7763,Lufthansa,8245,16,74,OnTime,58,Long Haul,Poor
7764,Emirates,4837,71,112,Delayed,41,Medium Long,Poor
7765,Lufthansa,8784,41,109,Delayed,68,Long Haul,Poor
7766,Delta,9697,173,188,Delayed,15,Long Haul,Poor
7767,Delta,7081,172,38,OnTime,-134,Long Haul,Poor
7768,Emirates,5928,43,143,Delayed,100,Medium Long,Poor
7769,Indigo,6118,109,108,Delayed,-1,Medium Long,Poor
7770,Emirates,3297,56,116,Delayed,60,Medium Long,Poor
7771,Delta,4812,50,127,Delayed,77,Medium Long,Poor
7772,Emirates,8327,19,157,Delayed,138,Long Haul,Poor
7773,Emirates,6909,69,78,Delayed,9,Medium Long,Poor
7774,Indigo,11149,165,160,OnTime,-5,Long Haul,Poor
7775,Indigo,989,102,123,Delayed,21,Short Haul,Poor
7776,Emirates,5770,166,197,Delayed,31,Medium Long,Poor
7777,Emirates,1213,63,121,OnTime,58,Short Haul,Poor
7778,Delta,1893,149,140,Delayed,-9,Short Haul,Poor
7779,Delta,10227,144,67,OnTime,-77,Long Haul,Poor
7780,Emirates,2247,6,53,Delayed,47,Short Haul,Poor
7781,Lufthansa,1458,118,147,Delayed,29,Short Haul,Poor
7782,Lufthansa,5515,114,19,OnTime,-95,Medium Long,Good
7783,Delta,4335,105,51,OnTime,-54,Medium Long,Poor
7784,Lufthansa,815,83,20,OnTime,-63,Short Haul,Good
7785,Emirates,7735,110,15,Delayed,-95,Long Haul,Good
7786,Delta,2724,40,115,OnTime,75,Short Haul,Poor
7787,Indigo,8114,145,189,OnTime,44,Long Haul,Poor
7788,Lufthansa,9844,95,6,Delayed,-89,Long Haul,Good
7789,Lufthansa,9171,40,189,Delayed,149,Long Haul,Poor
7790,Delta,4090,145,21,Delayed,-124,Medium Long,Good
7791,Lufthansa,10368,37,42,Delayed,5,Long Haul,Poor
7792,Indigo,8791,51,155,Delayed,104,Long Haul,Poor
7793,Delta,4126,81,179,OnTime,98,Medium Long,Poor
7794,Delta,9271,151,7,OnTime,-144,Long Haul,Good
7795,Indigo,11126,156,64,Delayed,-92,Long Haul,Poor
7796,Delta,11101,128,78,OnTime,-50,Long Haul,Poor
7797,Indigo,11420,133,89,Delayed,-44,Long Haul,Poor
7798,Indigo,8708,140,94,Delayed,-46,Long Haul,Poor
7799,Delta,3489,79,193,OnTime,114,Medium Long,Poor
7800,Delta,277,52,180,Delayed,128,Short Haul,Poor
7801,Emirates,11741,28,66,OnTime,38,Long Haul,Poor
7802,Lufthansa,6482,62,58,OnTime,-4,Medium Long,Poor
7803,Delta,8703,169,77,Delayed,-92,Long Haul,Poor
7804,Indigo,2791,37,184,OnTime,147,Short Haul,Poor
7805,Lufthansa,9709,171,130,Delayed,-41,Long Haul,Poor
7806,Lufthansa,2883,79,81,Delayed,2,Short Haul,Poor
7807,Lufthansa,10054,14,157,OnTime,143,Long Haul,Poor
7808,Emirates,7076,126,43,OnTime,-83,Long Haul,Poor
7809,Emirates,4562,175,31,OnTime,-144,Medium Long,Poor
7810,Indigo,976,126,150,OnTime,24,Short Haul,Poor
7811,Lufthansa,2186,0,19,Delayed,19,Short Haul,Good
7812,Emirates,9122,156,135,OnTime,-21,Long Haul,Poor
7813,Delta,726,55,79,OnTime,24,Short Haul,Poor
7814,Emirates,4983,26,95,Delayed,69,Medium Long,Poor
7815,Lufthansa,4004,23,159,Delayed,136,Medium Long,Poor
7816,Lufthansa,4907,168,2,Delayed,-166,Medium Long,Good
7817,Indigo,5645,161,175,OnTime,14,Medium Long,Poor
7818,Delta,10137,21,86,Delayed,65,Long Haul,Poor
7819,Emirates,5280,147,84,OnTime,-63,Medium Long,Poor
7820,Delta,4005,129,63,OnTime,-66,Medium Long,Poor
7821,Lufthansa,6165,153,14,Delayed,-139,Medium Long,Good
7822,Emirates,4450,162,37,OnTime,-125,Medium Long,Poor
7823,Delta,11191,16,88,OnTime,72,Long Haul,Poor
7824,Indigo,386,126,49,OnTime,-77,Short Haul,Poor
7825,Emirates,748,141,72,OnTime,-69,Short Haul,Poor
7826,Delta,9936,93,112,Delayed,19,Long Haul,Poor
7827,Lufthansa,4158,109,54,Delayed,-55,Medium Long,Poor
7828,Emirates,1898,177,103,Delayed,-74,Short Haul,Poor
7829,Lufthansa,8297,56,157,OnTime,101,Long Haul,Poor
7830,Delta,3392,135,140,Delayed,5,Medium Long,Poor
7831,Emirates,11749,1,188,OnTime,187,Long Haul,Poor
7832,Lufthansa,5940,169,106,Delayed,-63,Medium Long,Poor
7833,Indigo,10641,20,58,Delayed,38,Long Haul,Poor
7834,Lufthansa,8626,133,173,Delayed,40,Long Haul,Poor
7835,Delta,4698,176,174,Delayed,-2,Medium Long,Poor
7836,Lufthansa,2326,25,61,Delayed,36,Short Haul,Poor
7837,Emirates,874,106,129,Delayed,23,Short Haul,Poor
7838,Indigo,4786,166,111,OnTime,-55,Medium Long,Poor
7839,Delta,7958,151,122,Delayed,-29,Long Haul,Poor
7840,Lufthansa,4769,42,173,Delayed,131,Medium Long,Poor
7841,Delta,1224,102,84,OnTime,-18,Short Haul,Poor
7842,Delta,11387,49,83,Delayed,34,Long Haul,Poor
7843,Indigo,3415,46,34,Delayed,-12,Medium Long,Poor
7844,Indigo,9512,119,90,OnTime,-29,Long Haul,Poor
7845,Indigo,9999,122,120,Delayed,-2,Long Haul,Poor
7846,Indigo,2533,47,186,Delayed,139,Short Haul,Poor
7847,Indigo,2774,110,34,Delayed,-76,Short Haul,Poor
7848,Indigo,2769,37,76,OnTime,39,Short Haul,Poor
7849,Delta,8663,1,173,OnTime,172,Long Haul,Poor
7850,Delta,368,102,59,Delayed,-43,Short Haul,Poor
7851,Delta,6332,134,72,OnTime,-62,Medium Long,Poor
7852,Indigo,9091,15,75,OnTime,60,Long Haul,Poor
7853,Indigo,4351,177,53,OnTime,-124,Medium Long,Poor
7854,Lufthansa,5154,35,71,OnTime,36,Medium Long,Poor
7855,Emirates,2672,63,142,OnTime,79,Short Haul,Poor
7856,Indigo,8471,96,166,OnTime,70,Long Haul,Poor
7857,Indigo,7522,140,69,Delayed,-71,Long Haul,Poor
7858,Lufthansa,2555,120,17,OnTime,-103,Short Haul,Good
7859,Delta,1888,119,156,Delayed,37,Short Haul,Poor
7860,Delta,9971,79,165,Delayed,86,Long Haul,Poor
7861,Lufthansa,11886,179,148,OnTime,-31,Long Haul,Poor
7862,Indigo,2913,113,20,OnTime,-93,Short Haul,Good
7863,Indigo,6650,91,168,OnTime,77,Medium Long,Poor
7864,Lufthansa,4652,117,178,Delayed,61,Medium Long,Poor
7865,Emirates,2636,160,2,Delayed,-158,Short Haul,Good
7866,Lufthansa,1798,53,114,OnTime,61,Short Haul,Poor
7867,Indigo,9507,24,147,OnTime,123,Long Haul,Poor
7868,Delta,1477,134,180,Delayed,46,Short Haul,Poor
7869,Lufthansa,3155,31,140,OnTime,109,Medium Long,Poor
7870,Emirates,3950,72,150,OnTime,78,Medium Long,Poor
7871,Lufthansa,10631,53,20,Delayed,-33,Long Haul,Good
7872,Lufthansa,8929,88,65,Delayed,-23,Long Haul,Poor
7873,Indigo,964,164,146,Delayed,-18,Short Haul,Poor
7874,Indigo,6689,26,48,Delayed,22,Medium Long,Poor
7875,Lufthansa,9297,71,54,Delayed,-17,Long Haul,Poor
7876,Indigo,6432,42,191,OnTime,149,Medium Long,Poor
7877,Emirates,8679,18,12,Delayed,-6,Long Haul,Good
7878,Delta,631,52,154,OnTime,102,Short Haul,Poor
7879,Lufthansa,2360,36,146,Delayed,110,Short Haul,Poor
7880,Delta,11426,27,179,OnTime,152,Long Haul,Poor
7881,Lufthansa,5269,17,129,Delayed,112,Medium Long,Poor
7882,Indigo,10253,62,110,OnTime,48,Long Haul,Poor
7883,Indigo,1109,72,26,OnTime,-46,Short Haul,Good
7884,Lufthansa,1271,31,151,Delayed,120,Short Haul,Poor
7885,Indigo,6012,11,15,OnTime,4,Medium Long,Good
7886,Indigo,8332,156,1,OnTime,-155,Long Haul,Good
7887,Indigo,7373,115,141,Delayed,26,Long Haul,Poor
7888,Emirates,3881,149,67,Delayed,-82,Medium Long,Poor
7889,Lufthansa,7998,65,159,OnTime,94,Long Haul,Poor
7890,Lufthansa,1088,108,12,Delayed,-96,Short Haul,Good
7891,Emirates,709,57,113,Delayed,56,Short Haul,Poor
7892,Indigo,11561,26,171,Delayed,145,Long Haul,Poor
7893,Indigo,4449,80,103,Delayed,23,Medium Long,Poor
7894,Lufthansa,727,90,118,Delayed,28,Short Haul,Poor
7895,Emirates,7763,166,65,OnTime,-101,Long Haul,Poor
7896,Emirates,8637,67,30,OnTime,-37,Long Haul,Good
7897,Indigo,2673,136,165,Delayed,29,Short Haul,Poor
7898,Delta,5833,10,57,OnTime,47,Medium Long,Poor
7899,Delta,2929,60,35,OnTime,-25,Short Haul,Poor
7900,Indigo,739,19,77,Delayed,58,Short Haul,Poor
7901,Indigo,9353,91,31,OnTime,-60,Long Haul,Poor
7902,Lufthansa,5117,66,184,Delayed,118,Medium Long,Poor
7903,Lufthansa,11614,119,25,Delayed,-94,Long Haul,Good
7904,Delta,11445,124,193,OnTime,69,Long Haul,Poor
7905,Indigo,4483,91,104,OnTime,13,Medium Long,Poor
7906,Emirates,11210,14,50,Delayed,36,Long Haul,Poor
7907,Delta,11250,142,170,OnTime,28,Long Haul,Poor
7908,Lufthansa,1752,97,38,Delayed,-59,Short Haul,Poor
7909,Emirates,6865,5,1,OnTime,-4,Medium Long,Good
7910,Emirates,6216,58,127,Delayed,69,Medium Long,Poor
7911,Indigo,11770,101,27,Delayed,-74,Long Haul,Good
7912,Delta,6028,125,171,Delayed,46,Medium Long,Poor
7913,Lufthansa,9502,89,106,Delayed,17,Long Haul,Poor
7914,Lufthansa,9933,167,126,Delayed,-41,Long Haul,Poor
7915,Indigo,7160,87,67,Delayed,-20,Long Haul,Poor
7916,Emirates,7704,174,195,Delayed,21,Long Haul,Poor
7917,Emirates,870,33,18,Delayed,-15,Short Haul,Good
7918,Indigo,9733,85,97,Delayed,12,Long Haul,Poor
7919,Lufthansa,8464,170,31,OnTime,-139,Long Haul,Poor
7920,Emirates,2082,86,76,OnTime,-10,Short Haul,Poor
7921,Lufthansa,10047,37,118,Delayed,81,Long Haul,Poor
7922,Indigo,821,173,149,Delayed,-24,Short Haul,Poor
7923,Emirates,9142,106,126,OnTime,20,Long Haul,Poor
7924,Lufthansa,2915,44,58,Delayed,14,Short Haul,Poor
7925,Lufthansa,1738,56,119,OnTime,63,Short Haul,Poor
7926,Lufthansa,7690,38,72,Delayed,34,Long Haul,Poor
7927,Lufthansa,1678,52,198,OnTime,146,Short Haul,Poor
7928,Emirates,10329,67,67,OnTime,0,Long Haul,Poor
7929,Delta,11885,18,109,Delayed,91,Long Haul,Poor
7930,Indigo,2891,90,129,Delayed,39,Short Haul,Poor
7931,Emirates,735,165,17,OnTime,-148,Short Haul,Good
7932,Delta,7303,177,16,OnTime,-161,Long Haul,Good
7933,Delta,4511,159,91,OnTime,-68,Medium Long,Poor
7934,Delta,714,38,104,Delayed,66,Short Haul,Poor
7935,Delta,9587,118,162,OnTime,44,Long Haul,Poor
7936,Emirates,8959,10,22,OnTime,12,Long Haul,Good
7937,Emirates,3252,35,58,Delayed,23,Medium Long,Poor
7938,Delta,8748,172,53,OnTime,-119,Long Haul,Poor
7939,Emirates,10719,101,170,Delayed,69,Long Haul,Poor
7940,Indigo,7336,150,21,OnTime,-129,Long Haul,Good
7941,Emirates,3339,146,186,Delayed,40,Medium Long,Poor
7942,Lufthansa,4720,83,63,OnTime,-20,Medium Long,Poor
7943,Lufthansa,7289,93,59,Delayed,-34,Long Haul,Poor
7944,Indigo,8957,140,101,OnTime,-39,Long Haul,Poor
7945,Delta,1367,109,54,OnTime,-55,Short Haul,Poor
7946,Emirates,1049,42,84,Delayed,42,Short Haul,Poor
7947,Emirates,315,55,53,Delayed,-2,Short Haul,Poor
7948,Lufthansa,11571,14,41,Delayed,27,Long Haul,Poor
7949,Indigo,11353,102,98,OnTime,-4,Long Haul,Poor
7950,Lufthansa,9542,135,41,Delayed,-94,Long Haul,Poor
7951,Emirates,7203,74,192,Delayed,118,Long Haul,Poor
7952,Indigo,11311,95,141,Delayed,46,Long Haul,Poor
7953,Emirates,2269,39,74,OnTime,35,Short Haul,Poor
7954,Delta,2435,133,154,Delayed,21,Short Haul,Poor
7955,Indigo,3992,156,129,Delayed,-27,Medium Long,Poor
7956,Indigo,10048,168,105,Delayed,-63,Long Haul,Poor
7957,Indigo,1717,14,194,Delayed,180,Short Haul,Poor
7958,Emirates,9918,125,187,OnTime,62,Long Haul,Poor
7959,Indigo,7231,97,196,Delayed,99,Long Haul,Poor
7960,Lufthansa,9316,35,32,Delayed,-3,Long Haul,Poor
7961,Delta,6252,168,111,Delayed,-57,Medium Long,Poor
7962,Indigo,8727,111,54,Delayed,-57,Long Haul,Poor
7963,Emirates,10680,86,118,Delayed,32,Long Haul,Poor
7964,Lufthansa,7525,37,17,Delayed,-20,Long Haul,Good
7965,Emirates,11591,16,89,Delayed,73,Long Haul,Poor
7966,Indigo,1660,165,5,OnTime,-160,Short Haul,Good
7967,Lufthansa,1687,57,17,OnTime,-40,Short Haul,Good
7968,Lufthansa,9549,28,173,OnTime,145,Long Haul,Poor
7969,Delta,7471,115,80,OnTime,-35,Long Haul,Poor
7970,Emirates,3346,81,115,OnTime,34,Medium Long,Poor
7971,Delta,819,136,172,Delayed,36,Short Haul,Poor
7972,Indigo,2745,141,126,Delayed,-15,Short Haul,Poor
7973,Emirates,5077,157,166,Delayed,9,Medium Long,Poor
7974,Delta,11342,85,5,Delayed,-80,Long Haul,Good
7975,Emirates,6926,14,180,OnTime,166,Medium Long,Poor
7976,Lufthansa,1997,0,43,OnTime,43,Short Haul,Poor
7977,Indigo,6198,95,4,OnTime,-91,Medium Long,Good
7978,Delta,2041,175,47,Delayed,-128,Short Haul,Poor
7979,Delta,11142,177,186,Delayed,9,Long Haul,Poor
7980,Lufthansa,10413,93,12,OnTime,-81,Long Haul,Good
7981,Emirates,4490,93,42,Delayed,-51,Medium Long,Poor
7982,Lufthansa,2459,162,25,OnTime,-137,Short Haul,Good
7983,Delta,5980,143,17,OnTime,-126,Medium Long,Good
7984,Lufthansa,8675,65,13,OnTime,-52,Long Haul,Good
7985,Emirates,7261,26,51,OnTime,25,Long Haul,Poor
7986,Delta,11404,34,13,OnTime,-21,Long Haul,Good
7987,Emirates,1098,175,15,Delayed,-160,Short Haul,Good
7988,Indigo,1320,34,106,OnTime,72,Short Haul,Poor
7989,Delta,3995,28,127,Delayed,99,Medium Long,Poor
7990,Lufthansa,740,115,130,Delayed,15,Short Haul,Poor
7991,Lufthansa,5899,177,116,Delayed,-61,Medium Long,Poor
7992,Indigo,11736,49,155,Delayed,106,Long Haul,Poor
7993,Lufthansa,9070,130,110,Delayed,-20,Long Haul,Poor
7994,Delta,341,27,27,OnTime,0,Short Haul,Good
7995,Lufthansa,11216,21,31,OnTime,10,Long Haul,Poor
7996,Delta,4437,54,28,OnTime,-26,Medium Long,Good
7997,Lufthansa,11615,104,110,OnTime,6,Long Haul,Poor
7998,Delta,6267,111,3,Delayed,-108,Medium Long,Good
7999,Lufthansa,10500,59,182,Delayed,123,Long Haul,Poor
8000,Indigo,5795,27,2,Delayed,-25,Medium Long,Good
8001,Delta,2606,149,179,OnTime,30,Short Haul,Poor
8002,Lufthansa,3896,104,134,OnTime,30,Medium Long,Poor
8003,Delta,7205,97,20,Delayed,-77,Long Haul,Good
8004,Emirates,2081,157,22,OnTime,-135,Short Haul,Good
8005,Lufthansa,10989,32,133,Delayed,101,Long Haul,Poor
8006,Lufthansa,1738,132,23,OnTime,-109,Short Haul,Good
8007,Lufthansa,7270,139,123,Delayed,-16,Long Haul,Poor
8008,Emirates,6809,71,5,Delayed,-66,Medium Long,Good
8009,Indigo,2688,156,80,OnTime,-76,Short Haul,Poor
8010,Delta,8457,22,61,OnTime,39,Long Haul,Poor
8011,Indigo,5346,84,193,Delayed,109,Medium Long,Poor
8012,Lufthansa,958,148,127,Delayed,-21,Short Haul,Poor
8013,Lufthansa,8004,48,57,OnTime,9,Long Haul,Poor
8014,Delta,9127,133,30,Delayed,-103,Long Haul,Good
8015,Indigo,6580,126,28,OnTime,-98,Medium Long,Good
8016,Indigo,11316,38,44,OnTime,6,Long Haul,Poor
8017,Emirates,8412,164,81,Delayed,-83,Long Haul,Poor
8018,Delta,2298,104,27,Delayed,-77,Short Haul,Good
8019,Indigo,11724,78,73,Delayed,-5,Long Haul,Poor
8020,Indigo,377,16,77,OnTime,61,Short Haul,Poor
8021,Emirates,11049,81,26,OnTime,-55,Long Haul,Good
8022,Emirates,3533,141,131,Delayed,-10,Medium Long,Poor
8023,Emirates,1412,25,186,OnTime,161,Short Haul,Poor
8024,Delta,11867,45,16,Delayed,-29,Long Haul,Good
8025,Emirates,6571,79,85,Delayed,6,Medium Long,Poor
8026,Emirates,11695,100,50,Delayed,-50,Long Haul,Poor
8027,Delta,11948,163,121,Delayed,-42,Long Haul,Poor
8028,Delta,11624,84,86,Delayed,2,Long Haul,Poor
8029,Emirates,1115,64,72,OnTime,8,Short Haul,Poor
8030,Lufthansa,1611,104,166,Delayed,62,Short Haul,Poor
8031,Delta,10999,87,72,OnTime,-15,Long Haul,Poor
8032,Delta,5517,61,172,Delayed,111,Medium Long,Poor
8033,Indigo,6516,171,8,OnTime,-163,Medium Long,Good
8034,Lufthansa,8506,10,140,OnTime,130,Long Haul,Poor
8035,Delta,5641,30,179,Delayed,149,Medium Long,Poor
8036,Emirates,9421,39,189,Delayed,150,Long Haul,Poor
8037,Lufthansa,2508,170,191,OnTime,21,Short Haul,Poor
8038,Lufthansa,5081,97,192,OnTime,95,Medium Long,Poor
8039,Delta,2716,178,57,Delayed,-121,Short Haul,Poor
8040,Lufthansa,11223,36,115,OnTime,79,Long Haul,Poor
8041,Indigo,3858,116,196,OnTime,80,Medium Long,Poor
8042,Indigo,2225,153,18,OnTime,-135,Short Haul,Good
8043,Emirates,10329,179,35,OnTime,-144,Long Haul,Poor
8044,Lufthansa,3698,46,83,Delayed,37,Medium Long,Poor
8045,Lufthansa,8885,3,5,Delayed,2,Long Haul,Good
8046,Lufthansa,11356,96,130,Delayed,34,Long Haul,Poor
8047,Delta,3051,120,63,Delayed,-57,Medium Long,Poor
8048,Indigo,8068,154,92,Delayed,-62,Long Haul,Poor
8049,Emirates,6743,16,15,Delayed,-1,Medium Long,Good
8050,Emirates,11772,72,110,OnTime,38,Long Haul,Poor
8051,Emirates,9082,8,184,OnTime,176,Long Haul,Poor
8052,Delta,2327,18,56,OnTime,38,Short Haul,Poor
8053,Indigo,2164,161,82,Delayed,-79,Short Haul,Poor
8054,Lufthansa,5543,11,67,OnTime,56,Medium Long,Poor
8055,Lufthansa,11085,119,52,Delayed,-67,Long Haul,Poor
8056,Emirates,8853,60,189,Delayed,129,Long Haul,Poor
8057,Emirates,584,99,110,OnTime,11,Short Haul,Poor
8058,Indigo,816,148,94,Delayed,-54,Short Haul,Poor
8059,Emirates,5074,114,141,OnTime,27,Medium Long,Poor
8060,Indigo,235,79,143,Delayed,64,Short Haul,Poor
8061,Emirates,5405,59,3,OnTime,-56,Medium Long,Good
8062,Emirates,7767,30,176,Delayed,146,Long Haul,Poor
8063,Delta,3902,13,73,Delayed,60,Medium Long,Poor
8064,Delta,2037,35,71,OnTime,36,Short Haul,Poor
8065,Emirates,9584,134,31,OnTime,-103,Long Haul,Poor
8066,Emirates,354,1,3,OnTime,2,Short Haul,Good
8067,Emirates,7440,160,90,Delayed,-70,Long Haul,Poor
8068,Delta,6371,90,126,Delayed,36,Medium Long,Poor
8069,Emirates,203,125,192,OnTime,67,Short Haul,Poor
8070,Emirates,3177,80,180,Delayed,100,Medium Long,Poor
8071,Emirates,4552,35,196,OnTime,161,Medium Long,Poor
8072,Delta,3026,155,73,Delayed,-82,Medium Long,Poor
8073,Emirates,8127,62,103,OnTime,41,Long Haul,Poor
8074,Lufthansa,1466,133,125,OnTime,-8,Short Haul,Poor
8075,Delta,2657,23,17,Delayed,-6,Short Haul,Good
8076,Delta,9243,105,62,Delayed,-43,Long Haul,Poor
8077,Lufthansa,3300,132,71,Delayed,-61,Medium Long,Poor
8078,Indigo,10678,109,108,Delayed,-1,Long Haul,Poor
8079,Lufthansa,10839,39,172,Delayed,133,Long Haul,Poor
8080,Delta,11447,172,117,OnTime,-55,Long Haul,Poor
8081,Indigo,11569,72,124,OnTime,52,Long Haul,Poor
8082,Indigo,1193,93,9,OnTime,-84,Short Haul,Good
8083,Lufthansa,10486,110,10,OnTime,-100,Long Haul,Good
8084,Indigo,10459,98,179,OnTime,81,Long Haul,Poor
8085,Delta,11346,148,88,OnTime,-60,Long Haul,Poor
8086,Emirates,8358,178,109,Delayed,-69,Long Haul,Poor
8087,Delta,6496,122,141,Delayed,19,Medium Long,Poor
8088,Emirates,6891,172,116,Delayed,-56,Medium Long,Poor
8089,Indigo,10634,77,190,Delayed,113,Long Haul,Poor
8090,Delta,2982,86,174,Delayed,88,Short Haul,Poor
8091,Emirates,11588,141,126,OnTime,-15,Long Haul,Poor
8092,Delta,5050,156,31,Delayed,-125,Medium Long,Poor
8093,Delta,2535,45,109,Delayed,64,Short Haul,Poor
8094,Lufthansa,3270,103,144,Delayed,41,Medium Long,Poor
8095,Emirates,9576,129,133,OnTime,4,Long Haul,Poor
8096,Emirates,6746,157,32,Delayed,-125,Medium Long,Poor
8097,Delta,11814,34,65,OnTime,31,Long Haul,Poor
8098,Delta,5616,125,159,Delayed,34,Medium Long,Poor
8099,Delta,5330,144,155,Delayed,11,Medium Long,Poor
8100,Delta,4716,34,193,Delayed,159,Medium Long,Poor
8101,Emirates,11860,98,188,Delayed,90,Long Haul,Poor
8102,Indigo,5307,133,25,OnTime,-108,Medium Long,Good
8103,Delta,1188,47,179,Delayed,132,Short Haul,Poor
8104,Emirates,6317,143,168,OnTime,25,Medium Long,Poor
8105,Emirates,7316,21,160,OnTime,139,Long Haul,Poor
8106,Indigo,5027,47,63,Delayed,16,Medium Long,Poor
8107,Lufthansa,233,150,187,Delayed,37,Short Haul,Poor
8108,Indigo,7409,18,196,OnTime,178,Long Haul,Poor
8109,Lufthansa,8377,82,103,OnTime,21,Long Haul,Poor
8110,Lufthansa,3425,7,36,Delayed,29,Medium Long,Poor
8111,Emirates,10932,84,19,Delayed,-65,Long Haul,Good
8112,Delta,9524,38,145,OnTime,107,Long Haul,Poor
8113,Indigo,7946,161,32,OnTime,-129,Long Haul,Poor
8114,Delta,1352,19,55,Delayed,36,Short Haul,Poor
8115,Emirates,2247,156,48,OnTime,-108,Short Haul,Poor
8116,Emirates,5941,52,162,Delayed,110,Medium Long,Poor
8117,Delta,6504,137,29,Delayed,-108,Medium Long,Good
8118,Emirates,283,174,145,OnTime,-29,Short Haul,Poor
8119,Lufthansa,10894,77,175,OnTime,98,Long Haul,Poor
8120,Emirates,3914,74,63,OnTime,-11,Medium Long,Poor
8121,Emirates,4239,125,30,Delayed,-95,Medium Long,Good
8122,Emirates,2800,150,185,OnTime,35,Short Haul,Poor
8123,Emirates,5354,110,98,OnTime,-12,Medium Long,Poor
8124,Emirates,2472,173,92,Delayed,-81,Short Haul,Poor
8125,Emirates,10709,65,159,OnTime,94,Long Haul,Poor
8126,Indigo,2759,118,127,OnTime,9,Short Haul,Poor
8127,Lufthansa,7529,55,186,Delayed,131,Long Haul,Poor
8128,Delta,8025,45,41,Delayed,-4,Long Haul,Poor
8129,Indigo,5021,23,57,OnTime,34,Medium Long,Poor
8130,Lufthansa,9947,12,179,Delayed,167,Long Haul,Poor
8131,Delta,9576,100,13,Delayed,-87,Long Haul,Good
8132,Indigo,6851,105,151,OnTime,46,Medium Long,Poor
8133,Indigo,10729,107,158,OnTime,51,Long Haul,Poor
8134,Delta,1515,136,35,OnTime,-101,Short Haul,Poor
8135,Delta,7426,6,64,Delayed,58,Long Haul,Poor
8136,Indigo,7556,97,153,OnTime,56,Long Haul,Poor
8137,Delta,5536,35,59,Delayed,24,Medium Long,Poor
8138,Emirates,5382,178,47,OnTime,-131,Medium Long,Poor
8139,Emirates,8618,162,128,Delayed,-34,Long Haul,Poor
8140,Delta,1620,13,164,OnTime,151,Short Haul,Poor
8141,Delta,4284,106,162,OnTime,56,Medium Long,Poor
8142,Delta,5818,152,20,Delayed,-132,Medium Long,Good
8143,Emirates,11507,37,196,OnTime,159,Long Haul,Poor
8144,Lufthansa,7920,151,0,Delayed,-151,Long Haul,Good
8145,Lufthansa,2110,174,9,OnTime,-165,Short Haul,Good
8146,Emirates,6488,97,29,Delayed,-68,Medium Long,Good
8147,Lufthansa,10945,21,171,Delayed,150,Long Haul,Poor
8148,Lufthansa,3937,97,160,OnTime,63,Medium Long,Poor
8149,Delta,6972,112,184,Delayed,72,Medium Long,Poor
8150,Lufthansa,6037,131,86,Delayed,-45,Medium Long,Poor
8151,Indigo,10240,169,78,Delayed,-91,Long Haul,Poor
8152,Emirates,5386,128,152,Delayed,24,Medium Long,Poor
8153,Emirates,8840,43,127,Delayed,84,Long Haul,Poor
8154,Delta,5440,85,74,Delayed,-11,Medium Long,Poor
8155,Indigo,2226,138,83,Delayed,-55,Short Haul,Poor
8156,Indigo,6959,177,94,Delayed,-83,Medium Long,Poor
8157,Delta,6199,113,106,OnTime,-7,Medium Long,Poor
8158,Indigo,3413,111,5,Delayed,-106,Medium Long,Good
8159,Lufthansa,5269,19,177,Delayed,158,Medium Long,Poor
8160,Emirates,6423,4,104,Delayed,100,Medium Long,Poor
8161,Delta,940,96,80,Delayed,-16,Short Haul,Poor
8162,Lufthansa,8316,88,21,OnTime,-67,Long Haul,Good
8163,Indigo,5987,61,51,OnTime,-10,Medium Long,Poor
8164,Delta,581,80,81,OnTime,1,Short Haul,Poor
8165,Indigo,11615,26,147,Delayed,121,Long Haul,Poor
8166,Delta,6761,144,115,OnTime,-29,Medium Long,Poor
8167,Lufthansa,2501,150,73,OnTime,-77,Short Haul,Poor
8168,Delta,3785,95,6,Delayed,-89,Medium Long,Good
8169,Emirates,3543,55,175,Delayed,120,Medium Long,Poor
8170,Emirates,7337,102,172,OnTime,70,Long Haul,Poor
8171,Emirates,1751,27,130,Delayed,103,Short Haul,Poor
8172,Emirates,6625,134,21,OnTime,-113,Medium Long,Good
8173,Lufthansa,5262,174,132,Delayed,-42,Medium Long,Poor
8174,Delta,2886,167,78,OnTime,-89,Short Haul,Poor
8175,Lufthansa,3184,55,31,Delayed,-24,Medium Long,Poor
8176,Indigo,3095,107,166,Delayed,59,Medium Long,Poor
8177,Emirates,11201,133,26,OnTime,-107,Long Haul,Good
8178,Emirates,6443,33,57,Delayed,24,Medium Long,Poor
8179,Emirates,2201,129,142,OnTime,13,Short Haul,Poor
8180,Emirates,2339,45,35,OnTime,-10,Short Haul,Poor
8181,Delta,7189,35,93,Delayed,58,Long Haul,Poor
8182,Delta,9668,74,109,Delayed,35,Long Haul,Poor
8183,Indigo,2383,54,86,OnTime,32,Short Haul,Poor
8184,Emirates,7672,124,75,OnTime,-49,Long Haul,Poor
8185,Lufthansa,1194,42,88,Delayed,46,Short Haul,Poor
8186,Delta,9842,161,38,OnTime,-123,Long Haul,Poor
8187,Emirates,7026,91,15,OnTime,-76,Long Haul,Good
8188,Delta,1652,39,195,OnTime,156,Short Haul,Poor
8189,Emirates,6633,137,65,OnTime,-72,Medium Long,Poor
8190,Indigo,9009,113,65,OnTime,-48,Long Haul,Poor
8191,Lufthansa,4362,33,57,OnTime,24,Medium Long,Poor
8192,Delta,4819,69,161,Delayed,92,Medium Long,Poor
8193,Delta,7870,150,157,Delayed,7,Long Haul,Poor
8194,Delta,5599,32,125,OnTime,93,Medium Long,Poor
8195,Delta,9550,99,73,OnTime,-26,Long Haul,Poor
8196,Delta,2200,18,0,Delayed,-18,Short Haul,Good
8197,Emirates,3024,72,191,Delayed,119,Medium Long,Poor
8198,Emirates,10781,110,103,Delayed,-7,Long Haul,Poor
8199,Lufthansa,1925,25,34,Delayed,9,Short Haul,Poor
8200,Delta,7392,148,0,OnTime,-148,Long Haul,Good
8201,Delta,10205,107,110,Delayed,3,Long Haul,Poor
8202,Delta,915,49,73,Delayed,24,Short Haul,Poor
8203,Lufthansa,11516,80,122,Delayed,42,Long Haul,Poor
8204,Delta,8215,12,64,OnTime,52,Long Haul,Poor
8205,Emirates,2777,18,161,Delayed,143,Short Haul,Poor
8206,Indigo,4857,110,102,Delayed,-8,Medium Long,Poor
8207,Delta,3047,67,121,OnTime,54,Medium Long,Poor
8208,Indigo,6416,55,7,OnTime,-48,Medium Long,Good
8209,Delta,11345,23,196,Delayed,173,Long Haul,Poor
8210,Lufthansa,7987,154,51,OnTime,-103,Long Haul,Poor
8211,Indigo,4901,135,89,OnTime,-46,Medium Long,Poor
8212,Lufthansa,5727,117,16,Delayed,-101,Medium Long,Good
8213,Lufthansa,7060,148,108,OnTime,-40,Long Haul,Poor
8214,Indigo,11936,93,173,Delayed,80,Long Haul,Poor
8215,Delta,6344,51,195,Delayed,144,Medium Long,Poor
8216,Emirates,7401,165,120,Delayed,-45,Long Haul,Poor
8217,Lufthansa,3281,96,133,Delayed,37,Medium Long,Poor
8218,Lufthansa,10251,51,182,Delayed,131,Long Haul,Poor
8219,Indigo,1230,177,98,OnTime,-79,Short Haul,Poor
8220,Delta,9754,141,182,Delayed,41,Long Haul,Poor
8221,Indigo,3513,16,77,OnTime,61,Medium Long,Poor
8222,Delta,10686,131,107,OnTime,-24,Long Haul,Poor
8223,Delta,7037,9,192,Delayed,183,Long Haul,Poor
8224,Delta,577,129,186,Delayed,57,Short Haul,Poor
8225,Indigo,3867,6,158,Delayed,152,Medium Long,Poor
8226,Emirates,7920,92,47,OnTime,-45,Long Haul,Poor
8227,Lufthansa,1017,11,3,OnTime,-8,Short Haul,Good
8228,Emirates,5951,1,48,Delayed,47,Medium Long,Poor
8229,Indigo,10059,19,70,Delayed,51,Long Haul,Poor
8230,Indigo,3260,30,45,OnTime,15,Medium Long,Poor
8231,Delta,3298,108,114,Delayed,6,Medium Long,Poor
8232,Delta,6078,98,98,OnTime,0,Medium Long,Poor
8233,Emirates,7840,19,126,OnTime,107,Long Haul,Poor
8234,Lufthansa,9805,31,39,OnTime,8,Long Haul,Poor
8235,Emirates,8035,87,28,OnTime,-59,Long Haul,Good
8236,Lufthansa,11583,178,190,Delayed,12,Long Haul,Poor
8237,Delta,7640,15,94,Delayed,79,Long Haul,Poor
8238,Emirates,11842,64,161,OnTime,97,Long Haul,Poor
8239,Delta,10911,57,23,Delayed,-34,Long Haul,Good
8240,Emirates,2056,13,169,Delayed,156,Short Haul,Poor
8241,Lufthansa,3900,175,51,OnTime,-124,Medium Long,Poor
8242,Lufthansa,8818,100,116,Delayed,16,Long Haul,Poor
8243,Lufthansa,5635,5,9,Delayed,4,Medium Long,Good
8244,Delta,10792,96,83,Delayed,-13,Long Haul,Poor
8245,Emirates,4688,132,119,OnTime,-13,Medium Long,Poor
8246,Lufthansa,2493,146,2,Delayed,-144,Short Haul,Good
8247,Indigo,1229,100,144,OnTime,44,Short Haul,Poor
8248,Delta,1309,12,60,OnTime,48,Short Haul,Poor
8249,Lufthansa,7745,157,43,OnTime,-114,Long Haul,Poor
8250,Delta,2996,38,130,Delayed,92,Short Haul,Poor
8251,Emirates,571,38,98,OnTime,60,Short Haul,Poor
8252,Delta,6406,46,107,OnTime,61,Medium Long,Poor
8253,Emirates,976,110,125,Delayed,15,Short Haul,Poor
8254,Emirates,1614,80,160,Delayed,80,Short Haul,Poor
8255,Emirates,3148,74,9,OnTime,-65,Medium Long,Good
8256,Indigo,9827,131,198,OnTime,67,Long Haul,Poor
8257,Lufthansa,8980,119,186,OnTime,67,Long Haul,Poor
8258,Lufthansa,11138,110,182,Delayed,72,Long Haul,Poor
8259,Delta,6517,151,132,Delayed,-19,Medium Long,Poor
8260,Delta,11484,22,77,Delayed,55,Long Haul,Poor
8261,Indigo,4949,11,165,OnTime,154,Medium Long,Poor
8262,Lufthansa,11431,140,98,OnTime,-42,Long Haul,Poor
8263,Emirates,6579,137,197,OnTime,60,Medium Long,Poor
8264,Lufthansa,6633,1,0,Delayed,-1,Medium Long,Good
8265,Delta,3377,33,74,Delayed,41,Medium Long,Poor
8266,Lufthansa,8630,147,18,Delayed,-129,Long Haul,Good
8267,Delta,2848,46,29,OnTime,-17,Short Haul,Good
8268,Lufthansa,10343,147,94,Delayed,-53,Long Haul,Poor
8269,Lufthansa,1686,21,178,Delayed,157,Short Haul,Poor
8270,Emirates,10185,156,35,OnTime,-121,Long Haul,Poor
8271,Indigo,973,13,164,Delayed,151,Short Haul,Poor
8272,Delta,1579,151,54,Delayed,-97,Short Haul,Poor
8273,Delta,3074,110,80,OnTime,-30,Medium Long,Poor
8274,Emirates,3114,56,99,Delayed,43,Medium Long,Poor
8275,Indigo,11115,54,18,Delayed,-36,Long Haul,Good
8276,Lufthansa,488,165,131,Delayed,-34,Short Haul,Poor
8277,Lufthansa,11792,134,97,Delayed,-37,Long Haul,Poor
8278,Lufthansa,11972,6,155,Delayed,149,Long Haul,Poor
8279,Delta,10632,11,155,Delayed,144,Long Haul,Poor
8280,Delta,5054,131,138,OnTime,7,Medium Long,Poor
8281,Indigo,5600,12,148,OnTime,136,Medium Long,Poor
8282,Delta,10466,93,54,OnTime,-39,Long Haul,Poor
8283,Indigo,543,3,138,Delayed,135,Short Haul,Poor
8284,Emirates,5637,132,3,Delayed,-129,Medium Long,Good
8285,Emirates,6663,101,20,OnTime,-81,Medium Long,Good
8286,Indigo,2291,25,128,Delayed,103,Short Haul,Poor
8287,Indigo,1563,122,18,OnTime,-104,Short Haul,Good
8288,Lufthansa,3216,96,126,OnTime,30,Medium Long,Poor
8289,Delta,8158,178,46,Delayed,-132,Long Haul,Poor
8290,Emirates,9034,96,3,Delayed,-93,Long Haul,Good
8291,Lufthansa,6070,58,16,OnTime,-42,Medium Long,Good
8292,Lufthansa,8016,20,191,OnTime,171,Long Haul,Poor
8293,Emirates,3412,10,45,OnTime,35,Medium Long,Poor
8294,Indigo,8849,82,118,Delayed,36,Long Haul,Poor
8295,Lufthansa,6070,12,17,Delayed,5,Medium Long,Good
8296,Emirates,6362,29,7,Delayed,-22,Medium Long,Good
8297,Indigo,6839,37,74,Delayed,37,Medium Long,Poor
8298,Delta,7769,132,199,Delayed,67,Long Haul,Poor
8299,Lufthansa,5986,76,12,Delayed,-64,Medium Long,Good
8300,Delta,3896,153,77,Delayed,-76,Medium Long,Poor
8301,Emirates,9204,110,0,Delayed,-110,Long Haul,Good
8302,Emirates,7257,175,34,OnTime,-141,Long Haul,Poor
8303,Indigo,1033,98,11,Delayed,-87,Short Haul,Good
8304,Indigo,4523,146,89,OnTime,-57,Medium Long,Poor
8305,Delta,5078,110,45,OnTime,-65,Medium Long,Poor
8306,Delta,6116,26,146,Delayed,120,Medium Long,Poor
8307,Emirates,1337,98,176,Delayed,78,Short Haul,Poor
8308,Delta,8369,57,97,OnTime,40,Long Haul,Poor
8309,Delta,524,161,130,OnTime,-31,Short Haul,Poor
8310,Indigo,8188,13,123,OnTime,110,Long Haul,Poor
8311,Delta,7186,49,33,Delayed,-16,Long Haul,Poor
8312,Delta,590,7,143,Delayed,136,Short Haul,Poor
8313,Indigo,7003,94,175,Delayed,81,Long Haul,Poor
8314,Lufthansa,6690,106,111,Delayed,5,Medium Long,Poor
8315,Delta,852,61,77,Delayed,16,Short Haul,Poor
8316,Emirates,8600,154,119,OnTime,-35,Long Haul,Poor
8317,Indigo,4792,0,48,Delayed,48,Medium Long,Poor
8318,Emirates,8865,2,41,OnTime,39,Long Haul,Poor
8319,Delta,5972,14,90,Delayed,76,Medium Long,Poor
8320,Emirates,1916,164,91,Delayed,-73,Short Haul,Poor
8321,Lufthansa,11622,176,110,OnTime,-66,Long Haul,Poor
8322,Lufthansa,7653,88,173,OnTime,85,Long Haul,Poor
8323,Emirates,3666,155,39,Delayed,-116,Medium Long,Poor
8324,Delta,5809,61,182,OnTime,121,Medium Long,Poor
8325,Emirates,10374,115,16,Delayed,-99,Long Haul,Good
8326,Indigo,5973,131,5,Delayed,-126,Medium Long,Good
8327,Indigo,7393,141,54,Delayed,-87,Long Haul,Poor
8328,Delta,11379,74,199,OnTime,125,Long Haul,Poor
8329,Lufthansa,11554,3,3,Delayed,0,Long Haul,Good
8330,Lufthansa,9647,154,37,Delayed,-117,Long Haul,Poor
8331,Emirates,9821,67,66,Delayed,-1,Long Haul,Poor
8332,Emirates,3972,13,105,OnTime,92,Medium Long,Poor
8333,Lufthansa,5553,145,137,Delayed,-8,Medium Long,Poor
8334,Lufthansa,10068,98,94,OnTime,-4,Long Haul,Poor
8335,Emirates,6063,68,137,OnTime,69,Medium Long,Poor
8336,Indigo,7168,70,24,OnTime,-46,Long Haul,Good
8337,Emirates,6165,162,161,OnTime,-1,Medium Long,Poor
8338,Indigo,5063,78,128,OnTime,50,Medium Long,Poor
8339,Lufthansa,7902,10,178,OnTime,168,Long Haul,Poor
8340,Emirates,1157,94,108,OnTime,14,Short Haul,Poor
8341,Emirates,2425,53,75,OnTime,22,Short Haul,Poor
8342,Delta,10157,22,65,OnTime,43,Long Haul,Poor
8343,Indigo,6666,171,135,Delayed,-36,Medium Long,Poor
8344,Delta,3096,65,199,OnTime,134,Medium Long,Poor
8345,Lufthansa,1348,53,36,OnTime,-17,Short Haul,Poor
8346,Emirates,941,103,174,Delayed,71,Short Haul,Poor
8347,Delta,6772,99,37,OnTime,-62,Medium Long,Poor
8348,Lufthansa,5030,111,165,OnTime,54,Medium Long,Poor
8349,Lufthansa,418,45,138,Delayed,93,Short Haul,Poor
8350,Delta,1976,12,74,OnTime,62,Short Haul,Poor
8351,Indigo,5727,147,73,OnTime,-74,Medium Long,Poor
8352,Lufthansa,5868,69,115,OnTime,46,Medium Long,Poor
8353,Emirates,11699,23,34,Delayed,11,Long Haul,Poor
8354,Indigo,10372,82,20,Delayed,-62,Long Haul,Good
8355,Emirates,3370,140,162,OnTime,22,Medium Long,Poor
8356,Lufthansa,2448,3,61,OnTime,58,Short Haul,Poor
8357,Lufthansa,8463,107,27,Delayed,-80,Long Haul,Good
8358,Emirates,2682,116,156,Delayed,40,Short Haul,Poor
8359,Emirates,11675,70,89,Delayed,19,Long Haul,Poor
8360,Delta,11391,0,194,OnTime,194,Long Haul,Poor
8361,Lufthansa,364,117,145,Delayed,28,Short Haul,Poor
8362,Emirates,6011,68,61,Delayed,-7,Medium Long,Poor
8363,Lufthansa,5644,160,105,OnTime,-55,Medium Long,Poor
8364,Delta,9301,96,115,OnTime,19,Long Haul,Poor
8365,Indigo,5914,46,39,OnTime,-7,Medium Long,Poor
8366,Emirates,833,81,176,Delayed,95,Short Haul,Poor
8367,Lufthansa,10391,161,91,Delayed,-70,Long Haul,Poor
8368,Lufthansa,3515,13,14,OnTime,1,Medium Long,Good
8369,Lufthansa,6836,34,43,Delayed,9,Medium Long,Poor
8370,Indigo,2192,86,45,Delayed,-41,Short Haul,Poor
8371,Delta,10729,24,84,Delayed,60,Long Haul,Poor
8372,Delta,1229,74,96,Delayed,22,Short Haul,Poor
8373,Lufthansa,5606,154,141,OnTime,-13,Medium Long,Poor
8374,Emirates,3085,99,132,Delayed,33,Medium Long,Poor
8375,Delta,4155,49,198,OnTime,149,Medium Long,Poor
8376,Delta,3487,54,27,Delayed,-27,Medium Long,Good
8377,Indigo,9597,73,194,Delayed,121,Long Haul,Poor
8378,Indigo,7960,56,115,Delayed,59,Long Haul,Poor
8379,Lufthansa,2545,142,16,Delayed,-126,Short Haul,Good
8380,Emirates,3607,163,150,Delayed,-13,Medium Long,Poor
8381,Lufthansa,4462,61,97,OnTime,36,Medium Long,Poor
8382,Delta,4680,13,110,Delayed,97,Medium Long,Poor
8383,Indigo,4593,33,46,OnTime,13,Medium Long,Poor
8384,Indigo,2062,174,94,OnTime,-80,Short Haul,Poor
8385,Delta,1994,164,0,OnTime,-164,Short Haul,Good
8386,Lufthansa,938,150,100,Delayed,-50,Short Haul,Poor
8387,Lufthansa,2548,144,67,OnTime,-77,Short Haul,Poor
8388,Emirates,10242,131,127,Delayed,-4,Long Haul,Poor
8389,Lufthansa,4738,33,198,OnTime,165,Medium Long,Poor
8390,Delta,9139,71,114,OnTime,43,Long Haul,Poor
8391,Lufthansa,9943,32,83,OnTime,51,Long Haul,Poor
8392,Lufthansa,6425,65,37,Delayed,-28,Medium Long,Poor
8393,Indigo,2812,57,110,OnTime,53,Short Haul,Poor
8394,Delta,1180,97,134,Delayed,37,Short Haul,Poor
8395,Delta,7738,37,199,Delayed,162,Long Haul,Poor
8396,Lufthansa,11474,156,118,OnTime,-38,Long Haul,Poor
8397,Indigo,5220,162,8,Delayed,-154,Medium Long,Good
8398,Indigo,7876,70,60,OnTime,-10,Long Haul,Poor
8399,Lufthansa,11374,160,123,Delayed,-37,Long Haul,Poor
8400,Delta,6296,147,60,Delayed,-87,Medium Long,Poor
8401,Emirates,6310,153,149,OnTime,-4,Medium Long,Poor
8402,Emirates,2248,125,68,OnTime,-57,Short Haul,Poor
8403,Emirates,2497,36,65,Delayed,29,Short Haul,Poor
8404,Delta,5740,124,5,Delayed,-119,Medium Long,Good
8405,Indigo,5232,117,186,Delayed,69,Medium Long,Poor
8406,Indigo,7382,11,110,OnTime,99,Long Haul,Poor
8407,Indigo,5050,144,42,Delayed,-102,Medium Long,Poor
8408,Lufthansa,8303,7,25,Delayed,18,Long Haul,Good
8409,Lufthansa,10629,67,184,OnTime,117,Long Haul,Poor
8410,Lufthansa,5968,31,0,OnTime,-31,Medium Long,Good
8411,Emirates,9435,179,166,Delayed,-13,Long Haul,Poor
8412,Lufthansa,10861,85,99,Delayed,14,Long Haul,Poor
8413,Indigo,797,133,45,OnTime,-88,Short Haul,Poor
8414,Delta,11410,156,156,OnTime,0,Long Haul,Poor
8415,Indigo,8056,57,39,OnTime,-18,Long Haul,Poor
8416,Emirates,6352,86,146,Delayed,60,Medium Long,Poor
8417,Lufthansa,1597,152,140,OnTime,-12,Short Haul,Poor
8418,Delta,8250,106,122,OnTime,16,Long Haul,Poor
8419,Indigo,2938,50,174,Delayed,124,Short Haul,Poor
8420,Lufthansa,8179,78,159,OnTime,81,Long Haul,Poor
8421,Lufthansa,7065,119,192,OnTime,73,Long Haul,Poor
8422,Emirates,262,45,197,OnTime,152,Short Haul,Poor
8423,Emirates,2962,17,46,Delayed,29,Short Haul,Poor
8424,Emirates,1545,83,35,OnTime,-48,Short Haul,Poor
8425,Indigo,4893,50,129,Delayed,79,Medium Long,Poor
8426,Indigo,3021,96,123,Delayed,27,Medium Long,Poor
8427,Lufthansa,7565,62,4,OnTime,-58,Long Haul,Good
8428,Emirates,9800,146,32,Delayed,-114,Long Haul,Poor
8429,Delta,11004,64,103,OnTime,39,Long Haul,Poor
8430,Indigo,4572,104,153,Delayed,49,Medium Long,Poor
8431,Delta,2029,95,161,Delayed,66,Short Haul,Poor
8432,Lufthansa,8050,0,86,OnTime,86,Long Haul,Poor
8433,Lufthansa,9980,163,112,Delayed,-51,Long Haul,Poor
8434,Indigo,6181,65,68,Delayed,3,Medium Long,Poor
8435,Emirates,6032,148,148,Delayed,0,Medium Long,Poor
8436,Emirates,5624,151,29,Delayed,-122,Medium Long,Good
8437,Indigo,7303,116,176,OnTime,60,Long Haul,Poor
8438,Delta,5903,49,87,OnTime,38,Medium Long,Poor
8439,Emirates,5397,173,113,OnTime,-60,Medium Long,Poor
8440,Lufthansa,3654,133,24,OnTime,-109,Medium Long,Good
8441,Delta,6207,107,55,OnTime,-52,Medium Long,Poor
8442,Indigo,8719,48,165,OnTime,117,Long Haul,Poor
8443,Indigo,9423,96,34,Delayed,-62,Long Haul,Poor
8444,Indigo,2995,3,152,OnTime,149,Short Haul,Poor
8445,Emirates,4460,18,141,Delayed,123,Medium Long,Poor
8446,Lufthansa,5815,126,131,OnTime,5,Medium Long,Poor
8447,Indigo,10241,96,94,OnTime,-2,Long Haul,Poor
8448,Lufthansa,4256,150,98,OnTime,-52,Medium Long,Poor
8449,Indigo,5703,95,137,Delayed,42,Medium Long,Poor
8450,Emirates,877,23,17,Delayed,-6,Short Haul,Good
8451,Delta,1904,176,156,OnTime,-20,Short Haul,Poor
8452,Indigo,6084,92,59,Delayed,-33,Medium Long,Poor
8453,Lufthansa,6096,22,185,Delayed,163,Medium Long,Poor
8454,Lufthansa,8130,29,103,OnTime,74,Long Haul,Poor
8455,Lufthansa,347,122,192,Delayed,70,Short Haul,Poor
8456,Emirates,2251,64,192,OnTime,128,Short Haul,Poor
8457,Emirates,2507,87,43,Delayed,-44,Short Haul,Poor
8458,Emirates,7516,70,166,OnTime,96,Long Haul,Poor
8459,Emirates,7339,91,47,Delayed,-44,Long Haul,Poor
8460,Delta,6014,90,145,Delayed,55,Medium Long,Poor
8461,Indigo,5336,57,16,Delayed,-41,Medium Long,Good
8462,Emirates,10796,30,16,OnTime,-14,Long Haul,Good
8463,Emirates,3739,125,11,Delayed,-114,Medium Long,Good
8464,Lufthansa,861,126,169,Delayed,43,Short Haul,Poor
8465,Lufthansa,7157,34,123,Delayed,89,Long Haul,Poor
8466,Delta,11008,19,73,Delayed,54,Long Haul,Poor
8467,Emirates,1145,136,62,Delayed,-74,Short Haul,Poor
8468,Indigo,8690,95,63,OnTime,-32,Long Haul,Poor
8469,Indigo,9434,106,86,Delayed,-20,Long Haul,Poor
8470,Emirates,4803,106,134,Delayed,28,Medium Long,Poor
8471,Lufthansa,6477,95,53,OnTime,-42,Medium Long,Poor
8472,Lufthansa,6452,166,188,Delayed,22,Medium Long,Poor
8473,Indigo,3825,143,92,OnTime,-51,Medium Long,Poor
8474,Emirates,3887,139,169,OnTime,30,Medium Long,Poor
8475,Delta,9778,40,122,OnTime,82,Long Haul,Poor
8476,Indigo,7295,105,186,Delayed,81,Long Haul,Poor
8477,Lufthansa,7223,158,63,OnTime,-95,Long Haul,Poor
8478,Lufthansa,1992,77,93,Delayed,16,Short Haul,Poor
8479,Lufthansa,6651,99,29,OnTime,-70,Medium Long,Good
8480,Delta,9349,87,190,Delayed,103,Long Haul,Poor
8481,Emirates,5822,92,143,Delayed,51,Medium Long,Poor
8482,Lufthansa,6621,90,57,OnTime,-33,Medium Long,Poor
8483,Indigo,4852,118,105,Delayed,-13,Medium Long,Poor
8484,Emirates,3463,121,136,OnTime,15,Medium Long,Poor
8485,Lufthansa,7025,96,182,Delayed,86,Long Haul,Poor
8486,Delta,6738,110,98,Delayed,-12,Medium Long,Poor
8487,Delta,6629,50,128,OnTime,78,Medium Long,Poor
8488,Lufthansa,6760,121,54,OnTime,-67,Medium Long,Poor
8489,Emirates,11261,105,111,OnTime,6,Long Haul,Poor
8490,Delta,4089,134,136,Delayed,2,Medium Long,Poor
8491,Delta,8400,160,152,Delayed,-8,Long Haul,Poor
8492,Emirates,11422,152,95,Delayed,-57,Long Haul,Poor
8493,Emirates,7191,118,145,OnTime,27,Long Haul,Poor
8494,Lufthansa,11011,68,77,OnTime,9,Long Haul,Poor
8495,Emirates,2578,24,68,Delayed,44,Short Haul,Poor
8496,Emirates,3851,149,81,Delayed,-68,Medium Long,Poor
8497,Lufthansa,6682,144,109,Delayed,-35,Medium Long,Poor
8498,Indigo,245,134,63,Delayed,-71,Short Haul,Poor
8499,Indigo,1623,79,171,Delayed,92,Short Haul,Poor
8500,Delta,6410,64,46,Delayed,-18,Medium Long,Poor
8501,Delta,7465,139,161,Delayed,22,Long Haul,Poor
8502,Emirates,7860,26,65,OnTime,39,Long Haul,Poor
8503,Lufthansa,9441,102,96,OnTime,-6,Long Haul,Poor
8504,Delta,4984,67,67,OnTime,0,Medium Long,Poor
8505,Indigo,2720,57,54,Delayed,-3,Short Haul,Poor
8506,Delta,4654,17,20,Delayed,3,Medium Long,Good
8507,Emirates,2192,75,122,OnTime,47,Short Haul,Poor
8508,Emirates,5903,53,126,OnTime,73,Medium Long,Poor
8509,Lufthansa,6486,156,122,OnTime,-34,Medium Long,Poor
8510,Delta,7096,65,199,OnTime,134,Long Haul,Poor
8511,Indigo,538,111,145,Delayed,34,Short Haul,Poor
8512,Delta,3306,171,191,Delayed,20,Medium Long,Poor
8513,Emirates,2350,166,130,Delayed,-36,Short Haul,Poor
8514,Delta,5423,30,135,OnTime,105,Medium Long,Poor
8515,Emirates,11015,62,131,OnTime,69,Long Haul,Poor
8516,Delta,2757,112,159,Delayed,47,Short Haul,Poor
8517,Emirates,8500,61,192,Delayed,131,Long Haul,Poor
8518,Delta,5639,125,127,OnTime,2,Medium Long,Poor
8519,Lufthansa,10334,110,175,Delayed,65,Long Haul,Poor
8520,Lufthansa,11625,174,62,Delayed,-112,Long Haul,Poor
8521,Emirates,2398,127,182,Delayed,55,Short Haul,Poor
8522,Lufthansa,1427,71,123,Delayed,52,Short Haul,Poor
8523,Indigo,7756,143,153,Delayed,10,Long Haul,Poor
8524,Delta,1968,54,176,OnTime,122,Short Haul,Poor
8525,Emirates,1014,5,40,OnTime,35,Short Haul,Poor
8526,Delta,2735,11,32,Delayed,21,Short Haul,Poor
8527,Delta,10573,132,42,OnTime,-90,Long Haul,Poor
8528,Emirates,2248,168,39,Delayed,-129,Short Haul,Poor
8529,Indigo,3639,27,52,Delayed,25,Medium Long,Poor
8530,Delta,8861,151,44,OnTime,-107,Long Haul,Poor
8531,Indigo,3556,98,46,OnTime,-52,Medium Long,Poor
8532,Emirates,7915,25,36,Delayed,11,Long Haul,Poor
8533,Indigo,2756,55,179,Delayed,124,Short Haul,Poor
8534,Lufthansa,9601,118,54,OnTime,-64,Long Haul,Poor
8535,Delta,10452,113,55,OnTime,-58,Long Haul,Poor
8536,Indigo,1491,88,157,OnTime,69,Short Haul,Poor
8537,Emirates,2320,20,166,OnTime,146,Short Haul,Poor
8538,Lufthansa,9406,73,122,Delayed,49,Long Haul,Poor
8539,Lufthansa,3359,115,52,OnTime,-63,Medium Long,Poor
8540,Emirates,8730,69,179,OnTime,110,Long Haul,Poor
8541,Lufthansa,11940,167,108,Delayed,-59,Long Haul,Poor
8542,Delta,285,175,111,Delayed,-64,Short Haul,Poor
8543,Delta,3877,107,127,OnTime,20,Medium Long,Poor
8544,Lufthansa,7994,135,77,Delayed,-58,Long Haul,Poor
8545,Delta,8512,34,110,Delayed,76,Long Haul,Poor
8546,Indigo,6062,160,161,Delayed,1,Medium Long,Poor
8547,Emirates,8795,108,161,OnTime,53,Long Haul,Poor
8548,Indigo,3312,113,76,Delayed,-37,Medium Long,Poor
8549,Delta,10865,174,47,Delayed,-127,Long Haul,Poor
8550,Emirates,4275,35,76,OnTime,41,Medium Long,Poor
8551,Lufthansa,8851,73,80,Delayed,7,Long Haul,Poor
8552,Lufthansa,10942,41,3,OnTime,-38,Long Haul,Good
8553,Emirates,636,158,81,Delayed,-77,Short Haul,Poor
8554,Indigo,2362,51,148,Delayed,97,Short Haul,Poor
8555,Lufthansa,5853,105,119,Delayed,14,Medium Long,Poor
8556,Emirates,4355,61,68,Delayed,7,Medium Long,Poor
8557,Lufthansa,2949,36,12,OnTime,-24,Short Haul,Good
8558,Delta,9257,42,159,Delayed,117,Long Haul,Poor
8559,Emirates,1509,179,133,OnTime,-46,Short Haul,Poor
8560,Emirates,7194,83,106,Delayed,23,Long Haul,Poor
8561,Delta,10707,160,144,OnTime,-16,Long Haul,Poor
8562,Delta,3823,156,136,Delayed,-20,Medium Long,Poor
8563,Indigo,980,6,78,Delayed,72,Short Haul,Poor
8564,Emirates,310,126,36,OnTime,-90,Short Haul,Poor
8565,Emirates,4774,131,42,OnTime,-89,Medium Long,Poor
8566,Lufthansa,3536,103,2,Delayed,-101,Medium Long,Good
8567,Delta,9505,31,40,OnTime,9,Long Haul,Poor
8568,Emirates,1303,64,9,OnTime,-55,Short Haul,Good
8569,Delta,5229,54,73,OnTime,19,Medium Long,Poor
8570,Delta,7593,84,12,Delayed,-72,Long Haul,Good
8571,Emirates,6142,67,172,Delayed,105,Medium Long,Poor
8572,Delta,7542,137,71,OnTime,-66,Long Haul,Poor
8573,Lufthansa,3525,61,104,OnTime,43,Medium Long,Poor
8574,Delta,8313,152,113,Delayed,-39,Long Haul,Poor
8575,Lufthansa,1615,46,26,Delayed,-20,Short Haul,Good
8576,Emirates,6440,41,36,Delayed,-5,Medium Long,Poor
8577,Lufthansa,753,0,173,Delayed,173,Short Haul,Poor
8578,Emirates,11612,163,113,Delayed,-50,Long Haul,Poor
8579,Indigo,11782,135,32,OnTime,-103,Long Haul,Poor
8580,Lufthansa,10625,27,104,OnTime,77,Long Haul,Poor
8581,Indigo,11019,37,40,Delayed,3,Long Haul,Poor
8582,Delta,4207,45,179,OnTime,134,Medium Long,Poor
8583,Indigo,277,6,28,OnTime,22,Short Haul,Good
8584,Indigo,8545,151,44,Delayed,-107,Long Haul,Poor
8585,Indigo,4749,157,134,OnTime,-23,Medium Long,Poor
8586,Lufthansa,8140,76,177,Delayed,101,Long Haul,Poor
8587,Lufthansa,6933,73,121,Delayed,48,Medium Long,Poor
8588,Lufthansa,1293,10,154,OnTime,144,Short Haul,Poor
8589,Lufthansa,1016,19,144,OnTime,125,Short Haul,Poor
8590,Indigo,10755,113,100,Delayed,-13,Long Haul,Poor
8591,Indigo,3050,130,29,Delayed,-101,Medium Long,Good
8592,Lufthansa,1338,21,125,OnTime,104,Short Haul,Poor
8593,Indigo,3219,9,161,Delayed,152,Medium Long,Poor
8594,Delta,3705,73,64,OnTime,-9,Medium Long,Poor
8595,Lufthansa,3704,121,48,Delayed,-73,Medium Long,Poor
8596,Delta,10708,54,66,Delayed,12,Long Haul,Poor
8597,Indigo,10898,166,84,OnTime,-82,Long Haul,Poor
8598,Emirates,8947,173,112,OnTime,-61,Long Haul,Poor
8599,Lufthansa,3067,68,70,Delayed,2,Medium Long,Poor
8600,Lufthansa,8273,90,142,OnTime,52,Long Haul,Poor
8601,Emirates,2003,75,154,OnTime,79,Short Haul,Poor
8602,Indigo,871,150,118,Delayed,-32,Short Haul,Poor
8603,Lufthansa,3664,171,187,OnTime,16,Medium Long,Poor
8604,Lufthansa,3248,67,114,OnTime,47,Medium Long,Poor
8605,Delta,11660,14,34,Delayed,20,Long Haul,Poor
8606,Emirates,3118,131,88,Delayed,-43,Medium Long,Poor
8607,Lufthansa,3607,90,163,Delayed,73,Medium Long,Poor
8608,Emirates,6286,172,5,Delayed,-167,Medium Long,Good
8609,Lufthansa,10262,96,167,OnTime,71,Long Haul,Poor
8610,Emirates,6761,42,5,OnTime,-37,Medium Long,Good
8611,Delta,7832,89,47,Delayed,-42,Long Haul,Poor
8612,Emirates,5561,106,36,Delayed,-70,Medium Long,Poor
8613,Indigo,9319,7,57,OnTime,50,Long Haul,Poor
8614,Delta,10742,35,115,Delayed,80,Long Haul,Poor
8615,Lufthansa,2805,56,80,Delayed,24,Short Haul,Poor
8616,Delta,725,6,105,Delayed,99,Short Haul,Poor
8617,Lufthansa,4395,132,186,Delayed,54,Medium Long,Poor
8618,Delta,1919,112,88,Delayed,-24,Short Haul,Poor
8619,Indigo,11256,152,50,Delayed,-102,Long Haul,Poor
8620,Emirates,10350,162,187,OnTime,25,Long Haul,Poor
8621,Lufthansa,862,100,142,Delayed,42,Short Haul,Poor
8622,Delta,10171,36,69,Delayed,33,Long Haul,Poor
8623,Lufthansa,6545,88,85,OnTime,-3,Medium Long,Poor
8624,Lufthansa,4142,85,82,Delayed,-3,Medium Long,Poor
8625,Lufthansa,6140,52,128,OnTime,76,Medium Long,Poor
8626,Lufthansa,11349,43,53,Delayed,10,Long Haul,Poor
8627,Emirates,6912,153,14,Delayed,-139,Medium Long,Good
8628,Lufthansa,1622,115,9,OnTime,-106,Short Haul,Good
8629,Delta,10920,102,150,Delayed,48,Long Haul,Poor
8630,Delta,1284,57,31,Delayed,-26,Short Haul,Poor
8631,Emirates,6893,13,175,OnTime,162,Medium Long,Poor
8632,Indigo,3330,147,78,OnTime,-69,Medium Long,Poor
8633,Lufthansa,4617,71,14,Delayed,-57,Medium Long,Good
8634,Delta,2311,32,28,Delayed,-4,Short Haul,Good
8635,Emirates,1325,169,6,Delayed,-163,Short Haul,Good
8636,Indigo,611,106,141,OnTime,35,Short Haul,Poor
8637,Indigo,11887,127,185,Delayed,58,Long Haul,Poor
8638,Emirates,523,174,137,Delayed,-37,Short Haul,Poor
8639,Lufthansa,9411,99,81,Delayed,-18,Long Haul,Poor
8640,Emirates,5634,160,170,OnTime,10,Medium Long,Poor
8641,Emirates,10259,131,80,OnTime,-51,Long Haul,Poor
8642,Indigo,2384,157,122,Delayed,-35,Short Haul,Poor
8643,Emirates,10528,102,82,OnTime,-20,Long Haul,Poor
8644,Lufthansa,5091,119,94,OnTime,-25,Medium Long,Poor
8645,Lufthansa,8808,179,71,OnTime,-108,Long Haul,Poor
8646,Emirates,5347,154,191,Delayed,37,Medium Long,Poor
8647,Lufthansa,11964,7,47,OnTime,40,Long Haul,Poor
8648,Delta,6201,154,175,OnTime,21,Medium Long,Poor
8649,Delta,11062,8,22,OnTime,14,Long Haul,Good
8650,Indigo,369,46,56,Delayed,10,Short Haul,Poor
8651,Indigo,7805,149,48,OnTime,-101,Long Haul,Poor
8652,Delta,2377,129,30,Delayed,-99,Short Haul,Good
8653,Lufthansa,10658,85,47,OnTime,-38,Long Haul,Poor
8654,Emirates,7300,132,38,OnTime,-94,Long Haul,Poor
8655,Emirates,6695,170,13,OnTime,-157,Medium Long,Good
8656,Delta,9583,30,18,Delayed,-12,Long Haul,Good
8657,Emirates,2584,94,167,Delayed,73,Short Haul,Poor
8658,Lufthansa,1997,152,15,Delayed,-137,Short Haul,Good
8659,Emirates,1367,1,78,Delayed,77,Short Haul,Poor
8660,Emirates,3806,55,156,Delayed,101,Medium Long,Poor
8661,Emirates,7208,112,134,OnTime,22,Long Haul,Poor
8662,Indigo,9688,91,92,Delayed,1,Long Haul,Poor
8663,Indigo,11603,100,11,OnTime,-89,Long Haul,Good
8664,Indigo,11127,17,153,Delayed,136,Long Haul,Poor
8665,Delta,5008,175,108,Delayed,-67,Medium Long,Poor
8666,Delta,922,17,13,Delayed,-4,Short Haul,Good
8667,Lufthansa,2556,101,162,OnTime,61,Short Haul,Poor
8668,Lufthansa,9206,63,89,OnTime,26,Long Haul,Poor
8669,Lufthansa,3665,145,24,Delayed,-121,Medium Long,Good
8670,Lufthansa,9800,142,87,Delayed,-55,Long Haul,Poor
8671,Indigo,6835,78,161,Delayed,83,Medium Long,Poor
8672,Emirates,1248,31,88,Delayed,57,Short Haul,Poor
8673,Lufthansa,3006,127,165,OnTime,38,Medium Long,Poor
8674,Emirates,1398,18,62,Delayed,44,Short Haul,Poor
8675,Indigo,11835,159,93,Delayed,-66,Long Haul,Poor
8676,Indigo,1339,114,179,OnTime,65,Short Haul,Poor
8677,Indigo,5488,96,133,OnTime,37,Medium Long,Poor
8678,Emirates,1999,171,151,OnTime,-20,Short Haul,Poor
8679,Emirates,5933,18,1,Delayed,-17,Medium Long,Good
8680,Indigo,4665,163,123,Delayed,-40,Medium Long,Poor
8681,Delta,8272,45,186,Delayed,141,Long Haul,Poor
8682,Lufthansa,10917,35,132,Delayed,97,Long Haul,Poor
8683,Emirates,1568,62,39,OnTime,-23,Short Haul,Poor
8684,Lufthansa,6820,155,7,OnTime,-148,Medium Long,Good
8685,Indigo,4353,34,121,OnTime,87,Medium Long,Poor
8686,Delta,8681,38,198,OnTime,160,Long Haul,Poor
8687,Indigo,10239,135,9,OnTime,-126,Long Haul,Good
8688,Emirates,1398,80,68,OnTime,-12,Short Haul,Poor
8689,Delta,2825,58,179,Delayed,121,Short Haul,Poor
8690,Indigo,1198,112,47,Delayed,-65,Short Haul,Poor
8691,Lufthansa,5982,5,137,OnTime,132,Medium Long,Poor
8692,Emirates,1765,85,177,OnTime,92,Short Haul,Poor
8693,Indigo,3106,175,167,OnTime,-8,Medium Long,Poor
8694,Lufthansa,7445,12,165,OnTime,153,Long Haul,Poor
8695,Indigo,750,26,24,OnTime,-2,Short Haul,Good
8696,Indigo,7937,156,13,Delayed,-143,Long Haul,Good
8697,Lufthansa,3109,124,126,Delayed,2,Medium Long,Poor
8698,Emirates,507,129,45,Delayed,-84,Short Haul,Poor
8699,Delta,9676,75,32,OnTime,-43,Long Haul,Poor
8700,Lufthansa,9015,163,188,OnTime,25,Long Haul,Poor
8701,Indigo,4239,99,58,OnTime,-41,Medium Long,Poor
8702,Delta,10229,1,106,OnTime,105,Long Haul,Poor
8703,Lufthansa,946,164,27,OnTime,-137,Short Haul,Good
8704,Emirates,7442,118,15,OnTime,-103,Long Haul,Good
8705,Indigo,11428,164,194,Delayed,30,Long Haul,Poor
8706,Delta,11427,35,110,Delayed,75,Long Haul,Poor
8707,Delta,11189,41,134,Delayed,93,Long Haul,Poor
8708,Lufthansa,761,87,29,OnTime,-58,Short Haul,Good
8709,Indigo,6196,158,78,OnTime,-80,Medium Long,Poor
8710,Delta,459,158,15,Delayed,-143,Short Haul,Good
8711,Indigo,9932,16,138,Delayed,122,Long Haul,Poor
8712,Indigo,11125,141,98,Delayed,-43,Long Haul,Poor
8713,Emirates,8738,179,108,Delayed,-71,Long Haul,Poor
8714,Delta,1399,75,55,Delayed,-20,Short Haul,Poor
8715,Delta,4441,160,31,Delayed,-129,Medium Long,Poor
8716,Indigo,4762,117,83,OnTime,-34,Medium Long,Poor
8717,Delta,1020,139,11,OnTime,-128,Short Haul,Good
8718,Delta,1364,4,122,OnTime,118,Short Haul,Poor
8719,Indigo,7843,23,163,OnTime,140,Long Haul,Poor
8720,Delta,362,129,137,Delayed,8,Short Haul,Poor
8721,Lufthansa,9825,148,6,OnTime,-142,Long Haul,Good
8722,Indigo,8696,93,182,Delayed,89,Long Haul,Poor
8723,Lufthansa,5920,126,14,OnTime,-112,Medium Long,Good
8724,Emirates,2223,159,65,Delayed,-94,Short Haul,Poor
8725,Indigo,950,13,4,Delayed,-9,Short Haul,Good
8726,Indigo,8963,58,115,Delayed,57,Long Haul,Poor
8727,Delta,10692,137,128,OnTime,-9,Long Haul,Poor
8728,Indigo,6560,75,129,Delayed,54,Medium Long,Poor
8729,Lufthansa,6038,39,23,OnTime,-16,Medium Long,Good
8730,Delta,6579,105,9,Delayed,-96,Medium Long,Good
8731,Delta,3602,37,33,Delayed,-4,Medium Long,Poor
8732,Delta,332,42,10,Delayed,-32,Short Haul,Good
8733,Indigo,8441,30,44,OnTime,14,Long Haul,Poor
8734,Indigo,7606,83,151,Delayed,68,Long Haul,Poor
8735,Delta,9832,84,69,Delayed,-15,Long Haul,Poor
8736,Indigo,2529,164,129,OnTime,-35,Short Haul,Poor
8737,Indigo,8637,51,117,OnTime,66,Long Haul,Poor
8738,Lufthansa,7421,103,165,Delayed,62,Long Haul,Poor
8739,Emirates,5384,89,79,OnTime,-10,Medium Long,Poor
8740,Delta,4126,86,10,OnTime,-76,Medium Long,Good
8741,Indigo,10756,21,92,Delayed,71,Long Haul,Poor
8742,Emirates,8237,97,68,OnTime,-29,Long Haul,Poor
8743,Indigo,862,90,41,Delayed,-49,Short Haul,Poor
8744,Indigo,11815,60,45,OnTime,-15,Long Haul,Poor
8745,Indigo,3269,67,182,Delayed,115,Medium Long,Poor
8746,Delta,5843,7,122,OnTime,115,Medium Long,Poor
8747,Indigo,4120,18,21,OnTime,3,Medium Long,Good
8748,Lufthansa,7584,124,88,OnTime,-36,Long Haul,Poor
8749,Delta,317,12,167,Delayed,155,Short Haul,Poor
8750,Lufthansa,1062,100,71,Delayed,-29,Short Haul,Poor
8751,Emirates,11211,8,192,Delayed,184,Long Haul,Poor
8752,Indigo,11263,102,74,OnTime,-28,Long Haul,Poor
8753,Indigo,8039,85,199,OnTime,114,Long Haul,Poor
8754,Emirates,341,30,178,OnTime,148,Short Haul,Poor
8755,Indigo,6771,109,16,Delayed,-93,Medium Long,Good
8756,Lufthansa,1528,131,166,Delayed,35,Short Haul,Poor
8757,Emirates,11248,14,36,Delayed,22,Long Haul,Poor
8758,Indigo,5673,95,36,OnTime,-59,Medium Long,Poor
8759,Lufthansa,8307,127,154,Delayed,27,Long Haul,Poor
8760,Indigo,6699,124,38,Delayed,-86,Medium Long,Poor
8761,Delta,1340,175,167,OnTime,-8,Short Haul,Poor
8762,Emirates,4114,110,105,OnTime,-5,Medium Long,Poor
8763,Emirates,10666,174,134,OnTime,-40,Long Haul,Poor
8764,Indigo,7233,147,107,OnTime,-40,Long Haul,Poor
8765,Indigo,3357,123,30,OnTime,-93,Medium Long,Good
8766,Delta,5842,39,195,OnTime,156,Medium Long,Poor
8767,Lufthansa,4629,173,152,Delayed,-21,Medium Long,Poor
8768,Indigo,9228,32,146,Delayed,114,Long Haul,Poor
8769,Lufthansa,11025,53,101,Delayed,48,Long Haul,Poor
8770,Delta,4287,49,0,OnTime,-49,Medium Long,Good
8771,Indigo,10418,160,40,OnTime,-120,Long Haul,Poor
8772,Lufthansa,9047,89,158,OnTime,69,Long Haul,Poor
8773,Delta,9463,167,61,Delayed,-106,Long Haul,Poor
8774,Delta,7130,20,50,Delayed,30,Long Haul,Poor
8775,Indigo,3413,113,87,Delayed,-26,Medium Long,Poor
8776,Emirates,1358,66,7,OnTime,-59,Short Haul,Good
8777,Delta,7510,48,94,OnTime,46,Long Haul,Poor
8778,Delta,8878,108,78,OnTime,-30,Long Haul,Poor
8779,Emirates,5498,17,92,Delayed,75,Medium Long,Poor
8780,Emirates,1015,154,148,OnTime,-6,Short Haul,Poor
8781,Emirates,3360,152,99,Delayed,-53,Medium Long,Poor
8782,Indigo,10854,53,146,Delayed,93,Long Haul,Poor
8783,Lufthansa,1068,31,102,OnTime,71,Short Haul,Poor
8784,Emirates,2096,40,92,OnTime,52,Short Haul,Poor
8785,Lufthansa,9436,175,153,OnTime,-22,Long Haul,Poor
8786,Lufthansa,9693,44,64,Delayed,20,Long Haul,Poor
8787,Lufthansa,4078,27,23,OnTime,-4,Medium Long,Good
8788,Emirates,9408,120,88,Delayed,-32,Long Haul,Poor
8789,Emirates,250,162,54,OnTime,-108,Short Haul,Poor
8790,Lufthansa,9562,72,140,OnTime,68,Long Haul,Poor
8791,Indigo,10812,90,80,Delayed,-10,Long Haul,Poor
8792,Delta,7584,29,122,OnTime,93,Long Haul,Poor
8793,Emirates,2062,179,40,OnTime,-139,Short Haul,Poor
8794,Indigo,9271,19,74,Delayed,55,Long Haul,Poor
8795,Emirates,1155,5,46,Delayed,41,Short Haul,Poor
8796,Indigo,1619,19,10,OnTime,-9,Short Haul,Good
8797,Emirates,2085,30,57,Delayed,27,Short Haul,Poor
8798,Delta,5561,65,158,OnTime,93,Medium Long,Poor
8799,Delta,470,78,75,Delayed,-3,Short Haul,Poor
8800,Indigo,527,21,132,Delayed,111,Short Haul,Poor
8801,Indigo,3961,113,139,OnTime,26,Medium Long,Poor
8802,Lufthansa,3591,82,64,OnTime,-18,Medium Long,Poor
8803,Indigo,9278,136,116,OnTime,-20,Long Haul,Poor
8804,Delta,8281,66,55,Delayed,-11,Long Haul,Poor
8805,Indigo,8147,99,108,Delayed,9,Long Haul,Poor
8806,Lufthansa,4061,40,141,Delayed,101,Medium Long,Poor
8807,Delta,5860,92,108,Delayed,16,Medium Long,Poor
8808,Delta,967,133,13,Delayed,-120,Short Haul,Good
8809,Indigo,6332,29,9,OnTime,-20,Medium Long,Good
8810,Delta,11775,157,129,OnTime,-28,Long Haul,Poor
8811,Delta,11949,171,148,Delayed,-23,Long Haul,Poor
8812,Emirates,1231,103,91,Delayed,-12,Short Haul,Poor
8813,Lufthansa,1237,153,131,Delayed,-22,Short Haul,Poor
8814,Emirates,7670,177,145,Delayed,-32,Long Haul,Poor
8815,Lufthansa,5145,109,75,Delayed,-34,Medium Long,Poor
8816,Indigo,2654,55,188,OnTime,133,Short Haul,Poor
8817,Delta,2913,154,188,OnTime,34,Short Haul,Poor
8818,Lufthansa,9371,117,86,Delayed,-31,Long Haul,Poor
8819,Delta,7761,179,172,Delayed,-7,Long Haul,Poor
8820,Lufthansa,3986,1,37,OnTime,36,Medium Long,Poor
8821,Delta,4926,33,174,Delayed,141,Medium Long,Poor
8822,Emirates,6732,122,87,OnTime,-35,Medium Long,Poor
8823,Emirates,9718,22,189,Delayed,167,Long Haul,Poor
8824,Delta,11827,77,47,Delayed,-30,Long Haul,Poor
8825,Emirates,1606,97,127,Delayed,30,Short Haul,Poor
8826,Delta,9002,19,70,Delayed,51,Long Haul,Poor
8827,Indigo,10278,170,147,OnTime,-23,Long Haul,Poor
8828,Emirates,1900,67,123,OnTime,56,Short Haul,Poor
8829,Lufthansa,1954,55,171,Delayed,116,Short Haul,Poor
8830,Lufthansa,11054,87,148,OnTime,61,Long Haul,Poor
8831,Emirates,3342,84,76,Delayed,-8,Medium Long,Poor
8832,Indigo,4222,10,62,Delayed,52,Medium Long,Poor
8833,Emirates,1314,139,4,OnTime,-135,Short Haul,Good
8834,Emirates,5480,67,173,OnTime,106,Medium Long,Poor
8835,Delta,6988,93,161,OnTime,68,Medium Long,Poor
8836,Delta,5627,67,148,Delayed,81,Medium Long,Poor
8837,Indigo,2950,108,186,OnTime,78,Short Haul,Poor
8838,Emirates,6104,61,191,OnTime,130,Medium Long,Poor
8839,Indigo,11399,107,111,Delayed,4,Long Haul,Poor
8840,Emirates,3586,139,104,OnTime,-35,Medium Long,Poor
8841,Indigo,11480,164,165,OnTime,1,Long Haul,Poor
8842,Indigo,4405,5,130,Delayed,125,Medium Long,Poor
8843,Delta,3684,91,147,Delayed,56,Medium Long,Poor
8844,Indigo,4090,46,133,OnTime,87,Medium Long,Poor
8845,Lufthansa,8594,158,23,OnTime,-135,Long Haul,Good
8846,Emirates,4324,3,30,OnTime,27,Medium Long,Good
8847,Indigo,10628,127,32,OnTime,-95,Long Haul,Poor
8848,Delta,6863,45,143,OnTime,98,Medium Long,Poor
8849,Emirates,3752,143,112,Delayed,-31,Medium Long,Poor
8850,Delta,9462,39,177,OnTime,138,Long Haul,Poor
8851,Lufthansa,2616,100,48,OnTime,-52,Short Haul,Poor
8852,Indigo,4986,100,66,OnTime,-34,Medium Long,Poor
8853,Emirates,7530,39,12,Delayed,-27,Long Haul,Good
8854,Delta,10346,152,144,OnTime,-8,Long Haul,Poor
8855,Emirates,6091,4,184,Delayed,180,Medium Long,Poor
8856,Indigo,10903,29,98,OnTime,69,Long Haul,Poor
8857,Lufthansa,7424,6,24,OnTime,18,Long Haul,Good
8858,Lufthansa,3182,141,46,Delayed,-95,Medium Long,Poor
8859,Emirates,8771,129,168,OnTime,39,Long Haul,Poor
8860,Emirates,6653,64,139,Delayed,75,Medium Long,Poor
8861,Delta,10588,20,194,OnTime,174,Long Haul,Poor
8862,Emirates,9142,102,124,Delayed,22,Long Haul,Poor
8863,Lufthansa,8254,93,62,Delayed,-31,Long Haul,Poor
8864,Emirates,3069,92,192,Delayed,100,Medium Long,Poor
8865,Indigo,10582,81,110,OnTime,29,Long Haul,Poor
8866,Emirates,10502,140,169,OnTime,29,Long Haul,Poor
8867,Indigo,9464,159,42,Delayed,-117,Long Haul,Poor
8868,Lufthansa,10465,145,94,OnTime,-51,Long Haul,Poor
8869,Lufthansa,4304,57,46,OnTime,-11,Medium Long,Poor
8870,Indigo,8203,58,10,OnTime,-48,Long Haul,Good
8871,Indigo,5699,10,88,Delayed,78,Medium Long,Poor
8872,Emirates,1357,161,151,Delayed,-10,Short Haul,Poor
8873,Indigo,5252,144,178,OnTime,34,Medium Long,Poor
8874,Lufthansa,9258,141,62,Delayed,-79,Long Haul,Poor
8875,Lufthansa,8112,3,106,Delayed,103,Long Haul,Poor
8876,Delta,6933,137,131,OnTime,-6,Medium Long,Poor
8877,Delta,6729,93,34,Delayed,-59,Medium Long,Poor
8878,Emirates,1157,110,184,OnTime,74,Short Haul,Poor
8879,Lufthansa,1070,176,198,Delayed,22,Short Haul,Poor
8880,Emirates,9092,8,43,OnTime,35,Long Haul,Poor
8881,Indigo,4449,103,40,Delayed,-63,Medium Long,Poor
8882,Lufthansa,4087,92,109,Delayed,17,Medium Long,Poor
8883,Delta,10547,42,50,Delayed,8,Long Haul,Poor
8884,Indigo,9670,109,33,Delayed,-76,Long Haul,Poor
8885,Indigo,8862,30,119,OnTime,89,Long Haul,Poor
8886,Lufthansa,9545,42,14,Delayed,-28,Long Haul,Good
8887,Indigo,8007,99,118,OnTime,19,Long Haul,Poor
8888,Delta,5633,22,15,OnTime,-7,Medium Long,Good
8889,Indigo,1120,111,182,OnTime,71,Short Haul,Poor
8890,Delta,1025,139,109,OnTime,-30,Short Haul,Poor
8891,Indigo,532,126,61,OnTime,-65,Short Haul,Poor
8892,Lufthansa,4127,27,70,OnTime,43,Medium Long,Poor
8893,Lufthansa,10970,137,190,Delayed,53,Long Haul,Poor
8894,Lufthansa,3062,27,93,OnTime,66,Medium Long,Poor
8895,Indigo,8923,53,12,Delayed,-41,Long Haul,Good
8896,Delta,5615,128,114,OnTime,-14,Medium Long,Poor
8897,Indigo,6287,165,51,OnTime,-114,Medium Long,Poor
8898,Lufthansa,1544,165,61,OnTime,-104,Short Haul,Poor
8899,Indigo,4124,132,44,OnTime,-88,Medium Long,Poor
8900,Delta,2498,66,62,OnTime,-4,Short Haul,Poor
8901,Indigo,646,26,81,Delayed,55,Short Haul,Poor
8902,Delta,1571,127,70,Delayed,-57,Short Haul,Poor
8903,Emirates,7762,114,151,Delayed,37,Long Haul,Poor
8904,Lufthansa,2915,60,102,Delayed,42,Short Haul,Poor
8905,Indigo,326,22,125,OnTime,103,Short Haul,Poor
8906,Indigo,11300,46,78,OnTime,32,Long Haul,Poor
8907,Emirates,1536,32,111,OnTime,79,Short Haul,Poor
8908,Lufthansa,11269,86,166,OnTime,80,Long Haul,Poor
8909,Indigo,2955,45,138,Delayed,93,Short Haul,Poor
8910,Delta,7909,163,122,OnTime,-41,Long Haul,Poor
8911,Emirates,6999,98,129,Delayed,31,Medium Long,Poor
8912,Emirates,11240,89,190,Delayed,101,Long Haul,Poor
8913,Delta,1965,2,75,OnTime,73,Short Haul,Poor
8914,Indigo,4417,157,104,OnTime,-53,Medium Long,Poor
8915,Delta,4156,140,69,Delayed,-71,Medium Long,Poor
8916,Delta,11927,65,27,OnTime,-38,Long Haul,Good
8917,Indigo,1921,110,121,OnTime,11,Short Haul,Poor
8918,Delta,9277,159,135,Delayed,-24,Long Haul,Poor
8919,Delta,7021,128,184,Delayed,56,Long Haul,Poor
8920,Indigo,4549,16,134,OnTime,118,Medium Long,Poor
8921,Lufthansa,5566,176,98,Delayed,-78,Medium Long,Poor
8922,Lufthansa,7709,59,151,Delayed,92,Long Haul,Poor
8923,Lufthansa,7410,171,90,OnTime,-81,Long Haul,Poor
8924,Delta,11329,93,87,Delayed,-6,Long Haul,Poor
8925,Emirates,5021,3,187,OnTime,184,Medium Long,Poor
8926,Delta,9284,165,160,Delayed,-5,Long Haul,Poor
8927,Delta,9167,91,99,Delayed,8,Long Haul,Poor
8928,Emirates,2401,168,197,Delayed,29,Short Haul,Poor
8929,Emirates,11017,42,93,OnTime,51,Long Haul,Poor
8930,Indigo,9088,137,73,Delayed,-64,Long Haul,Poor
8931,Indigo,3397,84,156,OnTime,72,Medium Long,Poor
8932,Delta,11190,148,146,Delayed,-2,Long Haul,Poor
8933,Indigo,3906,118,172,OnTime,54,Medium Long,Poor
8934,Emirates,5437,102,74,OnTime,-28,Medium Long,Poor
8935,Lufthansa,5725,60,118,OnTime,58,Medium Long,Poor
8936,Delta,3197,143,161,Delayed,18,Medium Long,Poor
8937,Delta,1941,108,76,Delayed,-32,Short Haul,Poor
8938,Delta,10311,51,38,OnTime,-13,Long Haul,Poor
8939,Lufthansa,1548,119,87,Delayed,-32,Short Haul,Poor
8940,Delta,11493,101,12,OnTime,-89,Long Haul,Good
8941,Indigo,11768,59,157,Delayed,98,Long Haul,Poor
8942,Lufthansa,6784,71,100,Delayed,29,Medium Long,Poor
8943,Indigo,276,108,16,OnTime,-92,Short Haul,Good
8944,Indigo,6066,157,183,OnTime,26,Medium Long,Poor
8945,Indigo,4697,32,177,Delayed,145,Medium Long,Poor
8946,Emirates,4981,66,18,Delayed,-48,Medium Long,Good
8947,Delta,8723,90,1,Delayed,-89,Long Haul,Good
8948,Indigo,1609,10,17,Delayed,7,Short Haul,Good
8949,Delta,2911,142,25,Delayed,-117,Short Haul,Good
8950,Emirates,11924,7,10,OnTime,3,Long Haul,Good
8951,Delta,6859,43,60,OnTime,17,Medium Long,Poor
8952,Emirates,400,105,90,Delayed,-15,Short Haul,Poor
8953,Delta,5356,98,39,OnTime,-59,Medium Long,Poor
8954,Delta,7911,148,186,OnTime,38,Long Haul,Poor
8955,Lufthansa,559,21,36,Delayed,15,Short Haul,Poor
8956,Indigo,11320,63,18,OnTime,-45,Long Haul,Good
8957,Lufthansa,8323,84,196,OnTime,112,Long Haul,Poor
8958,Indigo,305,170,99,OnTime,-71,Short Haul,Poor
8959,Emirates,9205,0,94,OnTime,94,Long Haul,Poor
8960,Delta,8801,143,111,OnTime,-32,Long Haul,Poor
8961,Lufthansa,5200,49,173,Delayed,124,Medium Long,Poor
8962,Delta,1278,174,101,Delayed,-73,Short Haul,Poor
8963,Indigo,4539,156,42,Delayed,-114,Medium Long,Poor
8964,Delta,8977,155,89,OnTime,-66,Long Haul,Poor
8965,Emirates,11128,44,176,OnTime,132,Long Haul,Poor
8966,Lufthansa,5557,169,20,OnTime,-149,Medium Long,Good
8967,Emirates,6477,72,90,OnTime,18,Medium Long,Poor
8968,Lufthansa,4621,140,122,OnTime,-18,Medium Long,Poor
8969,Delta,9170,139,90,Delayed,-49,Long Haul,Poor
8970,Lufthansa,11448,52,189,OnTime,137,Long Haul,Poor
8971,Emirates,8102,142,183,OnTime,41,Long Haul,Poor
8972,Indigo,9600,17,141,Delayed,124,Long Haul,Poor
8973,Lufthansa,1503,36,90,OnTime,54,Short Haul,Poor
8974,Emirates,329,165,174,OnTime,9,Short Haul,Poor
8975,Emirates,3813,141,144,Delayed,3,Medium Long,Poor
8976,Emirates,10446,169,130,OnTime,-39,Long Haul,Poor
8977,Indigo,4353,87,152,Delayed,65,Medium Long,Poor
8978,Delta,4428,124,198,OnTime,74,Medium Long,Poor
8979,Delta,1562,122,161,Delayed,39,Short Haul,Poor
8980,Delta,1207,24,100,Delayed,76,Short Haul,Poor
8981,Emirates,3580,92,142,OnTime,50,Medium Long,Poor
8982,Delta,8651,58,164,OnTime,106,Long Haul,Poor
8983,Lufthansa,3577,176,51,OnTime,-125,Medium Long,Poor
8984,Emirates,1562,74,165,Delayed,91,Short Haul,Poor
8985,Indigo,11750,65,114,OnTime,49,Long Haul,Poor
8986,Indigo,6833,146,34,Delayed,-112,Medium Long,Poor
8987,Emirates,6306,90,142,OnTime,52,Medium Long,Poor
8988,Emirates,4688,149,19,Delayed,-130,Medium Long,Good
8989,Emirates,1880,53,141,Delayed,88,Short Haul,Poor
8990,Lufthansa,10371,177,26,OnTime,-151,Long Haul,Good
8991,Indigo,5563,68,131,Delayed,63,Medium Long,Poor
8992,Lufthansa,5843,138,44,OnTime,-94,Medium Long,Poor
8993,Lufthansa,2179,19,88,OnTime,69,Short Haul,Poor
8994,Indigo,5750,118,162,Delayed,44,Medium Long,Poor
8995,Indigo,11045,46,178,Delayed,132,Long Haul,Poor
8996,Delta,1486,45,138,OnTime,93,Short Haul,Poor
8997,Lufthansa,1567,144,8,OnTime,-136,Short Haul,Good
8998,Delta,10634,8,60,OnTime,52,Long Haul,Poor
8999,Lufthansa,849,95,113,OnTime,18,Short Haul,Poor
9000,Emirates,2191,67,163,Delayed,96,Short Haul,Poor
9001,Indigo,3102,43,144,Delayed,101,Medium Long,Poor
9002,Delta,7057,78,160,Delayed,82,Long Haul,Poor
9003,Lufthansa,11295,107,94,Delayed,-13,Long Haul,Poor
9004,Indigo,2685,44,29,Delayed,-15,Short Haul,Good
9005,Emirates,11359,137,179,Delayed,42,Long Haul,Poor
9006,Emirates,8051,25,54,OnTime,29,Long Haul,Poor
9007,Delta,408,130,194,OnTime,64,Short Haul,Poor
9008,Emirates,3590,88,195,OnTime,107,Medium Long,Poor
9009,Lufthansa,9716,86,51,Delayed,-35,Long Haul,Poor
9010,Delta,1404,163,31,Delayed,-132,Short Haul,Poor
9011,Indigo,6472,175,29,Delayed,-146,Medium Long,Good
9012,Emirates,5486,65,130,Delayed,65,Medium Long,Poor
9013,Emirates,4317,178,101,OnTime,-77,Medium Long,Poor
9014,Lufthansa,2671,63,57,Delayed,-6,Short Haul,Poor
9015,Delta,4970,102,197,Delayed,95,Medium Long,Poor
9016,Emirates,5058,55,60,OnTime,5,Medium Long,Poor
9017,Lufthansa,5803,35,149,Delayed,114,Medium Long,Poor
9018,Emirates,1606,52,113,Delayed,61,Short Haul,Poor
9019,Delta,2956,151,75,OnTime,-76,Short Haul,Poor
9020,Lufthansa,11800,69,18,Delayed,-51,Long Haul,Good
9021,Delta,3582,147,105,OnTime,-42,Medium Long,Poor
9022,Emirates,2792,143,73,OnTime,-70,Short Haul,Poor
9023,Lufthansa,5981,31,90,OnTime,59,Medium Long,Poor
9024,Emirates,8901,10,161,Delayed,151,Long Haul,Poor
9025,Indigo,7621,112,56,OnTime,-56,Long Haul,Poor
9026,Delta,6373,49,76,Delayed,27,Medium Long,Poor
9027,Indigo,6234,127,149,OnTime,22,Medium Long,Poor
9028,Emirates,1663,93,162,OnTime,69,Short Haul,Poor
9029,Delta,5543,113,168,Delayed,55,Medium Long,Poor
9030,Delta,3726,71,61,OnTime,-10,Medium Long,Poor
9031,Emirates,1351,173,75,OnTime,-98,Short Haul,Poor
9032,Emirates,3062,31,30,Delayed,-1,Medium Long,Good
9033,Indigo,11581,83,171,Delayed,88,Long Haul,Poor
9034,Emirates,8196,143,189,OnTime,46,Long Haul,Poor
9035,Delta,10713,112,156,Delayed,44,Long Haul,Poor
9036,Indigo,4470,22,101,OnTime,79,Medium Long,Poor
9037,Delta,11420,43,160,Delayed,117,Long Haul,Poor
9038,Lufthansa,9800,151,178,OnTime,27,Long Haul,Poor
9039,Emirates,7104,76,171,OnTime,95,Long Haul,Poor
9040,Indigo,11745,85,161,OnTime,76,Long Haul,Poor
9041,Emirates,7710,26,55,Delayed,29,Long Haul,Poor
9042,Indigo,8176,98,98,Delayed,0,Long Haul,Poor
9043,Emirates,788,1,187,Delayed,186,Short Haul,Poor
9044,Emirates,10860,99,193,Delayed,94,Long Haul,Poor
9045,Lufthansa,8950,62,45,OnTime,-17,Long Haul,Poor
9046,Emirates,1039,14,141,Delayed,127,Short Haul,Poor
9047,Lufthansa,4008,143,193,OnTime,50,Medium Long,Poor
9048,Emirates,7195,80,196,OnTime,116,Long Haul,Poor
9049,Indigo,6003,111,106,OnTime,-5,Medium Long,Poor
9050,Lufthansa,8479,127,23,Delayed,-104,Long Haul,Good
9051,Lufthansa,326,119,113,OnTime,-6,Short Haul,Poor
9052,Lufthansa,9098,127,182,OnTime,55,Long Haul,Poor
9053,Lufthansa,4746,63,136,Delayed,73,Medium Long,Poor
9054,Delta,10985,136,12,OnTime,-124,Long Haul,Good
9055,Delta,8867,138,135,OnTime,-3,Long Haul,Poor
9056,Indigo,7610,173,86,Delayed,-87,Long Haul,Poor
9057,Delta,2978,94,22,OnTime,-72,Short Haul,Good
9058,Indigo,11517,36,99,OnTime,63,Long Haul,Poor
9059,Indigo,9536,47,185,OnTime,138,Long Haul,Poor
9060,Delta,7792,36,39,OnTime,3,Long Haul,Poor
9061,Lufthansa,4601,54,194,Delayed,140,Medium Long,Poor
9062,Indigo,9337,91,134,OnTime,43,Long Haul,Poor
9063,Emirates,3992,89,56,Delayed,-33,Medium Long,Poor
9064,Lufthansa,6908,24,171,OnTime,147,Medium Long,Poor
9065,Indigo,8072,66,148,OnTime,82,Long Haul,Poor
9066,Indigo,8265,110,159,OnTime,49,Long Haul,Poor
9067,Lufthansa,8519,1,196,Delayed,195,Long Haul,Poor
9068,Emirates,1688,126,159,Delayed,33,Short Haul,Poor
9069,Lufthansa,9488,178,155,Delayed,-23,Long Haul,Poor
9070,Indigo,7125,48,77,OnTime,29,Long Haul,Poor
9071,Indigo,1493,10,93,Delayed,83,Short Haul,Poor
9072,Emirates,4279,1,83,Delayed,82,Medium Long,Poor
9073,Lufthansa,9300,175,66,OnTime,-109,Long Haul,Poor
9074,Delta,6323,13,94,OnTime,81,Medium Long,Poor
9075,Indigo,6046,111,144,Delayed,33,Medium Long,Poor
9076,Delta,11660,100,161,Delayed,61,Long Haul,Poor
9077,Delta,8949,141,124,OnTime,-17,Long Haul,Poor
9078,Indigo,7496,67,86,OnTime,19,Long Haul,Poor
9079,Lufthansa,4748,135,130,Delayed,-5,Medium Long,Poor
9080,Delta,6693,58,137,Delayed,79,Medium Long,Poor
9081,Emirates,7676,41,121,Delayed,80,Long Haul,Poor
9082,Emirates,4939,94,86,Delayed,-8,Medium Long,Poor
9083,Lufthansa,9090,152,102,Delayed,-50,Long Haul,Poor
9084,Emirates,6541,2,6,OnTime,4,Medium Long,Good
9085,Indigo,1713,90,189,OnTime,99,Short Haul,Poor
9086,Delta,6359,128,187,OnTime,59,Medium Long,Poor
9087,Indigo,10915,64,167,Delayed,103,Long Haul,Poor
9088,Emirates,8119,109,12,Delayed,-97,Long Haul,Good
9089,Delta,3254,28,137,Delayed,109,Medium Long,Poor
9090,Delta,4845,157,177,OnTime,20,Medium Long,Poor
9091,Indigo,9765,124,114,OnTime,-10,Long Haul,Poor
9092,Indigo,11689,153,43,Delayed,-110,Long Haul,Poor
9093,Lufthansa,10807,114,181,OnTime,67,Long Haul,Poor
9094,Lufthansa,5810,10,95,Delayed,85,Medium Long,Poor
9095,Indigo,3256,46,112,OnTime,66,Medium Long,Poor
9096,Delta,6660,24,81,OnTime,57,Medium Long,Poor
9097,Delta,2150,129,159,Delayed,30,Short Haul,Poor
9098,Indigo,1831,58,2,Delayed,-56,Short Haul,Good
9099,Indigo,1981,88,117,Delayed,29,Short Haul,Poor
9100,Delta,7761,168,24,Delayed,-144,Long Haul,Good
9101,Emirates,9319,3,69,Delayed,66,Long Haul,Poor
9102,Delta,7620,172,17,OnTime,-155,Long Haul,Good
9103,Indigo,7452,88,173,Delayed,85,Long Haul,Poor
9104,Emirates,2827,46,2,Delayed,-44,Short Haul,Good
9105,Indigo,1315,100,87,OnTime,-13,Short Haul,Poor
9106,Emirates,11942,153,101,OnTime,-52,Long Haul,Poor
9107,Delta,7778,129,107,OnTime,-22,Long Haul,Poor
9108,Lufthansa,8372,158,108,OnTime,-50,Long Haul,Poor
9109,Lufthansa,3010,94,95,Delayed,1,Medium Long,Poor
9110,Lufthansa,7434,39,73,OnTime,34,Long Haul,Poor
9111,Lufthansa,11772,65,122,Delayed,57,Long Haul,Poor
9112,Delta,4504,73,149,Delayed,76,Medium Long,Poor
9113,Emirates,3448,171,63,OnTime,-108,Medium Long,Poor
9114,Emirates,3852,123,9,OnTime,-114,Medium Long,Good
9115,Emirates,6851,175,30,Delayed,-145,Medium Long,Good
9116,Lufthansa,2400,39,81,OnTime,42,Short Haul,Poor
9117,Emirates,422,64,45,Delayed,-19,Short Haul,Poor
9118,Indigo,11293,39,64,OnTime,25,Long Haul,Poor
9119,Indigo,7710,143,93,OnTime,-50,Long Haul,Poor
9120,Lufthansa,4611,74,27,OnTime,-47,Medium Long,Good
9121,Indigo,9262,76,195,OnTime,119,Long Haul,Poor
9122,Indigo,3182,23,168,Delayed,145,Medium Long,Poor
9123,Delta,5411,89,3,OnTime,-86,Medium Long,Good
9124,Delta,9113,38,74,OnTime,36,Long Haul,Poor
9125,Delta,3182,112,83,OnTime,-29,Medium Long,Poor
9126,Delta,4426,165,63,OnTime,-102,Medium Long,Poor
9127,Indigo,487,67,38,OnTime,-29,Short Haul,Poor
9128,Indigo,2927,128,5,Delayed,-123,Short Haul,Good
9129,Lufthansa,1774,9,86,OnTime,77,Short Haul,Poor
9130,Indigo,11124,90,44,OnTime,-46,Long Haul,Poor
9131,Lufthansa,10169,175,184,OnTime,9,Long Haul,Poor
9132,Emirates,1642,146,187,Delayed,41,Short Haul,Poor
9133,Lufthansa,424,41,149,Delayed,108,Short Haul,Poor
9134,Delta,5924,133,62,OnTime,-71,Medium Long,Poor
9135,Emirates,4175,144,99,Delayed,-45,Medium Long,Poor
9136,Indigo,10305,32,108,Delayed,76,Long Haul,Poor
9137,Lufthansa,2247,64,91,OnTime,27,Short Haul,Poor
9138,Delta,758,133,26,OnTime,-107,Short Haul,Good
9139,Delta,7817,88,196,OnTime,108,Long Haul,Poor
9140,Lufthansa,4704,147,117,OnTime,-30,Medium Long,Poor
9141,Indigo,3141,129,152,OnTime,23,Medium Long,Poor
9142,Delta,7360,57,48,Delayed,-9,Long Haul,Poor
9143,Delta,3996,172,12,Delayed,-160,Medium Long,Good
9144,Lufthansa,5827,2,6,Delayed,4,Medium Long,Good
9145,Lufthansa,4762,162,144,OnTime,-18,Medium Long,Poor
9146,Delta,11737,8,24,OnTime,16,Long Haul,Good
9147,Delta,4820,162,61,Delayed,-101,Medium Long,Poor
9148,Lufthansa,4917,174,55,OnTime,-119,Medium Long,Poor
9149,Indigo,8073,52,56,OnTime,4,Long Haul,Poor
9150,Delta,8214,142,185,Delayed,43,Long Haul,Poor
9151,Indigo,1214,44,30,OnTime,-14,Short Haul,Good
9152,Delta,287,117,188,Delayed,71,Short Haul,Poor
9153,Delta,628,31,43,Delayed,12,Short Haul,Poor
9154,Delta,3751,51,94,Delayed,43,Medium Long,Poor
9155,Emirates,3806,106,114,Delayed,8,Medium Long,Poor
9156,Delta,11318,83,186,Delayed,103,Long Haul,Poor
9157,Emirates,1184,41,90,Delayed,49,Short Haul,Poor
9158,Indigo,11133,89,82,Delayed,-7,Long Haul,Poor
9159,Lufthansa,1893,12,76,OnTime,64,Short Haul,Poor
9160,Emirates,8043,44,48,Delayed,4,Long Haul,Poor
9161,Indigo,1219,9,58,OnTime,49,Short Haul,Poor
9162,Delta,10569,39,158,Delayed,119,Long Haul,Poor
9163,Delta,1796,123,116,OnTime,-7,Short Haul,Poor
9164,Emirates,7026,36,104,Delayed,68,Long Haul,Poor
9165,Indigo,4391,55,72,OnTime,17,Medium Long,Poor
9166,Emirates,6380,86,198,Delayed,112,Medium Long,Poor
9167,Lufthansa,5571,145,56,OnTime,-89,Medium Long,Poor
9168,Delta,1316,52,113,OnTime,61,Short Haul,Poor
9169,Lufthansa,9662,33,196,Delayed,163,Long Haul,Poor
9170,Delta,11219,131,171,OnTime,40,Long Haul,Poor
9171,Delta,2823,27,111,Delayed,84,Short Haul,Poor
9172,Lufthansa,2162,13,188,Delayed,175,Short Haul,Poor
9173,Delta,9430,171,93,Delayed,-78,Long Haul,Poor
9174,Delta,10525,14,198,Delayed,184,Long Haul,Poor
9175,Indigo,8810,157,13,OnTime,-144,Long Haul,Good
9176,Lufthansa,11227,175,27,Delayed,-148,Long Haul,Good
9177,Emirates,10267,111,124,OnTime,13,Long Haul,Poor
9178,Delta,458,61,58,Delayed,-3,Short Haul,Poor
9179,Indigo,1717,127,92,Delayed,-35,Short Haul,Poor
9180,Emirates,10945,112,127,Delayed,15,Long Haul,Poor
9181,Delta,5703,56,175,Delayed,119,Medium Long,Poor
9182,Emirates,9854,148,85,OnTime,-63,Long Haul,Poor
9183,Lufthansa,5090,34,21,Delayed,-13,Medium Long,Good
9184,Indigo,582,70,138,Delayed,68,Short Haul,Poor
9185,Indigo,1690,5,31,Delayed,26,Short Haul,Poor
9186,Indigo,2592,67,152,OnTime,85,Short Haul,Poor
9187,Lufthansa,7579,165,108,Delayed,-57,Long Haul,Poor
9188,Delta,9608,70,128,Delayed,58,Long Haul,Poor
9189,Delta,7919,177,185,OnTime,8,Long Haul,Poor
9190,Emirates,11113,169,18,OnTime,-151,Long Haul,Good
9191,Lufthansa,2457,108,108,OnTime,0,Short Haul,Poor
9192,Lufthansa,2482,97,74,Delayed,-23,Short Haul,Poor
9193,Emirates,6945,103,96,Delayed,-7,Medium Long,Poor
9194,Lufthansa,9638,30,157,OnTime,127,Long Haul,Poor
9195,Indigo,7037,21,172,Delayed,151,Long Haul,Poor
9196,Indigo,5059,169,22,OnTime,-147,Medium Long,Good
9197,Emirates,11796,13,70,Delayed,57,Long Haul,Poor
9198,Emirates,8776,13,51,Delayed,38,Long Haul,Poor
9199,Indigo,3084,54,18,OnTime,-36,Medium Long,Good
9200,Emirates,3007,111,153,OnTime,42,Medium Long,Poor
9201,Delta,6977,148,141,Delayed,-7,Medium Long,Poor
9202,Delta,5438,50,49,Delayed,-1,Medium Long,Poor
9203,Lufthansa,5177,30,145,Delayed,115,Medium Long,Poor
9204,Emirates,11289,160,47,Delayed,-113,Long Haul,Poor
9205,Indigo,8130,91,25,Delayed,-66,Long Haul,Good
9206,Lufthansa,10898,69,42,Delayed,-27,Long Haul,Poor
9207,Emirates,2045,24,18,OnTime,-6,Short Haul,Good
9208,Delta,5235,166,155,Delayed,-11,Medium Long,Poor
9209,Lufthansa,5331,35,106,Delayed,71,Medium Long,Poor
9210,Indigo,4691,175,28,OnTime,-147,Medium Long,Good
9211,Indigo,3114,84,176,OnTime,92,Medium Long,Poor
9212,Delta,6252,24,49,Delayed,25,Medium Long,Poor
9213,Lufthansa,10667,46,33,Delayed,-13,Long Haul,Poor
9214,Delta,10612,154,177,OnTime,23,Long Haul,Poor
9215,Emirates,2301,104,6,Delayed,-98,Short Haul,Good
9216,Lufthansa,1716,49,85,Delayed,36,Short Haul,Poor
9217,Delta,4724,46,56,Delayed,10,Medium Long,Poor
9218,Lufthansa,2453,129,114,OnTime,-15,Short Haul,Poor
9219,Delta,9977,7,20,OnTime,13,Long Haul,Good
9220,Lufthansa,9101,72,119,Delayed,47,Long Haul,Poor
9221,Emirates,2099,17,13,Delayed,-4,Short Haul,Good
9222,Delta,11171,113,4,Delayed,-109,Long Haul,Good
9223,Emirates,1380,49,79,Delayed,30,Short Haul,Poor
9224,Indigo,1981,90,191,Delayed,101,Short Haul,Poor
9225,Lufthansa,4082,0,171,OnTime,171,Medium Long,Poor
9226,Indigo,8578,55,166,Delayed,111,Long Haul,Poor
9227,Lufthansa,6583,42,106,OnTime,64,Medium Long,Poor
9228,Lufthansa,4301,114,85,OnTime,-29,Medium Long,Poor
9229,Delta,4198,60,79,Delayed,19,Medium Long,Poor
9230,Emirates,8543,36,135,OnTime,99,Long Haul,Poor
9231,Delta,10681,103,13,OnTime,-90,Long Haul,Good
9232,Lufthansa,3031,28,187,Delayed,159,Medium Long,Poor
9233,Emirates,11522,154,78,Delayed,-76,Long Haul,Poor
9234,Lufthansa,9177,72,74,OnTime,2,Long Haul,Poor
9235,Lufthansa,5020,71,99,Delayed,28,Medium Long,Poor
9236,Emirates,7374,133,131,Delayed,-2,Long Haul,Poor
9237,Lufthansa,2711,46,43,Delayed,-3,Short Haul,Poor
9238,Emirates,202,14,59,OnTime,45,Short Haul,Poor
9239,Delta,2748,46,78,OnTime,32,Short Haul,Poor
9240,Indigo,2257,29,168,OnTime,139,Short Haul,Poor
9241,Emirates,208,135,131,Delayed,-4,Short Haul,Poor
9242,Delta,5443,21,3,Delayed,-18,Medium Long,Good
9243,Lufthansa,4711,28,55,Delayed,27,Medium Long,Poor
9244,Indigo,10248,133,125,OnTime,-8,Long Haul,Poor
9245,Indigo,9434,52,134,OnTime,82,Long Haul,Poor
9246,Indigo,5444,135,27,Delayed,-108,Medium Long,Good
9247,Lufthansa,10753,91,59,OnTime,-32,Long Haul,Poor
9248,Lufthansa,973,65,82,OnTime,17,Short Haul,Poor
9249,Emirates,2385,112,53,Delayed,-59,Short Haul,Poor
9250,Delta,6450,28,100,Delayed,72,Medium Long,Poor
9251,Delta,3434,91,82,OnTime,-9,Medium Long,Poor
9252,Delta,2369,39,4,Delayed,-35,Short Haul,Good
9253,Lufthansa,412,96,93,Delayed,-3,Short Haul,Poor
9254,Indigo,9507,49,128,Delayed,79,Long Haul,Poor
9255,Indigo,4842,109,114,Delayed,5,Medium Long,Poor
9256,Indigo,6009,177,96,OnTime,-81,Medium Long,Poor
9257,Delta,10187,125,160,OnTime,35,Long Haul,Poor
9258,Delta,10401,136,47,Delayed,-89,Long Haul,Poor
9259,Indigo,7272,43,9,OnTime,-34,Long Haul,Good
9260,Indigo,2722,110,139,OnTime,29,Short Haul,Poor
9261,Indigo,4695,54,83,Delayed,29,Medium Long,Poor
9262,Emirates,2042,104,36,OnTime,-68,Short Haul,Poor
9263,Emirates,7444,49,171,OnTime,122,Long Haul,Poor
9264,Emirates,3859,151,62,OnTime,-89,Medium Long,Poor
9265,Delta,2905,91,80,Delayed,-11,Short Haul,Poor
9266,Delta,2834,15,162,OnTime,147,Short Haul,Poor
9267,Emirates,1978,52,36,OnTime,-16,Short Haul,Poor
9268,Delta,6800,69,113,OnTime,44,Medium Long,Poor
9269,Indigo,8702,129,185,OnTime,56,Long Haul,Poor
9270,Delta,1940,99,97,Delayed,-2,Short Haul,Poor
9271,Lufthansa,11442,179,90,Delayed,-89,Long Haul,Poor
9272,Indigo,1907,98,152,OnTime,54,Short Haul,Poor
9273,Delta,5400,80,13,Delayed,-67,Medium Long,Good
9274,Indigo,4761,114,158,OnTime,44,Medium Long,Poor
9275,Indigo,6846,113,14,Delayed,-99,Medium Long,Good
9276,Emirates,5008,3,30,Delayed,27,Medium Long,Good
9277,Lufthansa,8360,43,50,Delayed,7,Long Haul,Poor
9278,Emirates,5809,71,29,OnTime,-42,Medium Long,Good
9279,Lufthansa,1920,170,104,Delayed,-66,Short Haul,Poor
9280,Emirates,6752,77,32,OnTime,-45,Medium Long,Poor
9281,Indigo,8734,51,22,Delayed,-29,Long Haul,Good
9282,Emirates,346,88,190,OnTime,102,Short Haul,Poor
9283,Emirates,2005,157,0,Delayed,-157,Short Haul,Good
9284,Emirates,2558,113,87,Delayed,-26,Short Haul,Poor
9285,Delta,313,134,98,Delayed,-36,Short Haul,Poor
9286,Indigo,11971,177,189,OnTime,12,Long Haul,Poor
9287,Indigo,7566,64,158,OnTime,94,Long Haul,Poor
9288,Lufthansa,7156,126,185,OnTime,59,Long Haul,Poor
9289,Indigo,2106,156,16,OnTime,-140,Short Haul,Good
9290,Delta,372,179,47,OnTime,-132,Short Haul,Poor
9291,Indigo,9922,69,6,Delayed,-63,Long Haul,Good
9292,Emirates,4036,12,98,Delayed,86,Medium Long,Poor
9293,Indigo,11351,139,198,OnTime,59,Long Haul,Poor
9294,Lufthansa,3644,176,138,Delayed,-38,Medium Long,Poor
9295,Delta,8551,28,96,OnTime,68,Long Haul,Poor
9296,Emirates,10985,165,110,OnTime,-55,Long Haul,Poor
9297,Emirates,3036,12,116,OnTime,104,Medium Long,Poor
9298,Emirates,7268,56,108,OnTime,52,Long Haul,Poor
9299,Indigo,8710,91,116,OnTime,25,Long Haul,Poor
9300,Emirates,4667,83,124,OnTime,41,Medium Long,Poor
9301,Emirates,3519,49,58,OnTime,9,Medium Long,Poor
9302,Emirates,9554,71,94,OnTime,23,Long Haul,Poor
9303,Indigo,9735,178,81,Delayed,-97,Long Haul,Poor
9304,Indigo,1992,137,92,Delayed,-45,Short Haul,Poor
9305,Lufthansa,3653,54,72,Delayed,18,Medium Long,Poor
9306,Indigo,8217,14,37,Delayed,23,Long Haul,Poor
9307,Delta,3352,53,31,OnTime,-22,Medium Long,Poor
9308,Delta,615,16,175,OnTime,159,Short Haul,Poor
9309,Emirates,7604,97,164,OnTime,67,Long Haul,Poor
9310,Delta,7941,47,63,OnTime,16,Long Haul,Poor
9311,Lufthansa,8850,86,46,Delayed,-40,Long Haul,Poor
9312,Emirates,5435,76,22,OnTime,-54,Medium Long,Good
9313,Lufthansa,4084,121,120,OnTime,-1,Medium Long,Poor
9314,Delta,10549,89,4,Delayed,-85,Long Haul,Good
9315,Indigo,2900,58,59,OnTime,1,Short Haul,Poor
9316,Lufthansa,2496,72,80,Delayed,8,Short Haul,Poor
9317,Delta,3248,121,49,Delayed,-72,Medium Long,Poor
9318,Indigo,2693,171,135,Delayed,-36,Short Haul,Poor
9319,Emirates,5116,78,152,OnTime,74,Medium Long,Poor
9320,Lufthansa,5320,111,3,OnTime,-108,Medium Long,Good
9321,Indigo,6824,179,39,Delayed,-140,Medium Long,Poor
9322,Indigo,5143,179,127,OnTime,-52,Medium Long,Poor
9323,Emirates,833,82,162,Delayed,80,Short Haul,Poor
9324,Delta,10474,136,80,OnTime,-56,Long Haul,Poor
9325,Lufthansa,8105,162,82,OnTime,-80,Long Haul,Poor
9326,Lufthansa,6382,80,55,Delayed,-25,Medium Long,Poor
9327,Emirates,248,145,83,Delayed,-62,Short Haul,Poor
9328,Indigo,10509,163,12,OnTime,-151,Long Haul,Good
9329,Lufthansa,3071,96,1,Delayed,-95,Medium Long,Good
9330,Delta,4213,116,113,Delayed,-3,Medium Long,Poor
9331,Lufthansa,1075,86,107,OnTime,21,Short Haul,Poor
9332,Emirates,2327,130,154,Delayed,24,Short Haul,Poor
9333,Emirates,7523,101,160,Delayed,59,Long Haul,Poor
9334,Lufthansa,9177,42,53,OnTime,11,Long Haul,Poor
9335,Delta,11075,58,89,OnTime,31,Long Haul,Poor
9336,Emirates,11637,63,161,Delayed,98,Long Haul,Poor
9337,Emirates,7459,38,41,OnTime,3,Long Haul,Poor
9338,Indigo,5326,13,138,OnTime,125,Medium Long,Poor
9339,Indigo,4002,106,95,Delayed,-11,Medium Long,Poor
9340,Delta,9785,60,143,OnTime,83,Long Haul,Poor
9341,Delta,7621,68,117,OnTime,49,Long Haul,Poor
9342,Lufthansa,5206,8,198,Delayed,190,Medium Long,Poor
9343,Indigo,1413,130,24,Delayed,-106,Short Haul,Good
9344,Lufthansa,11081,111,198,Delayed,87,Long Haul,Poor
9345,Delta,7579,29,94,OnTime,65,Long Haul,Poor
9346,Indigo,11611,87,169,Delayed,82,Long Haul,Poor
9347,Emirates,643,145,43,OnTime,-102,Short Haul,Poor
9348,Indigo,3957,44,39,Delayed,-5,Medium Long,Poor
9349,Lufthansa,8302,16,166,OnTime,150,Long Haul,Poor
9350,Emirates,1415,105,86,Delayed,-19,Short Haul,Poor
9351,Emirates,3763,25,80,Delayed,55,Medium Long,Poor
9352,Lufthansa,5694,142,35,Delayed,-107,Medium Long,Poor
9353,Indigo,11797,84,172,Delayed,88,Long Haul,Poor
9354,Emirates,9331,148,162,Delayed,14,Long Haul,Poor
9355,Delta,468,117,108,OnTime,-9,Short Haul,Poor
9356,Lufthansa,4985,60,13,OnTime,-47,Medium Long,Good
9357,Delta,10597,177,134,Delayed,-43,Long Haul,Poor
9358,Delta,7063,67,111,Delayed,44,Long Haul,Poor
9359,Delta,5321,76,107,Delayed,31,Medium Long,Poor
9360,Delta,9839,8,181,OnTime,173,Long Haul,Poor
9361,Emirates,4873,62,111,Delayed,49,Medium Long,Poor
9362,Indigo,9081,14,94,OnTime,80,Long Haul,Poor
9363,Indigo,5056,129,164,OnTime,35,Medium Long,Poor
9364,Indigo,8152,49,111,OnTime,62,Long Haul,Poor
9365,Delta,4400,175,26,Delayed,-149,Medium Long,Good
9366,Emirates,2791,0,128,Delayed,128,Short Haul,Poor
9367,Emirates,3304,171,66,OnTime,-105,Medium Long,Poor
9368,Indigo,10271,41,152,Delayed,111,Long Haul,Poor
9369,Emirates,9086,70,33,OnTime,-37,Long Haul,Poor
9370,Indigo,6290,159,86,Delayed,-73,Medium Long,Poor
9371,Emirates,2433,31,40,OnTime,9,Short Haul,Poor
9372,Delta,244,102,133,Delayed,31,Short Haul,Poor
9373,Indigo,6340,14,110,Delayed,96,Medium Long,Poor
9374,Delta,2985,5,193,Delayed,188,Short Haul,Poor
9375,Lufthansa,2129,140,92,Delayed,-48,Short Haul,Poor
9376,Emirates,6807,152,39,OnTime,-113,Medium Long,Poor
9377,Indigo,1061,104,104,OnTime,0,Short Haul,Poor
9378,Indigo,7053,3,79,Delayed,76,Long Haul,Poor
9379,Delta,7041,125,126,Delayed,1,Long Haul,Poor
9380,Emirates,3289,54,34,Delayed,-20,Medium Long,Poor
9381,Lufthansa,2418,0,181,OnTime,181,Short Haul,Poor
9382,Delta,2776,156,76,Delayed,-80,Short Haul,Poor
9383,Emirates,8291,109,156,Delayed,47,Long Haul,Poor
9384,Emirates,4733,130,107,Delayed,-23,Medium Long,Poor
9385,Emirates,7283,0,189,Delayed,189,Long Haul,Poor
9386,Delta,11679,41,37,Delayed,-4,Long Haul,Poor
9387,Indigo,10766,95,65,OnTime,-30,Long Haul,Poor
9388,Emirates,2054,22,85,Delayed,63,Short Haul,Poor
9389,Emirates,10728,80,196,Delayed,116,Long Haul,Poor
9390,Delta,4280,110,69,OnTime,-41,Medium Long,Poor
9391,Emirates,1550,7,128,OnTime,121,Short Haul,Poor
9392,Lufthansa,7367,158,102,Delayed,-56,Long Haul,Poor
9393,Delta,6196,81,189,Delayed,108,Medium Long,Poor
9394,Indigo,4689,53,76,Delayed,23,Medium Long,Poor
9395,Lufthansa,4625,29,198,Delayed,169,Medium Long,Poor
9396,Lufthansa,7583,167,26,OnTime,-141,Long Haul,Good
9397,Delta,11676,93,98,Delayed,5,Long Haul,Poor
9398,Emirates,291,141,169,Delayed,28,Short Haul,Poor
9399,Delta,1352,117,70,OnTime,-47,Short Haul,Poor
9400,Delta,5958,16,168,OnTime,152,Medium Long,Poor
9401,Delta,10192,62,91,Delayed,29,Long Haul,Poor
9402,Indigo,2766,9,54,OnTime,45,Short Haul,Poor
9403,Delta,4390,167,3,Delayed,-164,Medium Long,Good
9404,Emirates,8097,76,21,Delayed,-55,Long Haul,Good
9405,Indigo,7199,28,141,Delayed,113,Long Haul,Poor
9406,Delta,2539,169,12,OnTime,-157,Short Haul,Good
9407,Lufthansa,8749,158,55,OnTime,-103,Long Haul,Poor
9408,Lufthansa,8002,77,97,Delayed,20,Long Haul,Poor
9409,Indigo,9131,63,27,OnTime,-36,Long Haul,Good
9410,Lufthansa,9194,113,53,OnTime,-60,Long Haul,Poor
9411,Lufthansa,1325,32,99,OnTime,67,Short Haul,Poor
9412,Delta,2667,8,93,OnTime,85,Short Haul,Poor
9413,Lufthansa,2095,127,6,Delayed,-121,Short Haul,Good
9414,Indigo,6543,49,31,OnTime,-18,Medium Long,Poor
9415,Indigo,9682,80,35,OnTime,-45,Long Haul,Poor
9416,Delta,4659,172,163,Delayed,-9,Medium Long,Poor
9417,Indigo,11187,110,20,OnTime,-90,Long Haul,Good
9418,Lufthansa,11405,69,196,Delayed,127,Long Haul,Poor
9419,Delta,7859,47,151,OnTime,104,Long Haul,Poor
9420,Lufthansa,10617,75,92,Delayed,17,Long Haul,Poor
9421,Emirates,2057,143,57,Delayed,-86,Short Haul,Poor
9422,Lufthansa,375,96,172,Delayed,76,Short Haul,Poor
9423,Emirates,2732,132,145,OnTime,13,Short Haul,Poor
9424,Lufthansa,4976,28,103,OnTime,75,Medium Long,Poor
9425,Lufthansa,2809,33,181,OnTime,148,Short Haul,Poor
9426,Emirates,6371,176,175,OnTime,-1,Medium Long,Poor
9427,Lufthansa,531,122,113,Delayed,-9,Short Haul,Poor
9428,Delta,3640,27,131,OnTime,104,Medium Long,Poor
9429,Emirates,4044,148,73,OnTime,-75,Medium Long,Poor
9430,Indigo,8908,87,175,OnTime,88,Long Haul,Poor
9431,Indigo,10126,33,174,OnTime,141,Long Haul,Poor
9432,Emirates,11701,96,142,OnTime,46,Long Haul,Poor
9433,Indigo,9991,131,44,Delayed,-87,Long Haul,Poor
9434,Indigo,3831,144,109,OnTime,-35,Medium Long,Poor
9435,Indigo,10807,148,65,Delayed,-83,Long Haul,Poor
9436,Lufthansa,1690,50,193,Delayed,143,Short Haul,Poor
9437,Emirates,6503,149,47,OnTime,-102,Medium Long,Poor
9438,Lufthansa,741,28,181,OnTime,153,Short Haul,Poor
9439,Lufthansa,6196,150,195,Delayed,45,Medium Long,Poor
9440,Emirates,8763,73,129,OnTime,56,Long Haul,Poor
9441,Emirates,322,7,157,Delayed,150,Short Haul,Poor
9442,Delta,6476,167,180,OnTime,13,Medium Long,Poor
9443,Emirates,9011,45,142,OnTime,97,Long Haul,Poor
9444,Indigo,9923,40,137,OnTime,97,Long Haul,Poor
9445,Delta,6507,146,32,Delayed,-114,Medium Long,Poor
9446,Indigo,11902,112,196,OnTime,84,Long Haul,Poor
9447,Lufthansa,3964,104,73,Delayed,-31,Medium Long,Poor
9448,Lufthansa,2614,42,100,OnTime,58,Short Haul,Poor
9449,Emirates,7190,170,9,OnTime,-161,Long Haul,Good
9450,Delta,2459,176,24,OnTime,-152,Short Haul,Good
9451,Delta,11826,104,144,OnTime,40,Long Haul,Poor
9452,Delta,8088,85,104,Delayed,19,Long Haul,Poor
9453,Delta,11756,149,1,OnTime,-148,Long Haul,Good
9454,Emirates,8350,119,59,OnTime,-60,Long Haul,Poor
9455,Emirates,4732,38,78,OnTime,40,Medium Long,Poor
9456,Delta,6889,111,166,OnTime,55,Medium Long,Poor
9457,Emirates,9383,119,135,Delayed,16,Long Haul,Poor
9458,Emirates,2294,39,77,OnTime,38,Short Haul,Poor
9459,Emirates,9551,7,157,Delayed,150,Long Haul,Poor
9460,Lufthansa,7823,71,72,OnTime,1,Long Haul,Poor
9461,Emirates,2882,133,151,OnTime,18,Short Haul,Poor
9462,Lufthansa,9553,124,48,OnTime,-76,Long Haul,Poor
9463,Lufthansa,8198,170,177,OnTime,7,Long Haul,Poor
9464,Emirates,1282,173,3,OnTime,-170,Short Haul,Good
9465,Lufthansa,1584,67,21,Delayed,-46,Short Haul,Good
9466,Emirates,7152,7,170,OnTime,163,Long Haul,Poor
9467,Emirates,551,61,107,Delayed,46,Short Haul,Poor
9468,Lufthansa,3815,64,71,OnTime,7,Medium Long,Poor
9469,Lufthansa,1696,165,10,OnTime,-155,Short Haul,Good
9470,Lufthansa,1633,35,61,OnTime,26,Short Haul,Poor
9471,Lufthansa,7187,72,125,OnTime,53,Long Haul,Poor
9472,Indigo,6877,175,130,OnTime,-45,Medium Long,Poor
9473,Delta,5980,155,140,Delayed,-15,Medium Long,Poor
9474,Emirates,7054,132,155,Delayed,23,Long Haul,Poor
9475,Lufthansa,1183,107,123,Delayed,16,Short Haul,Poor
9476,Indigo,5079,132,62,Delayed,-70,Medium Long,Poor
9477,Indigo,7228,43,183,Delayed,140,Long Haul,Poor
9478,Emirates,8929,154,152,OnTime,-2,Long Haul,Poor
9479,Indigo,8447,149,2,Delayed,-147,Long Haul,Good
9480,Lufthansa,8072,95,122,OnTime,27,Long Haul,Poor
9481,Delta,9470,130,60,Delayed,-70,Long Haul,Poor
9482,Delta,9746,76,131,OnTime,55,Long Haul,Poor
9483,Delta,11970,155,161,OnTime,6,Long Haul,Poor
9484,Indigo,4815,140,155,OnTime,15,Medium Long,Poor
9485,Indigo,4552,20,2,OnTime,-18,Medium Long,Good
9486,Lufthansa,7916,130,159,OnTime,29,Long Haul,Poor
9487,Indigo,5763,30,100,OnTime,70,Medium Long,Poor
9488,Lufthansa,6093,113,163,OnTime,50,Medium Long,Poor
9489,Emirates,11225,62,1,OnTime,-61,Long Haul,Good
9490,Indigo,11270,11,108,Delayed,97,Long Haul,Poor
9491,Indigo,10342,28,6,Delayed,-22,Long Haul,Good
9492,Delta,1642,8,59,OnTime,51,Short Haul,Poor
9493,Emirates,3583,143,16,OnTime,-127,Medium Long,Good
9494,Emirates,7245,126,136,Delayed,10,Long Haul,Poor
9495,Delta,1808,2,147,OnTime,145,Short Haul,Poor
9496,Lufthansa,2070,123,57,OnTime,-66,Short Haul,Poor
9497,Lufthansa,5142,134,76,OnTime,-58,Medium Long,Poor
9498,Emirates,9701,48,11,OnTime,-37,Long Haul,Good
9499,Delta,1114,40,109,OnTime,69,Short Haul,Poor
9500,Indigo,2469,22,64,OnTime,42,Short Haul,Poor
9501,Lufthansa,7429,124,65,OnTime,-59,Long Haul,Poor
9502,Emirates,11079,175,169,OnTime,-6,Long Haul,Poor
9503,Emirates,8897,134,118,OnTime,-16,Long Haul,Poor
9504,Emirates,5819,145,114,Delayed,-31,Medium Long,Poor
9505,Delta,11765,115,125,OnTime,10,Long Haul,Poor
9506,Indigo,8498,173,174,Delayed,1,Long Haul,Poor
9507,Emirates,4958,127,137,OnTime,10,Medium Long,Poor
9508,Lufthansa,5371,150,115,OnTime,-35,Medium Long,Poor
9509,Lufthansa,5508,144,32,Delayed,-112,Medium Long,Poor
9510,Lufthansa,4598,124,55,Delayed,-69,Medium Long,Poor
9511,Delta,627,165,167,OnTime,2,Short Haul,Poor
9512,Delta,11221,160,191,OnTime,31,Long Haul,Poor
9513,Delta,6234,91,136,OnTime,45,Medium Long,Poor
9514,Indigo,3599,133,122,OnTime,-11,Medium Long,Poor
9515,Delta,3724,103,190,OnTime,87,Medium Long,Poor
9516,Indigo,8082,176,2,Delayed,-174,Long Haul,Good
9517,Delta,1280,69,124,Delayed,55,Short Haul,Poor
9518,Delta,932,55,7,Delayed,-48,Short Haul,Good
9519,Delta,631,12,44,Delayed,32,Short Haul,Poor
9520,Delta,11976,156,118,OnTime,-38,Long Haul,Poor
9521,Indigo,2315,2,31,OnTime,29,Short Haul,Poor
9522,Delta,5824,63,170,Delayed,107,Medium Long,Poor
9523,Delta,11644,175,79,OnTime,-96,Long Haul,Poor
9524,Lufthansa,4871,56,124,OnTime,68,Medium Long,Poor
9525,Lufthansa,8463,15,53,OnTime,38,Long Haul,Poor
9526,Emirates,2093,26,30,OnTime,4,Short Haul,Good
9527,Lufthansa,5185,105,169,OnTime,64,Medium Long,Poor
9528,Indigo,6422,108,104,OnTime,-4,Medium Long,Poor
9529,Emirates,1263,172,188,Delayed,16,Short Haul,Poor
9530,Indigo,10639,80,90,OnTime,10,Long Haul,Poor
9531,Delta,4944,52,176,OnTime,124,Medium Long,Poor
9532,Emirates,2267,54,94,Delayed,40,Short Haul,Poor
9533,Emirates,1534,140,149,OnTime,9,Short Haul,Poor
9534,Lufthansa,9910,178,49,Delayed,-129,Long Haul,Poor
9535,Delta,11872,163,43,OnTime,-120,Long Haul,Poor
9536,Indigo,8250,78,70,OnTime,-8,Long Haul,Poor
9537,Emirates,324,98,178,Delayed,80,Short Haul,Poor
9538,Lufthansa,7073,167,87,Delayed,-80,Long Haul,Poor
9539,Indigo,11285,19,157,OnTime,138,Long Haul,Poor
9540,Lufthansa,5037,163,109,OnTime,-54,Medium Long,Poor
9541,Delta,8266,57,111,Delayed,54,Long Haul,Poor
9542,Emirates,6214,56,195,OnTime,139,Medium Long,Poor
9543,Indigo,5077,99,75,Delayed,-24,Medium Long,Poor
9544,Indigo,6785,99,182,Delayed,83,Medium Long,Poor
9545,Delta,1914,165,0,OnTime,-165,Short Haul,Good
9546,Indigo,2332,176,131,OnTime,-45,Short Haul,Poor
9547,Indigo,1608,102,113,OnTime,11,Short Haul,Poor
9548,Lufthansa,6234,18,79,OnTime,61,Medium Long,Poor
9549,Emirates,10595,170,16,OnTime,-154,Long Haul,Good
9550,Emirates,2892,40,76,OnTime,36,Short Haul,Poor
9551,Indigo,11126,92,72,OnTime,-20,Long Haul,Poor
9552,Indigo,7215,4,175,Delayed,171,Long Haul,Poor
9553,Delta,6761,47,196,Delayed,149,Medium Long,Poor
9554,Lufthansa,10575,168,129,Delayed,-39,Long Haul,Poor
9555,Indigo,11981,102,79,Delayed,-23,Long Haul,Poor
9556,Lufthansa,6468,145,121,OnTime,-24,Medium Long,Poor
9557,Emirates,11135,147,164,OnTime,17,Long Haul,Poor
9558,Emirates,2257,26,45,OnTime,19,Short Haul,Poor
9559,Lufthansa,10614,43,115,OnTime,72,Long Haul,Poor
9560,Lufthansa,11691,80,183,OnTime,103,Long Haul,Poor
9561,Delta,4035,45,83,OnTime,38,Medium Long,Poor
9562,Indigo,4248,106,36,Delayed,-70,Medium Long,Poor
9563,Emirates,6681,4,108,OnTime,104,Medium Long,Poor
9564,Lufthansa,617,164,170,OnTime,6,Short Haul,Poor
9565,Indigo,6694,133,144,OnTime,11,Medium Long,Poor
9566,Delta,5861,169,101,OnTime,-68,Medium Long,Poor
9567,Emirates,3578,64,177,OnTime,113,Medium Long,Poor
9568,Indigo,10182,61,183,OnTime,122,Long Haul,Poor
9569,Lufthansa,4090,169,146,OnTime,-23,Medium Long,Poor
9570,Indigo,2624,82,48,OnTime,-34,Short Haul,Poor
9571,Delta,10848,161,63,Delayed,-98,Long Haul,Poor
9572,Lufthansa,4777,25,93,OnTime,68,Medium Long,Poor
9573,Indigo,5245,42,91,Delayed,49,Medium Long,Poor
9574,Lufthansa,9842,98,19,Delayed,-79,Long Haul,Good
9575,Indigo,597,121,196,Delayed,75,Short Haul,Poor
9576,Indigo,10835,15,31,OnTime,16,Long Haul,Poor
9577,Lufthansa,11728,67,96,Delayed,29,Long Haul,Poor
9578,Delta,3203,148,163,OnTime,15,Medium Long,Poor
9579,Lufthansa,1323,147,100,Delayed,-47,Short Haul,Poor
9580,Indigo,4654,123,88,OnTime,-35,Medium Long,Poor
9581,Lufthansa,5538,0,5,Delayed,5,Medium Long,Good
9582,Lufthansa,3461,6,10,OnTime,4,Medium Long,Good
9583,Lufthansa,6021,109,21,OnTime,-88,Medium Long,Good
9584,Delta,3873,125,184,Delayed,59,Medium Long,Poor
9585,Delta,11761,27,165,OnTime,138,Long Haul,Poor
9586,Emirates,7392,138,30,Delayed,-108,Long Haul,Good
9587,Indigo,8185,25,139,OnTime,114,Long Haul,Poor
9588,Delta,10662,75,69,Delayed,-6,Long Haul,Poor
9589,Indigo,2893,22,91,Delayed,69,Short Haul,Poor
9590,Emirates,8566,146,143,OnTime,-3,Long Haul,Poor
9591,Indigo,8278,118,190,Delayed,72,Long Haul,Poor
9592,Emirates,4865,78,112,OnTime,34,Medium Long,Poor
9593,Emirates,6540,1,190,OnTime,189,Medium Long,Poor
9594,Indigo,7638,110,25,OnTime,-85,Long Haul,Good
9595,Emirates,5355,160,109,Delayed,-51,Medium Long,Poor
9596,Delta,5201,120,121,OnTime,1,Medium Long,Poor
9597,Delta,10328,167,2,OnTime,-165,Long Haul,Good
9598,Indigo,9905,16,10,Delayed,-6,Long Haul,Good
9599,Indigo,10368,124,54,OnTime,-70,Long Haul,Poor
9600,Emirates,9832,58,64,OnTime,6,Long Haul,Poor
9601,Indigo,5917,134,110,Delayed,-24,Medium Long,Poor
9602,Lufthansa,4394,179,142,Delayed,-37,Medium Long,Poor
9603,Delta,5968,106,75,Delayed,-31,Medium Long,Poor
9604,Delta,8440,10,117,Delayed,107,Long Haul,Poor
9605,Emirates,5526,150,128,Delayed,-22,Medium Long,Poor
9606,Emirates,3486,155,27,Delayed,-128,Medium Long,Good
9607,Indigo,3540,141,90,Delayed,-51,Medium Long,Poor
9608,Lufthansa,3241,139,97,OnTime,-42,Medium Long,Poor
9609,Delta,5276,36,26,Delayed,-10,Medium Long,Good
9610,Emirates,412,10,86,OnTime,76,Short Haul,Poor
9611,Indigo,1779,40,131,Delayed,91,Short Haul,Poor
9612,Indigo,226,133,15,Delayed,-118,Short Haul,Good
9613,Indigo,5786,174,53,OnTime,-121,Medium Long,Poor
9614,Emirates,3053,122,22,OnTime,-100,Medium Long,Good
9615,Lufthansa,10257,4,23,Delayed,19,Long Haul,Good
9616,Emirates,234,151,140,OnTime,-11,Short Haul,Poor
9617,Delta,2319,128,144,OnTime,16,Short Haul,Poor
9618,Delta,9668,173,169,OnTime,-4,Long Haul,Poor
9619,Delta,7153,179,153,OnTime,-26,Long Haul,Poor
9620,Delta,6871,82,50,Delayed,-32,Medium Long,Poor
9621,Delta,2436,81,24,OnTime,-57,Short Haul,Good
9622,Lufthansa,751,60,156,OnTime,96,Short Haul,Poor
9623,Emirates,5444,75,1,OnTime,-74,Medium Long,Good
9624,Delta,6849,76,67,OnTime,-9,Medium Long,Poor
9625,Indigo,6077,167,24,OnTime,-143,Medium Long,Good
9626,Indigo,5032,60,123,OnTime,63,Medium Long,Poor
9627,Delta,7897,177,147,Delayed,-30,Long Haul,Poor
9628,Emirates,3192,30,39,OnTime,9,Medium Long,Poor
9629,Indigo,8751,109,157,OnTime,48,Long Haul,Poor
9630,Delta,9177,97,74,OnTime,-23,Long Haul,Poor
9631,Lufthansa,11196,51,22,Delayed,-29,Long Haul,Good
9632,Delta,9148,160,60,Delayed,-100,Long Haul,Poor
9633,Delta,10229,120,124,Delayed,4,Long Haul,Poor
9634,Lufthansa,8532,70,75,OnTime,5,Long Haul,Poor
9635,Lufthansa,11627,91,77,OnTime,-14,Long Haul,Poor
9636,Lufthansa,8583,101,34,OnTime,-67,Long Haul,Poor
9637,Indigo,4176,124,49,OnTime,-75,Medium Long,Poor
9638,Indigo,8429,11,63,OnTime,52,Long Haul,Poor
9639,Indigo,6456,143,116,OnTime,-27,Medium Long,Poor
9640,Indigo,2941,163,106,OnTime,-57,Short Haul,Poor
9641,Delta,9320,126,184,OnTime,58,Long Haul,Poor
9642,Indigo,2330,124,168,OnTime,44,Short Haul,Poor
9643,Lufthansa,284,49,42,Delayed,-7,Short Haul,Poor
9644,Emirates,8684,79,149,Delayed,70,Long Haul,Poor
9645,Lufthansa,4912,85,21,Delayed,-64,Medium Long,Good
9646,Indigo,10160,141,58,Delayed,-83,Long Haul,Poor
9647,Delta,11320,97,154,Delayed,57,Long Haul,Poor
9648,Delta,5168,131,116,Delayed,-15,Medium Long,Poor
9649,Delta,1076,69,193,Delayed,124,Short Haul,Poor
9650,Emirates,8899,18,120,Delayed,102,Long Haul,Poor
9651,Delta,7530,129,98,Delayed,-31,Long Haul,Poor
9652,Lufthansa,7198,149,25,Delayed,-124,Long Haul,Good
9653,Delta,4578,152,136,Delayed,-16,Medium Long,Poor
9654,Lufthansa,6123,126,79,OnTime,-47,Medium Long,Poor
9655,Delta,2024,85,97,OnTime,12,Short Haul,Poor
9656,Lufthansa,672,74,162,Delayed,88,Short Haul,Poor
9657,Lufthansa,2070,106,94,Delayed,-12,Short Haul,Poor
9658,Lufthansa,7605,14,121,Delayed,107,Long Haul,Poor
9659,Lufthansa,6791,81,34,OnTime,-47,Medium Long,Poor
9660,Indigo,6333,12,128,Delayed,116,Medium Long,Poor
9661,Delta,11088,120,26,OnTime,-94,Long Haul,Good
9662,Emirates,2979,134,183,OnTime,49,Short Haul,Poor
9663,Indigo,9011,78,94,Delayed,16,Long Haul,Poor
9664,Emirates,4496,1,46,OnTime,45,Medium Long,Poor
9665,Delta,1509,70,49,Delayed,-21,Short Haul,Poor
9666,Lufthansa,10781,25,55,OnTime,30,Long Haul,Poor
9667,Indigo,9133,129,117,OnTime,-12,Long Haul,Poor
9668,Indigo,8813,50,6,Delayed,-44,Long Haul,Good
9669,Indigo,4470,176,174,Delayed,-2,Medium Long,Poor
9670,Indigo,9390,90,83,OnTime,-7,Long Haul,Poor
9671,Indigo,6031,74,167,Delayed,93,Medium Long,Poor
9672,Lufthansa,622,96,72,Delayed,-24,Short Haul,Poor
9673,Emirates,1931,57,76,OnTime,19,Short Haul,Poor
9674,Delta,11261,10,132,OnTime,122,Long Haul,Poor
9675,Indigo,5054,106,56,OnTime,-50,Medium Long,Poor
9676,Emirates,9360,104,188,Delayed,84,Long Haul,Poor
9677,Delta,8856,98,82,Delayed,-16,Long Haul,Poor
9678,Emirates,10796,136,107,Delayed,-29,Long Haul,Poor
9679,Lufthansa,9270,78,127,OnTime,49,Long Haul,Poor
9680,Emirates,8333,160,59,OnTime,-101,Long Haul,Poor
9681,Emirates,7763,141,58,OnTime,-83,Long Haul,Poor
9682,Lufthansa,5335,175,182,OnTime,7,Medium Long,Poor
9683,Emirates,3834,15,30,Delayed,15,Medium Long,Good
9684,Indigo,7440,164,195,Delayed,31,Long Haul,Poor
9685,Indigo,4671,136,124,OnTime,-12,Medium Long,Poor
9686,Indigo,7167,58,95,Delayed,37,Long Haul,Poor
9687,Indigo,1804,168,188,Delayed,20,Short Haul,Poor
9688,Lufthansa,3593,113,38,OnTime,-75,Medium Long,Poor
9689,Indigo,11979,171,71,Delayed,-100,Long Haul,Poor
9690,Lufthansa,8995,146,123,OnTime,-23,Long Haul,Poor
9691,Delta,10833,156,84,OnTime,-72,Long Haul,Poor
9692,Indigo,11855,28,135,Delayed,107,Long Haul,Poor
9693,Lufthansa,829,107,133,Delayed,26,Short Haul,Poor
9694,Emirates,7267,165,28,OnTime,-137,Long Haul,Good
9695,Indigo,5417,123,122,Delayed,-1,Medium Long,Poor
9696,Indigo,6371,171,195,Delayed,24,Medium Long,Poor
9697,Emirates,4024,162,186,Delayed,24,Medium Long,Poor
9698,Lufthansa,337,170,170,Delayed,0,Short Haul,Poor
9699,Lufthansa,2319,159,12,Delayed,-147,Short Haul,Good
9700,Indigo,585,78,189,Delayed,111,Short Haul,Poor
9701,Delta,5627,176,10,Delayed,-166,Medium Long,Good
9702,Emirates,8039,38,162,OnTime,124,Long Haul,Poor
9703,Emirates,9153,53,92,Delayed,39,Long Haul,Poor
9704,Delta,6014,75,108,Delayed,33,Medium Long,Poor
9705,Lufthansa,7185,33,197,Delayed,164,Long Haul,Poor
9706,Indigo,450,124,123,OnTime,-1,Short Haul,Poor
9707,Delta,9933,74,62,OnTime,-12,Long Haul,Poor
9708,Emirates,990,115,193,OnTime,78,Short Haul,Poor
9709,Delta,8315,93,58,OnTime,-35,Long Haul,Poor
9710,Emirates,2168,2,54,Delayed,52,Short Haul,Poor
9711,Delta,1402,83,191,Delayed,108,Short Haul,Poor
9712,Emirates,6758,140,33,Delayed,-107,Medium Long,Poor
9713,Emirates,10792,163,40,OnTime,-123,Long Haul,Poor
9714,Indigo,6145,147,78,OnTime,-69,Medium Long,Poor
9715,Delta,10480,124,155,Delayed,31,Long Haul,Poor
9716,Lufthansa,3523,79,160,Delayed,81,Medium Long,Poor
9717,Emirates,11113,1,59,OnTime,58,Long Haul,Poor
9718,Indigo,6923,105,104,Delayed,-1,Medium Long,Poor
9719,Delta,5506,25,119,OnTime,94,Medium Long,Poor
9720,Emirates,6267,29,26,OnTime,-3,Medium Long,Good
9721,Lufthansa,732,46,159,Delayed,113,Short Haul,Poor
9722,Indigo,6335,113,114,Delayed,1,Medium Long,Poor
9723,Delta,9196,36,100,Delayed,64,Long Haul,Poor
9724,Lufthansa,1351,132,182,Delayed,50,Short Haul,Poor
9725,Emirates,4584,42,58,Delayed,16,Medium Long,Poor
9726,Delta,10879,0,133,OnTime,133,Long Haul,Poor
9727,Delta,5278,141,126,OnTime,-15,Medium Long,Poor
9728,Indigo,10888,20,148,Delayed,128,Long Haul,Poor
9729,Delta,11504,135,22,Delayed,-113,Long Haul,Good
9730,Lufthansa,11760,156,175,OnTime,19,Long Haul,Poor
9731,Emirates,3207,58,23,OnTime,-35,Medium Long,Good
9732,Emirates,4244,9,186,OnTime,177,Medium Long,Poor
9733,Indigo,4405,47,188,OnTime,141,Medium Long,Poor
9734,Delta,10881,121,64,OnTime,-57,Long Haul,Poor
9735,Emirates,9172,29,119,OnTime,90,Long Haul,Poor
9736,Lufthansa,3818,120,26,Delayed,-94,Medium Long,Good
9737,Emirates,4367,133,197,OnTime,64,Medium Long,Poor
9738,Indigo,3228,40,162,Delayed,122,Medium Long,Poor
9739,Delta,7563,18,2,Delayed,-16,Long Haul,Good
9740,Indigo,11804,96,112,OnTime,16,Long Haul,Poor
9741,Lufthansa,6335,139,170,OnTime,31,Medium Long,Poor
9742,Emirates,3307,46,156,Delayed,110,Medium Long,Poor
9743,Delta,10563,107,33,Delayed,-74,Long Haul,Poor
9744,Lufthansa,11670,51,10,OnTime,-41,Long Haul,Good
9745,Indigo,2903,16,23,Delayed,7,Short Haul,Good
9746,Delta,7201,63,174,OnTime,111,Long Haul,Poor
9747,Emirates,5725,148,61,Delayed,-87,Medium Long,Poor
9748,Indigo,1517,156,123,OnTime,-33,Short Haul,Poor
9749,Emirates,719,9,193,Delayed,184,Short Haul,Poor
9750,Indigo,10641,40,112,OnTime,72,Long Haul,Poor
9751,Emirates,5430,128,82,Delayed,-46,Medium Long,Poor
9752,Indigo,7999,106,64,OnTime,-42,Long Haul,Poor
9753,Emirates,8151,77,4,Delayed,-73,Long Haul,Good
9754,Emirates,8491,96,68,OnTime,-28,Long Haul,Poor
9755,Indigo,6759,49,165,OnTime,116,Medium Long,Poor
9756,Lufthansa,5427,51,12,Delayed,-39,Medium Long,Good
9757,Indigo,9508,49,170,Delayed,121,Long Haul,Poor
9758,Lufthansa,223,104,5,OnTime,-99,Short Haul,Good
9759,Lufthansa,8205,4,42,Delayed,38,Long Haul,Poor
9760,Emirates,5948,28,186,OnTime,158,Medium Long,Poor
9761,Lufthansa,11764,148,6,OnTime,-142,Long Haul,Good
9762,Emirates,3800,150,64,Delayed,-86,Medium Long,Poor
9763,Indigo,4729,16,102,Delayed,86,Medium Long,Poor
9764,Lufthansa,7065,7,110,Delayed,103,Long Haul,Poor
9765,Lufthansa,2044,79,58,Delayed,-21,Short Haul,Poor
9766,Emirates,709,149,43,OnTime,-106,Short Haul,Poor
9767,Delta,8926,140,157,OnTime,17,Long Haul,Poor
9768,Lufthansa,2350,178,172,Delayed,-6,Short Haul,Poor
9769,Delta,9176,134,142,Delayed,8,Long Haul,Poor
9770,Emirates,2076,7,111,OnTime,104,Short Haul,Poor
9771,Emirates,3723,159,137,OnTime,-22,Medium Long,Poor
9772,Delta,2968,148,54,OnTime,-94,Short Haul,Poor
9773,Delta,3937,135,84,Delayed,-51,Medium Long,Poor
9774,Indigo,7516,16,105,Delayed,89,Long Haul,Poor
9775,Lufthansa,2251,111,190,OnTime,79,Short Haul,Poor
9776,Delta,8604,26,195,Delayed,169,Long Haul,Poor
9777,Emirates,2094,81,148,Delayed,67,Short Haul,Poor
9778,Emirates,5347,103,180,OnTime,77,Medium Long,Poor
9779,Indigo,2819,58,89,OnTime,31,Short Haul,Poor
9780,Lufthansa,935,64,93,OnTime,29,Short Haul,Poor
9781,Emirates,4288,129,181,OnTime,52,Medium Long,Poor
9782,Indigo,2473,108,25,OnTime,-83,Short Haul,Good
9783,Emirates,5916,94,148,Delayed,54,Medium Long,Poor
9784,Delta,593,148,190,Delayed,42,Short Haul,Poor
9785,Lufthansa,519,139,87,OnTime,-52,Short Haul,Poor
9786,Emirates,7977,158,96,OnTime,-62,Long Haul,Poor
9787,Lufthansa,5538,34,88,OnTime,54,Medium Long,Poor
9788,Indigo,7454,31,39,OnTime,8,Long Haul,Poor
9789,Emirates,5256,91,94,OnTime,3,Medium Long,Poor
9790,Emirates,10338,58,73,Delayed,15,Long Haul,Poor
9791,Delta,1257,161,39,Delayed,-122,Short Haul,Poor
9792,Delta,11332,173,131,Delayed,-42,Long Haul,Poor
9793,Lufthansa,3357,91,113,OnTime,22,Medium Long,Poor
9794,Indigo,5264,162,30,OnTime,-132,Medium Long,Good
9795,Indigo,2530,62,8,Delayed,-54,Short Haul,Good
9796,Delta,3572,12,97,Delayed,85,Medium Long,Poor
9797,Emirates,1441,145,178,Delayed,33,Short Haul,Poor
9798,Emirates,950,8,115,Delayed,107,Short Haul,Poor
9799,Delta,2971,172,183,Delayed,11,Short Haul,Poor
9800,Delta,2051,124,197,Delayed,73,Short Haul,Poor
9801,Lufthansa,10993,178,8,Delayed,-170,Long Haul,Good
9802,Indigo,9455,42,157,OnTime,115,Long Haul,Poor
9803,Lufthansa,11885,10,120,OnTime,110,Long Haul,Poor
9804,Delta,9786,179,141,OnTime,-38,Long Haul,Poor
9805,Lufthansa,8355,156,105,OnTime,-51,Long Haul,Poor
9806,Indigo,357,139,197,OnTime,58,Short Haul,Poor
9807,Emirates,7931,91,15,Delayed,-76,Long Haul,Good
9808,Indigo,4289,66,70,OnTime,4,Medium Long,Poor
9809,Lufthansa,9818,81,54,Delayed,-27,Long Haul,Poor
9810,Delta,3959,113,174,Delayed,61,Medium Long,Poor
9811,Indigo,6073,85,112,OnTime,27,Medium Long,Poor
9812,Delta,1129,11,42,OnTime,31,Short Haul,Poor
9813,Emirates,2075,118,21,Delayed,-97,Short Haul,Good
9814,Indigo,3181,53,158,OnTime,105,Medium Long,Poor
9815,Delta,7276,54,26,Delayed,-28,Long Haul,Good
9816,Indigo,7486,16,186,Delayed,170,Long Haul,Poor
9817,Delta,3269,131,62,Delayed,-69,Medium Long,Poor
9818,Emirates,2482,11,142,OnTime,131,Short Haul,Poor
9819,Lufthansa,961,135,180,Delayed,45,Short Haul,Poor
9820,Indigo,4440,175,21,Delayed,-154,Medium Long,Good
9821,Delta,4498,78,166,Delayed,88,Medium Long,Poor
9822,Emirates,2751,77,94,OnTime,17,Short Haul,Poor
9823,Delta,2881,128,97,OnTime,-31,Short Haul,Poor
9824,Indigo,9430,141,142,Delayed,1,Long Haul,Poor
9825,Emirates,5869,85,110,OnTime,25,Medium Long,Poor
9826,Lufthansa,10025,155,1,OnTime,-154,Long Haul,Good
9827,Indigo,1711,15,4,Delayed,-11,Short Haul,Good
9828,Delta,11752,105,171,OnTime,66,Long Haul,Poor
9829,Emirates,785,159,14,Delayed,-145,Short Haul,Good
9830,Emirates,7705,17,16,OnTime,-1,Long Haul,Good
9831,Emirates,10678,55,137,OnTime,82,Long Haul,Poor
9832,Indigo,4330,179,79,OnTime,-100,Medium Long,Poor
9833,Indigo,11414,36,193,Delayed,157,Long Haul,Poor
9834,Lufthansa,11124,145,65,OnTime,-80,Long Haul,Poor
9835,Delta,9808,11,24,OnTime,13,Long Haul,Good
9836,Indigo,5589,49,151,Delayed,102,Medium Long,Poor
9837,Lufthansa,9434,132,117,Delayed,-15,Long Haul,Poor
9838,Indigo,7786,160,186,OnTime,26,Long Haul,Poor
9839,Lufthansa,9279,135,127,OnTime,-8,Long Haul,Poor
9840,Delta,8659,110,49,Delayed,-61,Long Haul,Poor
9841,Emirates,4206,9,193,OnTime,184,Medium Long,Poor
9842,Delta,5649,79,88,Delayed,9,Medium Long,Poor
9843,Indigo,295,46,102,OnTime,56,Short Haul,Poor
9844,Indigo,379,108,60,Delayed,-48,Short Haul,Poor
9845,Emirates,9630,68,89,OnTime,21,Long Haul,Poor
9846,Indigo,7712,64,45,Delayed,-19,Long Haul,Poor
9847,Emirates,8612,90,67,Delayed,-23,Long Haul,Poor
9848,Emirates,8285,154,45,OnTime,-109,Long Haul,Poor
9849,Lufthansa,8441,48,180,OnTime,132,Long Haul,Poor
9850,Delta,5745,54,116,OnTime,62,Medium Long,Poor
9851,Emirates,10957,112,3,OnTime,-109,Long Haul,Good
9852,Emirates,11668,48,91,Delayed,43,Long Haul,Poor
9853,Indigo,8138,93,139,Delayed,46,Long Haul,Poor
9854,Emirates,11032,43,21,OnTime,-22,Long Haul,Good
9855,Delta,8348,61,75,Delayed,14,Long Haul,Poor
9856,Indigo,5670,122,78,OnTime,-44,Medium Long,Poor
9857,Delta,10418,147,134,Delayed,-13,Long Haul,Poor
9858,Lufthansa,2596,102,148,OnTime,46,Short Haul,Poor
9859,Indigo,8325,123,192,OnTime,69,Long Haul,Poor
9860,Emirates,1441,94,185,OnTime,91,Short Haul,Poor
9861,Indigo,1252,11,43,OnTime,32,Short Haul,Poor
9862,Delta,7519,107,69,OnTime,-38,Long Haul,Poor
9863,Indigo,5986,10,177,Delayed,167,Medium Long,Poor
9864,Delta,2151,23,186,OnTime,163,Short Haul,Poor
9865,Emirates,7962,153,85,Delayed,-68,Long Haul,Poor
9866,Lufthansa,9160,8,196,OnTime,188,Long Haul,Poor
9867,Indigo,4770,135,166,Delayed,31,Medium Long,Poor
9868,Delta,4767,41,137,Delayed,96,Medium Long,Poor
9869,Delta,6025,114,118,Delayed,4,Medium Long,Poor
9870,Lufthansa,1584,81,32,OnTime,-49,Short Haul,Poor
9871,Indigo,2749,27,22,Delayed,-5,Short Haul,Good
9872,Emirates,938,60,180,OnTime,120,Short Haul,Poor
9873,Delta,6023,88,70,Delayed,-18,Medium Long,Poor
9874,Lufthansa,5337,176,76,OnTime,-100,Medium Long,Poor
9875,Lufthansa,3127,18,86,OnTime,68,Medium Long,Poor
9876,Lufthansa,6629,32,59,OnTime,27,Medium Long,Poor
9877,Delta,9982,35,45,OnTime,10,Long Haul,Poor
9878,Emirates,7428,50,90,Delayed,40,Long Haul,Poor
9879,Lufthansa,3446,179,131,Delayed,-48,Medium Long,Poor
9880,Indigo,8848,122,36,OnTime,-86,Long Haul,Poor
9881,Indigo,4949,57,63,OnTime,6,Medium Long,Poor
9882,Indigo,1138,146,34,OnTime,-112,Short Haul,Poor
9883,Indigo,1938,134,87,Delayed,-47,Short Haul,Poor
9884,Emirates,6028,115,197,OnTime,82,Medium Long,Poor
9885,Indigo,3751,76,160,Delayed,84,Medium Long,Poor
9886,Emirates,2814,166,167,Delayed,1,Short Haul,Poor
9887,Delta,2737,128,14,Delayed,-114,Short Haul,Good
9888,Emirates,9857,34,97,OnTime,63,Long Haul,Poor
9889,Lufthansa,7833,80,90,Delayed,10,Long Haul,Poor
9890,Indigo,10284,60,10,Delayed,-50,Long Haul,Good
9891,Indigo,10463,6,121,OnTime,115,Long Haul,Poor
9892,Lufthansa,5793,66,178,Delayed,112,Medium Long,Poor
9893,Delta,7737,97,3,Delayed,-94,Long Haul,Good
9894,Emirates,955,102,26,OnTime,-76,Short Haul,Good
9895,Indigo,6477,84,131,OnTime,47,Medium Long,Poor
9896,Emirates,2202,85,194,OnTime,109,Short Haul,Poor
9897,Indigo,3291,134,146,OnTime,12,Medium Long,Poor
9898,Indigo,1822,55,173,OnTime,118,Short Haul,Poor
9899,Delta,7862,24,41,OnTime,17,Long Haul,Poor
9900,Lufthansa,10999,21,98,Delayed,77,Long Haul,Poor
9901,Indigo,7298,116,196,OnTime,80,Long Haul,Poor
9902,Indigo,242,119,8,OnTime,-111,Short Haul,Good
9903,Delta,9042,110,42,Delayed,-68,Long Haul,Poor
9904,Lufthansa,10686,57,32,OnTime,-25,Long Haul,Poor
9905,Lufthansa,9304,94,49,OnTime,-45,Long Haul,Poor
9906,Delta,7310,94,168,OnTime,74,Long Haul,Poor
9907,Indigo,1410,1,73,Delayed,72,Short Haul,Poor
9908,Lufthansa,5150,132,96,OnTime,-36,Medium Long,Poor
9909,Lufthansa,8731,1,108,Delayed,107,Long Haul,Poor
9910,Emirates,916,37,27,OnTime,-10,Short Haul,Good
9911,Indigo,5877,161,181,Delayed,20,Medium Long,Poor
9912,Emirates,10673,156,125,Delayed,-31,Long Haul,Poor
9913,Delta,10239,121,20,Delayed,-101,Long Haul,Good
9914,Emirates,7586,98,44,Delayed,-54,Long Haul,Poor
9915,Emirates,9995,92,31,Delayed,-61,Long Haul,Poor
9916,Emirates,4601,5,73,OnTime,68,Medium Long,Poor
9917,Emirates,5857,2,97,Delayed,95,Medium Long,Poor
9918,Delta,1799,34,131,Delayed,97,Short Haul,Poor
9919,Emirates,2544,99,182,Delayed,83,Short Haul,Poor
9920,Delta,7496,23,66,Delayed,43,Long Haul,Poor
9921,Emirates,11084,144,194,OnTime,50,Long Haul,Poor
9922,Emirates,1142,154,150,OnTime,-4,Short Haul,Poor
9923,Emirates,1552,27,107,Delayed,80,Short Haul,Poor
9924,Indigo,6164,130,6,OnTime,-124,Medium Long,Good
9925,Lufthansa,1145,125,145,OnTime,20,Short Haul,Poor
9926,Indigo,2088,165,69,OnTime,-96,Short Haul,Poor
9927,Indigo,2013,95,176,OnTime,81,Short Haul,Poor
9928,Indigo,3912,119,12,OnTime,-107,Medium Long,Good
9929,Delta,9284,94,68,OnTime,-26,Long Haul,Poor
9930,Delta,5381,134,106,OnTime,-28,Medium Long,Poor
9931,Delta,1034,58,35,Delayed,-23,Short Haul,Poor
9932,Lufthansa,3318,28,114,OnTime,86,Medium Long,Poor
9933,Delta,2268,176,185,Delayed,9,Short Haul,Poor
9934,Lufthansa,4155,128,127,OnTime,-1,Medium Long,Poor
9935,Delta,11140,81,133,Delayed,52,Long Haul,Poor
9936,Indigo,8896,160,124,OnTime,-36,Long Haul,Poor
9937,Lufthansa,4475,5,66,OnTime,61,Medium Long,Poor
9938,Emirates,3892,77,104,Delayed,27,Medium Long,Poor
9939,Delta,471,139,83,OnTime,-56,Short Haul,Poor
9940,Emirates,2454,51,108,OnTime,57,Short Haul,Poor
9941,Delta,7598,88,30,Delayed,-58,Long Haul,Good
9942,Delta,11334,159,139,OnTime,-20,Long Haul,Poor
9943,Delta,9516,50,95,Delayed,45,Long Haul,Poor
9944,Delta,4628,69,103,Delayed,34,Medium Long,Poor
9945,Indigo,3453,3,38,OnTime,35,Medium Long,Poor
9946,Lufthansa,2674,46,62,Delayed,16,Short Haul,Poor
9947,Emirates,7442,83,50,OnTime,-33,Long Haul,Poor
9948,Lufthansa,8340,115,76,OnTime,-39,Long Haul,Poor
9949,Emirates,7066,84,186,OnTime,102,Long Haul,Poor
9950,Indigo,1020,38,48,OnTime,10,Short Haul,Poor
9951,Lufthansa,3034,8,168,OnTime,160,Medium Long,Poor
9952,Emirates,11154,143,40,OnTime,-103,Long Haul,Poor
9953,Emirates,4288,100,2,OnTime,-98,Medium Long,Good
9954,Emirates,6225,115,180,OnTime,65,Medium Long,Poor
9955,Lufthansa,10353,158,92,OnTime,-66,Long Haul,Poor
9956,Indigo,10706,62,75,OnTime,13,Long Haul,Poor
9957,Delta,8494,71,110,OnTime,39,Long Haul,Poor
9958,Indigo,10770,10,66,Delayed,56,Long Haul,Poor
9959,Emirates,1243,149,177,Delayed,28,Short Haul,Poor
9960,Emirates,2082,61,136,OnTime,75,Short Haul,Poor
9961,Emirates,3979,37,2,OnTime,-35,Medium Long,Good
9962,Emirates,9058,169,194,Delayed,25,Long Haul,Poor
9963,Lufthansa,10228,126,116,Delayed,-10,Long Haul,Poor
9964,Indigo,6962,56,163,OnTime,107,Medium Long,Poor
9965,Emirates,10408,45,120,Delayed,75,Long Haul,Poor
9966,Indigo,4091,156,110,OnTime,-46,Medium Long,Poor
9967,Lufthansa,8552,48,181,Delayed,133,Long Haul,Poor
9968,Emirates,6284,169,150,OnTime,-19,Medium Long,Poor
9969,Indigo,11059,49,126,OnTime,77,Long Haul,Poor
9970,Delta,5924,130,2,Delayed,-128,Medium Long,Good
9971,Indigo,1050,162,195,Delayed,33,Short Haul,Poor
9972,Emirates,7207,156,57,Delayed,-99,Long Haul,Poor
9973,Lufthansa,3764,178,64,Delayed,-114,Medium Long,Poor
9974,Indigo,7130,123,53,Delayed,-70,Long Haul,Poor
9975,Emirates,3070,54,112,Delayed,58,Medium Long,Poor
9976,Delta,7030,144,70,Delayed,-74,Long Haul,Poor
9977,Lufthansa,10545,16,139,Delayed,123,Long Haul,Poor
9978,Lufthansa,6928,169,26,Delayed,-143,Medium Long,Good
9979,Emirates,8885,41,67,OnTime,26,Long Haul,Poor
9980,Emirates,8620,77,9,OnTime,-68,Long Haul,Good
9981,Delta,558,155,148,OnTime,-7,Short Haul,Poor
9982,Emirates,688,86,70,OnTime,-16,Short Haul,Poor
9983,Emirates,6375,113,163,OnTime,50,Medium Long,Poor
9984,Delta,10598,27,14,Delayed,-13,Long Haul,Good
9985,Indigo,7953,108,8,Delayed,-100,Long Haul,Good
9986,Emirates,10983,109,126,Delayed,17,Long Haul,Poor
9987,Emirates,10816,75,191,OnTime,116,Long Haul,Poor
9988,Delta,10935,16,151,Delayed,135,Long Haul,Poor
9989,Indigo,3137,95,181,Delayed,86,Medium Long,Poor
9990,Emirates,10740,41,129,OnTime,88,Long Haul,Poor
9991,Lufthansa,2891,14,160,Delayed,146,Short Haul,Poor
9992,Emirates,438,149,136,Delayed,-13,Short Haul,Poor
9993,Emirates,7437,154,101,Delayed,-53,Long Haul,Poor
9994,Indigo,10229,13,121,OnTime,108,Long Haul,Poor
9995,Delta,5374,21,68,Delayed,47,Medium Long,Poor
9996,Delta,878,54,156,Delayed,102,Short Haul,Poor
9997,Lufthansa,11870,6,4,Delayed,-2,Long Haul,Good
9998,Indigo,9682,70,20,OnTime,-50,Long Haul,Good
9999,Indigo,4379,109,74,Delayed,-35,Medium Long,Poor
10000,Indigo,6683,114,74,OnTime,-40,Medium Long,Poor
10001,Emirates,6735,162,196,Delayed,34,Medium Long,Poor
10002,Delta,3512,159,31,OnTime,-128,Medium Long,Poor
10003,Emirates,2235,41,131,Delayed,90,Short Haul,Poor
10004,Indigo,1112,3,129,OnTime,126,Short Haul,Poor
10005,Delta,1206,8,95,Delayed,87,Short Haul,Poor
10006,Delta,11661,157,184,Delayed,27,Long Haul,Poor
10007,Indigo,9075,95,121,OnTime,26,Long Haul,Poor
10008,Lufthansa,11713,44,194,OnTime,150,Long Haul,Poor
10009,Lufthansa,1288,82,137,Delayed,55,Short Haul,Poor
10010,Indigo,9182,111,145,OnTime,34,Long Haul,Poor
10011,Lufthansa,9807,107,106,Delayed,-1,Long Haul,Poor
10012,Delta,5221,104,195,OnTime,91,Medium Long,Poor
10013,Delta,7094,48,127,Delayed,79,Long Haul,Poor
10014,Indigo,6877,50,100,Delayed,50,Medium Long,Poor
10015,Emirates,6634,48,104,Delayed,56,Medium Long,Poor
10016,Delta,8871,53,114,OnTime,61,Long Haul,Poor
10017,Emirates,7355,24,160,Delayed,136,Long Haul,Poor
10018,Delta,9290,45,173,Delayed,128,Long Haul,Poor
10019,Indigo,3965,68,153,Delayed,85,Medium Long,Poor
10020,Emirates,11443,80,149,Delayed,69,Long Haul,Poor
10021,Delta,6018,92,160,Delayed,68,Medium Long,Poor
10022,Delta,4516,127,167,OnTime,40,Medium Long,Poor
10023,Delta,4256,119,86,OnTime,-33,Medium Long,Poor
10024,Emirates,8676,129,42,OnTime,-87,Long Haul,Poor
10025,Emirates,4635,69,22,OnTime,-47,Medium Long,Good
10026,Indigo,7997,7,74,Delayed,67,Long Haul,Poor
10027,Emirates,11790,3,84,Delayed,81,Long Haul,Poor
10028,Emirates,4319,164,190,Delayed,26,Medium Long,Poor
10029,Indigo,11300,83,114,Delayed,31,Long Haul,Poor
10030,Delta,11390,85,93,OnTime,8,Long Haul,Poor
10031,Indigo,1589,93,18,Delayed,-75,Short Haul,Good
10032,Emirates,3715,72,67,OnTime,-5,Medium Long,Poor
10033,Emirates,1874,27,4,OnTime,-23,Short Haul,Good
10034,Delta,557,7,89,OnTime,82,Short Haul,Poor
10035,Indigo,3917,8,28,Delayed,20,Medium Long,Good
10036,Emirates,3818,123,112,OnTime,-11,Medium Long,Poor
10037,Emirates,9171,4,174,OnTime,170,Long Haul,Poor
10038,Lufthansa,11342,163,182,OnTime,19,Long Haul,Poor
10039,Delta,10698,144,188,OnTime,44,Long Haul,Poor
10040,Lufthansa,5097,51,105,OnTime,54,Medium Long,Poor
10041,Delta,1382,39,189,OnTime,150,Short Haul,Poor
10042,Lufthansa,2840,39,68,OnTime,29,Short Haul,Poor
10043,Emirates,5545,150,5,OnTime,-145,Medium Long,Good
10044,Emirates,9538,49,196,OnTime,147,Long Haul,Poor
10045,Indigo,2641,176,85,OnTime,-91,Short Haul,Poor
10046,Delta,9606,33,169,OnTime,136,Long Haul,Poor
10047,Emirates,11394,154,185,OnTime,31,Long Haul,Poor
10048,Lufthansa,5939,5,94,Delayed,89,Medium Long,Poor
10049,Indigo,4115,97,133,OnTime,36,Medium Long,Poor
10050,Delta,6175,109,23,OnTime,-86,Medium Long,Good
10051,Delta,2561,46,158,OnTime,112,Short Haul,Poor
10052,Emirates,2597,113,90,Delayed,-23,Short Haul,Poor
10053,Emirates,4431,175,25,Delayed,-150,Medium Long,Good
10054,Lufthansa,2324,155,34,OnTime,-121,Short Haul,Poor
10055,Indigo,6885,4,5,Delayed,1,Medium Long,Good
10056,Indigo,6463,61,72,OnTime,11,Medium Long,Poor
10057,Indigo,3409,6,89,OnTime,83,Medium Long,Poor
10058,Delta,8363,120,44,OnTime,-76,Long Haul,Poor
10059,Emirates,9593,87,180,OnTime,93,Long Haul,Poor
10060,Indigo,4085,144,147,Delayed,3,Medium Long,Poor
10061,Lufthansa,2383,130,162,Delayed,32,Short Haul,Poor
10062,Indigo,8277,112,33,OnTime,-79,Long Haul,Poor
10063,Emirates,9147,72,12,OnTime,-60,Long Haul,Good
10064,Delta,7562,30,188,OnTime,158,Long Haul,Poor
10065,Emirates,5676,55,100,Delayed,45,Medium Long,Poor
10066,Lufthansa,4350,123,173,OnTime,50,Medium Long,Poor
10067,Delta,5610,166,78,Delayed,-88,Medium Long,Poor
10068,Delta,8948,45,146,Delayed,101,Long Haul,Poor
10069,Emirates,2971,89,191,Delayed,102,Short Haul,Poor
10070,Lufthansa,7382,166,0,OnTime,-166,Long Haul,Good
10071,Lufthansa,6692,31,24,OnTime,-7,Medium Long,Good
10072,Delta,7432,66,63,Delayed,-3,Long Haul,Poor
10073,Indigo,1977,59,123,Delayed,64,Short Haul,Poor
10074,Indigo,1812,51,150,OnTime,99,Short Haul,Poor
10075,Indigo,1174,23,134,OnTime,111,Short Haul,Poor
10076,Lufthansa,4345,162,17,Delayed,-145,Medium Long,Good
10077,Delta,1459,104,183,OnTime,79,Short Haul,Poor
10078,Indigo,4414,110,159,OnTime,49,Medium Long,Poor
10079,Indigo,1484,22,132,Delayed,110,Short Haul,Poor
10080,Emirates,2784,85,137,OnTime,52,Short Haul,Poor
10081,Delta,6154,22,178,OnTime,156,Medium Long,Poor
10082,Lufthansa,5057,16,114,OnTime,98,Medium Long,Poor
10083,Emirates,1416,15,195,Delayed,180,Short Haul,Poor
10084,Emirates,4881,48,62,OnTime,14,Medium Long,Poor
10085,Emirates,9711,143,112,Delayed,-31,Long Haul,Poor
10086,Emirates,4241,121,115,Delayed,-6,Medium Long,Poor
10087,Emirates,6929,84,174,Delayed,90,Medium Long,Poor
10088,Emirates,4061,52,184,Delayed,132,Medium Long,Poor
10089,Emirates,1828,100,169,Delayed,69,Short Haul,Poor
10090,Emirates,1657,131,53,OnTime,-78,Short Haul,Poor
10091,Emirates,9057,66,18,OnTime,-48,Long Haul,Good
10092,Indigo,9792,114,71,OnTime,-43,Long Haul,Poor
10093,Delta,202,121,83,OnTime,-38,Short Haul,Poor
10094,Lufthansa,9432,133,176,Delayed,43,Long Haul,Poor
10095,Emirates,324,42,121,Delayed,79,Short Haul,Poor
10096,Lufthansa,1136,108,134,Delayed,26,Short Haul,Poor
10097,Lufthansa,2193,110,155,OnTime,45,Short Haul,Poor
10098,Emirates,10588,45,104,Delayed,59,Long Haul,Poor
10099,Delta,9697,53,15,OnTime,-38,Long Haul,Good
10100,Delta,11121,85,128,Delayed,43,Long Haul,Poor
10101,Emirates,9584,142,156,Delayed,14,Long Haul,Poor
10102,Lufthansa,859,148,198,OnTime,50,Short Haul,Poor
10103,Lufthansa,5299,53,182,OnTime,129,Medium Long,Poor
10104,Indigo,5032,60,44,Delayed,-16,Medium Long,Poor
10105,Lufthansa,6074,80,166,Delayed,86,Medium Long,Poor
10106,Lufthansa,6434,24,146,OnTime,122,Medium Long,Poor
10107,Emirates,8450,18,24,OnTime,6,Long Haul,Good
10108,Delta,10475,61,60,OnTime,-1,Long Haul,Poor
10109,Indigo,9161,73,141,OnTime,68,Long Haul,Poor
10110,Indigo,8343,103,3,Delayed,-100,Long Haul,Good
10111,Lufthansa,6198,51,148,OnTime,97,Medium Long,Poor
10112,Emirates,3781,12,25,OnTime,13,Medium Long,Good
10113,Emirates,7670,11,21,OnTime,10,Long Haul,Good
10114,Delta,10796,62,165,Delayed,103,Long Haul,Poor
10115,Lufthansa,9290,50,8,Delayed,-42,Long Haul,Good
10116,Lufthansa,6483,13,20,OnTime,7,Medium Long,Good
10117,Lufthansa,2798,142,91,OnTime,-51,Short Haul,Poor
10118,Emirates,10587,171,54,Delayed,-117,Long Haul,Poor
10119,Emirates,9127,74,54,OnTime,-20,Long Haul,Poor
10120,Emirates,3928,164,138,Delayed,-26,Medium Long,Poor
10121,Lufthansa,7352,166,9,OnTime,-157,Long Haul,Good
10122,Delta,6502,111,107,OnTime,-4,Medium Long,Poor
10123,Lufthansa,9630,146,160,OnTime,14,Long Haul,Poor
10124,Emirates,2733,129,48,OnTime,-81,Short Haul,Poor
10125,Emirates,6235,167,120,Delayed,-47,Medium Long,Poor
10126,Delta,3899,127,128,OnTime,1,Medium Long,Poor
10127,Indigo,4490,145,145,OnTime,0,Medium Long,Poor
10128,Lufthansa,9777,78,138,Delayed,60,Long Haul,Poor
10129,Emirates,4126,3,90,Delayed,87,Medium Long,Poor
10130,Emirates,9131,130,170,Delayed,40,Long Haul,Poor
10131,Lufthansa,6311,108,187,Delayed,79,Medium Long,Poor
10132,Indigo,10789,126,67,Delayed,-59,Long Haul,Poor
10133,Emirates,8705,33,138,Delayed,105,Long Haul,Poor
10134,Emirates,7505,145,192,Delayed,47,Long Haul,Poor
10135,Indigo,4230,20,92,Delayed,72,Medium Long,Poor
10136,Lufthansa,2864,158,154,OnTime,-4,Short Haul,Poor
10137,Delta,9485,50,123,Delayed,73,Long Haul,Poor
10138,Emirates,3648,110,31,Delayed,-79,Medium Long,Poor
10139,Delta,11464,80,123,Delayed,43,Long Haul,Poor
10140,Delta,3003,108,105,OnTime,-3,Medium Long,Poor
10141,Lufthansa,5634,10,48,Delayed,38,Medium Long,Poor
10142,Delta,6032,156,32,Delayed,-124,Medium Long,Poor
10143,Emirates,3870,7,154,Delayed,147,Medium Long,Poor
10144,Indigo,3896,8,64,Delayed,56,Medium Long,Poor
10145,Emirates,1515,128,184,Delayed,56,Short Haul,Poor
10146,Delta,5998,42,51,Delayed,9,Medium Long,Poor
10147,Indigo,4556,120,122,OnTime,2,Medium Long,Poor
10148,Lufthansa,10859,145,39,OnTime,-106,Long Haul,Poor
10149,Emirates,2760,18,131,Delayed,113,Short Haul,Poor
10150,Indigo,7226,110,168,Delayed,58,Long Haul,Poor
10151,Emirates,2875,2,176,Delayed,174,Short Haul,Poor
10152,Indigo,2459,115,174,OnTime,59,Short Haul,Poor
10153,Indigo,10845,69,111,Delayed,42,Long Haul,Poor
10154,Delta,6485,164,192,OnTime,28,Medium Long,Poor
10155,Indigo,3188,106,2,Delayed,-104,Medium Long,Good
10156,Emirates,9405,149,164,OnTime,15,Long Haul,Poor
10157,Delta,9775,30,10,Delayed,-20,Long Haul,Good
10158,Emirates,9920,49,143,Delayed,94,Long Haul,Poor
10159,Delta,6937,144,187,OnTime,43,Medium Long,Poor
10160,Emirates,1146,90,87,OnTime,-3,Short Haul,Poor
10161,Lufthansa,8154,34,30,Delayed,-4,Long Haul,Good
10162,Delta,8461,150,87,OnTime,-63,Long Haul,Poor
10163,Indigo,9812,160,62,Delayed,-98,Long Haul,Poor
10164,Emirates,10587,102,186,Delayed,84,Long Haul,Poor
10165,Delta,339,34,13,OnTime,-21,Short Haul,Good
10166,Lufthansa,6821,117,86,Delayed,-31,Medium Long,Poor
10167,Indigo,8380,100,1,Delayed,-99,Long Haul,Good
10168,Emirates,5459,119,125,Delayed,6,Medium Long,Poor
10169,Delta,877,116,124,Delayed,8,Short Haul,Poor
10170,Emirates,8378,175,98,Delayed,-77,Long Haul,Poor
10171,Indigo,1187,32,144,OnTime,112,Short Haul,Poor
10172,Delta,4512,154,183,Delayed,29,Medium Long,Poor
10173,Delta,5814,14,151,OnTime,137,Medium Long,Poor
10174,Indigo,11709,18,142,Delayed,124,Long Haul,Poor
10175,Emirates,1694,8,57,Delayed,49,Short Haul,Poor
10176,Indigo,3649,130,179,OnTime,49,Medium Long,Poor
10177,Indigo,1790,60,185,Delayed,125,Short Haul,Poor
10178,Emirates,4313,101,183,OnTime,82,Medium Long,Poor
10179,Indigo,2500,15,29,Delayed,14,Short Haul,Good
10180,Delta,2511,4,112,OnTime,108,Short Haul,Poor
10181,Delta,3511,179,49,OnTime,-130,Medium Long,Poor
10182,Indigo,10271,175,53,Delayed,-122,Long Haul,Poor
10183,Delta,9137,97,187,Delayed,90,Long Haul,Poor
10184,Emirates,3123,66,6,Delayed,-60,Medium Long,Good
10185,Indigo,5916,84,108,Delayed,24,Medium Long,Poor
10186,Emirates,10016,151,66,OnTime,-85,Long Haul,Poor
10187,Indigo,2612,115,11,OnTime,-104,Short Haul,Good
10188,Indigo,233,88,174,Delayed,86,Short Haul,Poor
10189,Indigo,5634,126,42,OnTime,-84,Medium Long,Poor
10190,Emirates,11222,178,165,OnTime,-13,Long Haul,Poor
10191,Emirates,10004,65,125,OnTime,60,Long Haul,Poor
10192,Lufthansa,7144,57,175,Delayed,118,Long Haul,Poor
10193,Emirates,2414,156,149,Delayed,-7,Short Haul,Poor
10194,Indigo,10709,163,41,OnTime,-122,Long Haul,Poor
10195,Delta,998,3,176,Delayed,173,Short Haul,Poor
10196,Lufthansa,1333,5,154,OnTime,149,Short Haul,Poor
10197,Lufthansa,4719,25,189,OnTime,164,Medium Long,Poor
10198,Lufthansa,2846,136,139,OnTime,3,Short Haul,Poor
10199,Lufthansa,3797,5,183,Delayed,178,Medium Long,Poor
10200,Lufthansa,8967,33,123,OnTime,90,Long Haul,Poor
10201,Emirates,4869,177,115,Delayed,-62,Medium Long,Poor
10202,Delta,8930,72,22,OnTime,-50,Long Haul,Good
10203,Delta,7363,24,13,Delayed,-11,Long Haul,Good
10204,Lufthansa,9557,118,8,Delayed,-110,Long Haul,Good
10205,Delta,11621,62,92,OnTime,30,Long Haul,Poor
10206,Emirates,9438,76,2,OnTime,-74,Long Haul,Good
10207,Indigo,346,121,165,Delayed,44,Short Haul,Poor
10208,Emirates,4177,129,191,Delayed,62,Medium Long,Poor
10209,Indigo,5438,129,83,OnTime,-46,Medium Long,Poor
10210,Lufthansa,6532,172,68,OnTime,-104,Medium Long,Poor
10211,Indigo,6212,104,181,Delayed,77,Medium Long,Poor
10212,Lufthansa,2318,24,103,OnTime,79,Short Haul,Poor
10213,Delta,5432,179,185,Delayed,6,Medium Long,Poor
10214,Indigo,1801,53,52,Delayed,-1,Short Haul,Poor
10215,Indigo,5428,152,2,Delayed,-150,Medium Long,Good
10216,Indigo,7161,10,196,Delayed,186,Long Haul,Poor
10217,Indigo,347,130,36,Delayed,-94,Short Haul,Poor
10218,Lufthansa,5969,70,157,Delayed,87,Medium Long,Poor
10219,Indigo,2815,63,140,Delayed,77,Short Haul,Poor
10220,Delta,4749,73,41,Delayed,-32,Medium Long,Poor
10221,Emirates,11819,69,145,Delayed,76,Long Haul,Poor
10222,Indigo,6639,55,157,Delayed,102,Medium Long,Poor
10223,Lufthansa,8351,166,163,Delayed,-3,Long Haul,Poor
10224,Emirates,5743,144,184,Delayed,40,Medium Long,Poor
10225,Emirates,11852,38,25,OnTime,-13,Long Haul,Good
10226,Indigo,4054,8,173,Delayed,165,Medium Long,Poor
10227,Indigo,5024,90,37,OnTime,-53,Medium Long,Poor
10228,Delta,10857,154,177,OnTime,23,Long Haul,Poor
10229,Delta,7484,126,124,Delayed,-2,Long Haul,Poor
10230,Indigo,3328,16,129,OnTime,113,Medium Long,Poor
10231,Delta,5956,119,62,OnTime,-57,Medium Long,Poor
10232,Delta,7702,125,34,Delayed,-91,Long Haul,Poor
10233,Lufthansa,6005,150,129,Delayed,-21,Medium Long,Poor
10234,Lufthansa,11853,163,24,Delayed,-139,Long Haul,Good
10235,Lufthansa,5372,75,96,OnTime,21,Medium Long,Poor
10236,Emirates,1741,37,120,Delayed,83,Short Haul,Poor
10237,Emirates,8394,129,152,OnTime,23,Long Haul,Poor
10238,Delta,10370,135,153,Delayed,18,Long Haul,Poor
10239,Lufthansa,7298,44,60,OnTime,16,Long Haul,Poor
10240,Emirates,4194,141,78,Delayed,-63,Medium Long,Poor
10241,Indigo,10582,110,93,Delayed,-17,Long Haul,Poor
10242,Emirates,4276,23,129,OnTime,106,Medium Long,Poor
10243,Delta,5622,35,33,OnTime,-2,Medium Long,Poor
10244,Delta,1724,161,73,Delayed,-88,Short Haul,Poor
10245,Lufthansa,2346,107,15,OnTime,-92,Short Haul,Good
10246,Lufthansa,1623,62,10,Delayed,-52,Short Haul,Good
10247,Delta,6818,62,30,OnTime,-32,Medium Long,Good
10248,Emirates,9526,113,89,Delayed,-24,Long Haul,Poor
10249,Lufthansa,8588,175,109,OnTime,-66,Long Haul,Poor
10250,Indigo,8494,154,98,OnTime,-56,Long Haul,Poor
10251,Indigo,7261,158,143,Delayed,-15,Long Haul,Poor
10252,Indigo,5764,6,5,Delayed,-1,Medium Long,Good
10253,Delta,1005,167,105,Delayed,-62,Short Haul,Poor
10254,Emirates,4061,36,66,OnTime,30,Medium Long,Poor
10255,Emirates,7928,73,15,Delayed,-58,Long Haul,Good
10256,Emirates,11013,68,42,Delayed,-26,Long Haul,Poor
10257,Emirates,4180,12,121,OnTime,109,Medium Long,Poor
10258,Delta,7429,145,93,OnTime,-52,Long Haul,Poor
10259,Delta,6394,25,92,OnTime,67,Medium Long,Poor
10260,Delta,4549,73,40,OnTime,-33,Medium Long,Poor
10261,Lufthansa,4543,164,78,OnTime,-86,Medium Long,Poor
10262,Indigo,5471,50,119,OnTime,69,Medium Long,Poor
10263,Emirates,4303,153,29,OnTime,-124,Medium Long,Good
10264,Delta,10074,39,80,Delayed,41,Long Haul,Poor
10265,Indigo,7250,90,75,Delayed,-15,Long Haul,Poor
10266,Lufthansa,9660,8,22,OnTime,14,Long Haul,Good
10267,Lufthansa,2396,159,183,OnTime,24,Short Haul,Poor
10268,Lufthansa,11838,35,90,Delayed,55,Long Haul,Poor
10269,Lufthansa,11328,50,48,OnTime,-2,Long Haul,Poor
10270,Lufthansa,1116,62,173,OnTime,111,Short Haul,Poor
10271,Delta,8923,40,133,Delayed,93,Long Haul,Poor
10272,Lufthansa,3968,139,66,Delayed,-73,Medium Long,Poor
10273,Delta,4972,32,69,Delayed,37,Medium Long,Poor
10274,Indigo,3085,171,86,OnTime,-85,Medium Long,Poor
10275,Lufthansa,5701,156,7,OnTime,-149,Medium Long,Good
10276,Emirates,8329,74,191,OnTime,117,Long Haul,Poor
10277,Indigo,1276,92,46,Delayed,-46,Short Haul,Poor
10278,Lufthansa,7184,152,24,OnTime,-128,Long Haul,Good
10279,Emirates,5394,137,6,OnTime,-131,Medium Long,Good
10280,Indigo,1596,113,125,Delayed,12,Short Haul,Poor
10281,Delta,3549,49,150,OnTime,101,Medium Long,Poor
10282,Emirates,9460,106,59,OnTime,-47,Long Haul,Poor
10283,Emirates,5972,136,72,Delayed,-64,Medium Long,Poor
10284,Emirates,11192,123,155,Delayed,32,Long Haul,Poor
10285,Emirates,2281,19,16,OnTime,-3,Short Haul,Good
10286,Indigo,7387,130,130,Delayed,0,Long Haul,Poor
10287,Lufthansa,4864,45,20,OnTime,-25,Medium Long,Good
10288,Emirates,11275,49,120,OnTime,71,Long Haul,Poor
10289,Emirates,9159,148,133,OnTime,-15,Long Haul,Poor
10290,Indigo,951,5,79,OnTime,74,Short Haul,Poor
10291,Emirates,541,91,79,Delayed,-12,Short Haul,Poor
10292,Delta,1986,111,191,OnTime,80,Short Haul,Poor
10293,Indigo,7917,163,191,OnTime,28,Long Haul,Poor
10294,Lufthansa,11795,23,147,Delayed,124,Long Haul,Poor
10295,Emirates,1585,167,143,Delayed,-24,Short Haul,Poor
10296,Emirates,8832,154,145,Delayed,-9,Long Haul,Poor
10297,Emirates,6874,50,139,Delayed,89,Medium Long,Poor
10298,Lufthansa,4737,175,158,OnTime,-17,Medium Long,Poor
10299,Delta,11288,13,168,OnTime,155,Long Haul,Poor
10300,Indigo,10359,117,196,Delayed,79,Long Haul,Poor
10301,Lufthansa,9676,160,119,Delayed,-41,Long Haul,Poor
10302,Lufthansa,11281,68,73,Delayed,5,Long Haul,Poor
10303,Emirates,1889,93,147,Delayed,54,Short Haul,Poor
10304,Emirates,8735,90,111,Delayed,21,Long Haul,Poor
10305,Indigo,1879,9,128,Delayed,119,Short Haul,Poor
10306,Delta,1845,86,197,OnTime,111,Short Haul,Poor
10307,Delta,1045,131,152,Delayed,21,Short Haul,Poor
10308,Delta,2395,13,128,Delayed,115,Short Haul,Poor
10309,Indigo,10382,7,87,Delayed,80,Long Haul,Poor
10310,Lufthansa,5438,156,100,Delayed,-56,Medium Long,Poor
10311,Emirates,5739,155,45,OnTime,-110,Medium Long,Poor
10312,Indigo,10823,3,109,OnTime,106,Long Haul,Poor
10313,Lufthansa,2370,68,1,Delayed,-67,Short Haul,Good
10314,Delta,2543,68,5,OnTime,-63,Short Haul,Good
10315,Emirates,5379,120,68,Delayed,-52,Medium Long,Poor
10316,Emirates,8796,79,143,Delayed,64,Long Haul,Poor
10317,Lufthansa,3934,86,93,OnTime,7,Medium Long,Poor
10318,Emirates,2544,90,112,OnTime,22,Short Haul,Poor
10319,Lufthansa,3268,65,29,Delayed,-36,Medium Long,Good
10320,Delta,3236,72,69,OnTime,-3,Medium Long,Poor
10321,Lufthansa,1703,89,121,Delayed,32,Short Haul,Poor
10322,Indigo,834,61,99,OnTime,38,Short Haul,Poor
10323,Emirates,10636,177,146,OnTime,-31,Long Haul,Poor
10324,Indigo,2053,64,18,Delayed,-46,Short Haul,Good
10325,Delta,10588,131,157,OnTime,26,Long Haul,Poor
10326,Delta,4846,67,191,OnTime,124,Medium Long,Poor
10327,Emirates,5427,74,158,OnTime,84,Medium Long,Poor
10328,Lufthansa,5010,52,44,Delayed,-8,Medium Long,Poor
10329,Indigo,4857,93,164,OnTime,71,Medium Long,Poor
10330,Lufthansa,3738,143,2,OnTime,-141,Medium Long,Good
10331,Emirates,2386,136,167,OnTime,31,Short Haul,Poor
10332,Lufthansa,6099,58,122,Delayed,64,Medium Long,Poor
10333,Lufthansa,1776,71,121,OnTime,50,Short Haul,Poor
10334,Lufthansa,3879,122,15,OnTime,-107,Medium Long,Good
10335,Delta,913,124,88,OnTime,-36,Short Haul,Poor
10336,Delta,7565,164,28,Delayed,-136,Long Haul,Good
10337,Emirates,1614,114,84,OnTime,-30,Short Haul,Poor
10338,Delta,11108,119,51,OnTime,-68,Long Haul,Poor
10339,Lufthansa,1869,1,197,Delayed,196,Short Haul,Poor
10340,Lufthansa,8477,158,65,OnTime,-93,Long Haul,Poor
10341,Delta,10133,12,67,Delayed,55,Long Haul,Poor
10342,Delta,7861,25,97,Delayed,72,Long Haul,Poor
10343,Delta,1228,158,29,Delayed,-129,Short Haul,Good
10344,Delta,8725,111,169,OnTime,58,Long Haul,Poor
10345,Emirates,6319,112,103,Delayed,-9,Medium Long,Poor
10346,Delta,2188,115,55,OnTime,-60,Short Haul,Poor
10347,Lufthansa,8839,76,114,OnTime,38,Long Haul,Poor
10348,Emirates,7531,39,91,Delayed,52,Long Haul,Poor
10349,Delta,4157,91,140,Delayed,49,Medium Long,Poor
10350,Delta,7528,86,152,Delayed,66,Long Haul,Poor
10351,Indigo,4900,55,49,Delayed,-6,Medium Long,Poor
10352,Delta,5393,167,23,Delayed,-144,Medium Long,Good
10353,Delta,11587,164,40,Delayed,-124,Long Haul,Poor
10354,Delta,5592,112,19,Delayed,-93,Medium Long,Good
10355,Lufthansa,9596,50,117,OnTime,67,Long Haul,Poor
10356,Lufthansa,9360,32,94,Delayed,62,Long Haul,Poor
10357,Emirates,3416,26,144,OnTime,118,Medium Long,Poor
10358,Indigo,1104,108,194,Delayed,86,Short Haul,Poor
10359,Delta,8122,1,90,Delayed,89,Long Haul,Poor
10360,Emirates,4353,33,141,Delayed,108,Medium Long,Poor
10361,Delta,1169,113,88,OnTime,-25,Short Haul,Poor
10362,Indigo,1847,77,85,Delayed,8,Short Haul,Poor
10363,Emirates,956,179,175,OnTime,-4,Short Haul,Poor
10364,Indigo,10591,0,191,OnTime,191,Long Haul,Poor
10365,Delta,2333,70,194,Delayed,124,Short Haul,Poor
10366,Emirates,2397,49,93,OnTime,44,Short Haul,Poor
10367,Delta,1816,47,137,Delayed,90,Short Haul,Poor
10368,Indigo,2835,81,15,OnTime,-66,Short Haul,Good
10369,Indigo,10819,162,106,Delayed,-56,Long Haul,Poor
10370,Indigo,11398,167,162,OnTime,-5,Long Haul,Poor
10371,Emirates,2194,176,91,OnTime,-85,Short Haul,Poor
10372,Emirates,9185,107,108,OnTime,1,Long Haul,Poor
10373,Emirates,2951,60,34,OnTime,-26,Short Haul,Poor
10374,Indigo,10684,23,172,OnTime,149,Long Haul,Poor
10375,Delta,1778,32,158,OnTime,126,Short Haul,Poor
10376,Lufthansa,9030,57,37,OnTime,-20,Long Haul,Poor
10377,Delta,7421,126,66,OnTime,-60,Long Haul,Poor
10378,Delta,7927,176,171,OnTime,-5,Long Haul,Poor
10379,Delta,10002,151,7,OnTime,-144,Long Haul,Good
10380,Emirates,3430,35,144,OnTime,109,Medium Long,Poor
10381,Delta,5913,3,141,OnTime,138,Medium Long,Poor
10382,Indigo,10105,142,90,OnTime,-52,Long Haul,Poor
10383,Lufthansa,11188,125,174,Delayed,49,Long Haul,Poor
10384,Delta,1632,31,142,OnTime,111,Short Haul,Poor
10385,Indigo,9675,133,166,Delayed,33,Long Haul,Poor
10386,Delta,786,11,23,OnTime,12,Short Haul,Good
10387,Indigo,6065,175,58,OnTime,-117,Medium Long,Poor
10388,Indigo,2588,68,99,Delayed,31,Short Haul,Poor
10389,Indigo,7026,34,126,OnTime,92,Long Haul,Poor
10390,Indigo,6688,82,62,Delayed,-20,Medium Long,Poor
10391,Indigo,3081,1,30,OnTime,29,Medium Long,Good
10392,Lufthansa,2334,164,147,Delayed,-17,Short Haul,Poor
10393,Indigo,5980,36,191,Delayed,155,Medium Long,Poor
10394,Indigo,10935,29,148,Delayed,119,Long Haul,Poor
10395,Emirates,1478,114,115,Delayed,1,Short Haul,Poor
10396,Indigo,4765,52,72,Delayed,20,Medium Long,Poor
10397,Delta,2261,130,40,OnTime,-90,Short Haul,Poor
10398,Delta,5568,1,68,OnTime,67,Medium Long,Poor
10399,Indigo,6780,22,149,OnTime,127,Medium Long,Poor
10400,Delta,1699,115,71,OnTime,-44,Short Haul,Poor
10401,Delta,10562,116,58,OnTime,-58,Long Haul,Poor
10402,Indigo,2541,94,16,Delayed,-78,Short Haul,Good
10403,Delta,3954,176,105,OnTime,-71,Medium Long,Poor
10404,Delta,7722,109,177,OnTime,68,Long Haul,Poor
10405,Delta,7011,40,37,Delayed,-3,Long Haul,Poor
10406,Delta,9521,171,105,Delayed,-66,Long Haul,Poor
10407,Delta,1979,7,185,OnTime,178,Short Haul,Poor
10408,Delta,3802,89,64,Delayed,-25,Medium Long,Poor
10409,Emirates,4902,132,181,OnTime,49,Medium Long,Poor
10410,Delta,6838,125,169,Delayed,44,Medium Long,Poor
10411,Lufthansa,11026,111,118,Delayed,7,Long Haul,Poor
10412,Indigo,6203,52,70,OnTime,18,Medium Long,Poor
10413,Indigo,5265,74,159,Delayed,85,Medium Long,Poor
10414,Delta,7343,51,24,OnTime,-27,Long Haul,Good
10415,Lufthansa,3382,106,175,OnTime,69,Medium Long,Poor
10416,Indigo,1222,85,175,Delayed,90,Short Haul,Poor
10417,Lufthansa,11576,103,180,Delayed,77,Long Haul,Poor
10418,Indigo,2966,117,123,OnTime,6,Short Haul,Poor
10419,Delta,11945,91,114,Delayed,23,Long Haul,Poor
10420,Lufthansa,379,143,138,OnTime,-5,Short Haul,Poor
10421,Lufthansa,10238,25,70,OnTime,45,Long Haul,Poor
10422,Delta,6646,92,129,OnTime,37,Medium Long,Poor
10423,Lufthansa,9357,2,77,Delayed,75,Long Haul,Poor
10424,Indigo,2683,48,3,Delayed,-45,Short Haul,Good
10425,Emirates,8720,135,197,OnTime,62,Long Haul,Poor
10426,Delta,8692,124,9,OnTime,-115,Long Haul,Good
10427,Delta,8692,113,24,Delayed,-89,Long Haul,Good
10428,Delta,8715,38,159,Delayed,121,Long Haul,Poor
10429,Emirates,5444,31,70,OnTime,39,Medium Long,Poor
10430,Indigo,9071,100,70,OnTime,-30,Long Haul,Poor
10431,Indigo,1769,85,130,Delayed,45,Short Haul,Poor
10432,Lufthansa,3488,13,18,Delayed,5,Medium Long,Good
10433,Lufthansa,10196,130,109,Delayed,-21,Long Haul,Poor
10434,Emirates,9073,54,122,Delayed,68,Long Haul,Poor
10435,Emirates,9809,102,192,Delayed,90,Long Haul,Poor
10436,Lufthansa,7648,72,168,Delayed,96,Long Haul,Poor
10437,Delta,6361,117,168,OnTime,51,Medium Long,Poor
10438,Delta,11353,173,73,OnTime,-100,Long Haul,Poor
10439,Delta,3368,9,159,Delayed,150,Medium Long,Poor
10440,Indigo,970,59,128,OnTime,69,Short Haul,Poor
10441,Delta,3112,72,70,OnTime,-2,Medium Long,Poor
10442,Indigo,8518,1,118,Delayed,117,Long Haul,Poor
10443,Indigo,7167,56,80,Delayed,24,Long Haul,Poor
10444,Lufthansa,6964,9,156,Delayed,147,Medium Long,Poor
10445,Lufthansa,9043,58,173,OnTime,115,Long Haul,Poor
10446,Lufthansa,3247,31,160,Delayed,129,Medium Long,Poor
10447,Emirates,596,60,90,Delayed,30,Short Haul,Poor
10448,Emirates,931,62,56,Delayed,-6,Short Haul,Poor
10449,Emirates,1245,86,8,OnTime,-78,Short Haul,Good
10450,Delta,7755,111,109,OnTime,-2,Long Haul,Poor
10451,Indigo,10915,157,134,OnTime,-23,Long Haul,Poor
10452,Emirates,5900,69,12,OnTime,-57,Medium Long,Good
10453,Emirates,7709,150,12,Delayed,-138,Long Haul,Good
10454,Indigo,4106,128,142,OnTime,14,Medium Long,Poor
10455,Lufthansa,3906,139,110,Delayed,-29,Medium Long,Poor
10456,Emirates,3770,7,83,OnTime,76,Medium Long,Poor
10457,Indigo,7169,94,81,Delayed,-13,Long Haul,Poor
10458,Emirates,6021,150,34,OnTime,-116,Medium Long,Poor
10459,Lufthansa,6240,21,185,OnTime,164,Medium Long,Poor
10460,Emirates,3655,27,34,Delayed,7,Medium Long,Poor
10461,Delta,2097,145,111,Delayed,-34,Short Haul,Poor
10462,Indigo,3907,122,191,Delayed,69,Medium Long,Poor
10463,Delta,8265,38,134,OnTime,96,Long Haul,Poor
10464,Emirates,5983,57,35,Delayed,-22,Medium Long,Poor
10465,Delta,8059,21,34,OnTime,13,Long Haul,Poor
10466,Indigo,6063,73,102,OnTime,29,Medium Long,Poor
10467,Delta,5555,163,69,Delayed,-94,Medium Long,Poor
10468,Delta,10453,82,51,Delayed,-31,Long Haul,Poor
10469,Lufthansa,10259,160,53,Delayed,-107,Long Haul,Poor
10470,Emirates,6989,115,171,OnTime,56,Medium Long,Poor
10471,Delta,602,0,71,Delayed,71,Short Haul,Poor
10472,Lufthansa,9713,59,53,Delayed,-6,Long Haul,Poor
10473,Indigo,9921,112,156,OnTime,44,Long Haul,Poor
10474,Delta,11464,89,114,Delayed,25,Long Haul,Poor
10475,Lufthansa,8154,178,10,OnTime,-168,Long Haul,Good
10476,Lufthansa,2409,2,162,Delayed,160,Short Haul,Poor
10477,Lufthansa,10678,163,56,OnTime,-107,Long Haul,Poor
10478,Indigo,7890,120,66,OnTime,-54,Long Haul,Poor
10479,Delta,10238,177,159,Delayed,-18,Long Haul,Poor
10480,Lufthansa,3138,130,85,OnTime,-45,Medium Long,Poor
10481,Lufthansa,1910,158,90,OnTime,-68,Short Haul,Poor
10482,Indigo,9330,147,124,Delayed,-23,Long Haul,Poor
10483,Delta,4390,112,175,OnTime,63,Medium Long,Poor
10484,Lufthansa,6472,124,178,OnTime,54,Medium Long,Poor
10485,Lufthansa,8679,149,145,Delayed,-4,Long Haul,Poor
10486,Lufthansa,9847,164,122,Delayed,-42,Long Haul,Poor
10487,Delta,9653,179,184,OnTime,5,Long Haul,Poor
10488,Emirates,11278,25,185,Delayed,160,Long Haul,Poor
10489,Indigo,4008,113,29,Delayed,-84,Medium Long,Good
10490,Emirates,6538,65,39,Delayed,-26,Medium Long,Poor
10491,Indigo,11085,138,62,Delayed,-76,Long Haul,Poor
10492,Emirates,5069,47,73,Delayed,26,Medium Long,Poor
10493,Delta,883,64,95,OnTime,31,Short Haul,Poor
10494,Indigo,11173,155,15,Delayed,-140,Long Haul,Good
10495,Emirates,8458,116,126,Delayed,10,Long Haul,Poor
10496,Emirates,2151,12,190,OnTime,178,Short Haul,Poor
10497,Emirates,1986,6,177,OnTime,171,Short Haul,Poor
10498,Lufthansa,11745,108,124,OnTime,16,Long Haul,Poor
10499,Indigo,3366,161,73,OnTime,-88,Medium Long,Poor
10500,Delta,11147,170,147,OnTime,-23,Long Haul,Poor
10501,Emirates,9424,77,80,OnTime,3,Long Haul,Poor
10502,Emirates,11690,151,103,Delayed,-48,Long Haul,Poor
10503,Lufthansa,9103,87,75,OnTime,-12,Long Haul,Poor
10504,Lufthansa,6302,79,20,Delayed,-59,Medium Long,Good
10505,Indigo,2303,55,192,OnTime,137,Short Haul,Poor
10506,Delta,9771,76,42,OnTime,-34,Long Haul,Poor
10507,Indigo,5809,37,43,OnTime,6,Medium Long,Poor
10508,Emirates,3478,44,32,Delayed,-12,Medium Long,Poor
10509,Lufthansa,6073,104,70,OnTime,-34,Medium Long,Poor
10510,Indigo,10875,162,31,Delayed,-131,Long Haul,Poor
10511,Indigo,5657,64,144,OnTime,80,Medium Long,Poor
10512,Lufthansa,6157,111,103,Delayed,-8,Medium Long,Poor
10513,Indigo,6081,139,75,Delayed,-64,Medium Long,Poor
10514,Indigo,10635,23,66,Delayed,43,Long Haul,Poor
10515,Lufthansa,7212,82,188,OnTime,106,Long Haul,Poor
10516,Lufthansa,2284,104,180,OnTime,76,Short Haul,Poor
10517,Lufthansa,2013,30,62,Delayed,32,Short Haul,Poor
10518,Delta,10629,58,169,Delayed,111,Long Haul,Poor
10519,Lufthansa,4041,142,116,OnTime,-26,Medium Long,Poor
10520,Delta,7713,117,171,OnTime,54,Long Haul,Poor
10521,Indigo,11398,145,41,Delayed,-104,Long Haul,Poor
10522,Emirates,7991,97,114,Delayed,17,Long Haul,Poor
10523,Emirates,3911,0,116,OnTime,116,Medium Long,Poor
10524,Indigo,4756,139,112,Delayed,-27,Medium Long,Poor
10525,Indigo,1541,5,177,OnTime,172,Short Haul,Poor
10526,Delta,5338,72,181,OnTime,109,Medium Long,Poor
10527,Emirates,1249,82,97,OnTime,15,Short Haul,Poor
10528,Lufthansa,8174,122,133,OnTime,11,Long Haul,Poor
10529,Delta,7803,59,35,Delayed,-24,Long Haul,Poor
10530,Delta,6739,104,81,OnTime,-23,Medium Long,Poor
10531,Delta,1982,33,145,OnTime,112,Short Haul,Poor
10532,Delta,9236,137,86,Delayed,-51,Long Haul,Poor
10533,Indigo,1007,52,168,Delayed,116,Short Haul,Poor
10534,Delta,497,49,103,OnTime,54,Short Haul,Poor
10535,Delta,1572,39,121,Delayed,82,Short Haul,Poor
10536,Lufthansa,3454,106,116,OnTime,10,Medium Long,Poor
10537,Emirates,5858,86,29,Delayed,-57,Medium Long,Good
10538,Emirates,5279,179,77,OnTime,-102,Medium Long,Poor
10539,Emirates,7017,167,138,OnTime,-29,Long Haul,Poor
10540,Indigo,11034,26,120,Delayed,94,Long Haul,Poor
10541,Delta,3874,26,145,Delayed,119,Medium Long,Poor
10542,Delta,7832,172,59,Delayed,-113,Long Haul,Poor
10543,Delta,5867,149,177,Delayed,28,Medium Long,Poor
10544,Indigo,11560,126,128,Delayed,2,Long Haul,Poor
10545,Delta,7338,20,44,Delayed,24,Long Haul,Poor
10546,Emirates,7091,44,189,OnTime,145,Long Haul,Poor
10547,Indigo,7818,89,27,OnTime,-62,Long Haul,Good
10548,Lufthansa,4392,174,44,OnTime,-130,Medium Long,Poor
10549,Indigo,5760,90,177,Delayed,87,Medium Long,Poor
10550,Indigo,8788,138,179,OnTime,41,Long Haul,Poor
10551,Indigo,2663,46,173,OnTime,127,Short Haul,Poor
10552,Delta,1320,33,16,Delayed,-17,Short Haul,Good
10553,Lufthansa,5932,119,4,Delayed,-115,Medium Long,Good
10554,Indigo,5064,41,13,Delayed,-28,Medium Long,Good
10555,Emirates,8363,140,35,OnTime,-105,Long Haul,Poor
10556,Lufthansa,11307,153,48,OnTime,-105,Long Haul,Poor
10557,Indigo,210,134,157,Delayed,23,Short Haul,Poor
10558,Indigo,10023,30,27,OnTime,-3,Long Haul,Good
10559,Indigo,11906,70,75,OnTime,5,Long Haul,Poor
10560,Emirates,10623,100,140,OnTime,40,Long Haul,Poor
10561,Lufthansa,7351,86,54,Delayed,-32,Long Haul,Poor
10562,Lufthansa,2371,115,23,OnTime,-92,Short Haul,Good
10563,Lufthansa,8260,37,153,Delayed,116,Long Haul,Poor
10564,Lufthansa,5833,55,61,Delayed,6,Medium Long,Poor
10565,Indigo,4942,147,180,Delayed,33,Medium Long,Poor
10566,Lufthansa,4331,0,89,OnTime,89,Medium Long,Poor
10567,Emirates,339,1,86,OnTime,85,Short Haul,Poor
10568,Delta,8658,67,160,OnTime,93,Long Haul,Poor
10569,Emirates,2898,103,153,Delayed,50,Short Haul,Poor
10570,Emirates,11284,89,169,OnTime,80,Long Haul,Poor
10571,Indigo,8448,153,116,OnTime,-37,Long Haul,Poor
10572,Lufthansa,3276,118,91,Delayed,-27,Medium Long,Poor
10573,Emirates,7586,104,182,OnTime,78,Long Haul,Poor
10574,Emirates,844,107,170,Delayed,63,Short Haul,Poor
10575,Delta,2283,156,165,Delayed,9,Short Haul,Poor
10576,Emirates,2842,13,98,OnTime,85,Short Haul,Poor
10577,Delta,7618,58,122,OnTime,64,Long Haul,Poor
10578,Emirates,6149,8,89,Delayed,81,Medium Long,Poor
10579,Indigo,9913,123,192,OnTime,69,Long Haul,Poor
10580,Emirates,609,6,118,OnTime,112,Short Haul,Poor
10581,Emirates,7461,104,86,OnTime,-18,Long Haul,Poor
10582,Delta,2281,149,25,OnTime,-124,Short Haul,Good
10583,Delta,6450,44,44,Delayed,0,Medium Long,Poor
10584,Emirates,10609,160,165,OnTime,5,Long Haul,Poor
10585,Indigo,9135,103,60,Delayed,-43,Long Haul,Poor
10586,Indigo,2372,53,63,OnTime,10,Short Haul,Poor
10587,Indigo,739,50,100,OnTime,50,Short Haul,Poor
10588,Delta,2524,178,188,Delayed,10,Short Haul,Poor
10589,Indigo,8878,93,119,OnTime,26,Long Haul,Poor
10590,Emirates,7493,112,110,OnTime,-2,Long Haul,Poor
10591,Lufthansa,5840,11,61,OnTime,50,Medium Long,Poor
10592,Delta,3884,51,166,Delayed,115,Medium Long,Poor
10593,Indigo,11268,97,10,Delayed,-87,Long Haul,Good
10594,Emirates,3757,30,106,Delayed,76,Medium Long,Poor
10595,Lufthansa,3370,161,58,OnTime,-103,Medium Long,Poor
10596,Indigo,5398,156,130,OnTime,-26,Medium Long,Poor
10597,Emirates,10970,124,16,OnTime,-108,Long Haul,Good
10598,Delta,8694,152,82,OnTime,-70,Long Haul,Poor
10599,Emirates,1725,71,120,Delayed,49,Short Haul,Poor
10600,Emirates,1855,19,2,OnTime,-17,Short Haul,Good
10601,Emirates,11704,120,95,OnTime,-25,Long Haul,Poor
10602,Lufthansa,11477,4,115,Delayed,111,Long Haul,Poor
10603,Indigo,3519,68,149,OnTime,81,Medium Long,Poor
10604,Delta,5540,84,76,OnTime,-8,Medium Long,Poor
10605,Lufthansa,6716,168,156,Delayed,-12,Medium Long,Poor
10606,Delta,9626,54,152,OnTime,98,Long Haul,Poor
10607,Delta,8671,61,156,Delayed,95,Long Haul,Poor
10608,Emirates,4951,98,92,Delayed,-6,Medium Long,Poor
10609,Delta,5425,90,136,OnTime,46,Medium Long,Poor
10610,Indigo,8527,40,152,Delayed,112,Long Haul,Poor
10611,Delta,5914,18,162,Delayed,144,Medium Long,Poor
10612,Lufthansa,7029,19,75,Delayed,56,Long Haul,Poor
10613,Lufthansa,7184,126,134,Delayed,8,Long Haul,Poor
10614,Lufthansa,1538,171,98,OnTime,-73,Short Haul,Poor
10615,Indigo,10610,91,179,Delayed,88,Long Haul,Poor
10616,Lufthansa,5007,66,134,OnTime,68,Medium Long,Poor
10617,Lufthansa,5821,136,191,OnTime,55,Medium Long,Poor
10618,Indigo,2518,154,1,OnTime,-153,Short Haul,Good
10619,Delta,5324,57,23,Delayed,-34,Medium Long,Good
10620,Indigo,5331,141,14,OnTime,-127,Medium Long,Good
10621,Lufthansa,1875,103,8,Delayed,-95,Short Haul,Good
10622,Indigo,5913,24,82,OnTime,58,Medium Long,Poor
10623,Emirates,6527,41,103,OnTime,62,Medium Long,Poor
10624,Indigo,1032,124,72,OnTime,-52,Short Haul,Poor
10625,Lufthansa,9561,29,38,OnTime,9,Long Haul,Poor
10626,Emirates,3808,79,102,Delayed,23,Medium Long,Poor
10627,Indigo,7980,113,134,OnTime,21,Long Haul,Poor
10628,Lufthansa,1536,134,114,OnTime,-20,Short Haul,Poor
10629,Delta,8646,151,12,OnTime,-139,Long Haul,Good
10630,Emirates,2518,44,29,Delayed,-15,Short Haul,Good
10631,Delta,11075,86,60,OnTime,-26,Long Haul,Poor
10632,Delta,2537,166,187,Delayed,21,Short Haul,Poor
10633,Indigo,11828,113,183,OnTime,70,Long Haul,Poor
10634,Delta,6027,56,87,OnTime,31,Medium Long,Poor
10635,Delta,6838,161,108,OnTime,-53,Medium Long,Poor
10636,Lufthansa,7555,172,70,Delayed,-102,Long Haul,Poor
10637,Indigo,2559,102,127,Delayed,25,Short Haul,Poor
10638,Lufthansa,9494,108,195,Delayed,87,Long Haul,Poor
10639,Delta,11375,121,10,OnTime,-111,Long Haul,Good
10640,Emirates,5512,107,94,Delayed,-13,Medium Long,Poor
10641,Delta,1363,25,147,OnTime,122,Short Haul,Poor
10642,Emirates,2644,169,58,Delayed,-111,Short Haul,Poor
10643,Emirates,7242,125,195,OnTime,70,Long Haul,Poor
10644,Lufthansa,4125,160,173,OnTime,13,Medium Long,Poor
10645,Lufthansa,3585,71,105,OnTime,34,Medium Long,Poor
10646,Lufthansa,6926,79,169,OnTime,90,Medium Long,Poor
10647,Lufthansa,6464,18,109,OnTime,91,Medium Long,Poor
10648,Lufthansa,4883,157,107,Delayed,-50,Medium Long,Poor
10649,Emirates,741,157,67,Delayed,-90,Short Haul,Poor
10650,Indigo,10603,70,195,OnTime,125,Long Haul,Poor
10651,Delta,7221,52,46,OnTime,-6,Long Haul,Poor
10652,Delta,11766,109,0,Delayed,-109,Long Haul,Good
10653,Delta,1909,142,147,OnTime,5,Short Haul,Poor
10654,Emirates,7024,20,89,OnTime,69,Long Haul,Poor
10655,Emirates,10417,150,144,Delayed,-6,Long Haul,Poor
10656,Indigo,3260,83,187,Delayed,104,Medium Long,Poor
10657,Delta,527,12,108,Delayed,96,Short Haul,Poor
10658,Indigo,8103,72,106,OnTime,34,Long Haul,Poor
10659,Lufthansa,6355,39,84,Delayed,45,Medium Long,Poor
10660,Delta,3732,137,93,OnTime,-44,Medium Long,Poor
10661,Emirates,7453,128,144,OnTime,16,Long Haul,Poor
10662,Emirates,7698,47,69,OnTime,22,Long Haul,Poor
10663,Emirates,10839,74,113,OnTime,39,Long Haul,Poor
10664,Indigo,6880,72,121,Delayed,49,Medium Long,Poor
10665,Lufthansa,8087,94,121,Delayed,27,Long Haul,Poor
10666,Delta,1699,177,58,Delayed,-119,Short Haul,Poor
10667,Indigo,11083,143,39,OnTime,-104,Long Haul,Poor
10668,Delta,3082,148,153,Delayed,5,Medium Long,Poor
10669,Lufthansa,4346,82,128,OnTime,46,Medium Long,Poor
10670,Lufthansa,8890,126,87,OnTime,-39,Long Haul,Poor
10671,Delta,5798,77,68,OnTime,-9,Medium Long,Poor
10672,Indigo,2817,24,149,OnTime,125,Short Haul,Poor
10673,Delta,7324,10,160,OnTime,150,Long Haul,Poor
10674,Emirates,2083,177,127,OnTime,-50,Short Haul,Poor
10675,Emirates,10677,87,167,Delayed,80,Long Haul,Poor
10676,Emirates,10443,152,135,OnTime,-17,Long Haul,Poor
10677,Lufthansa,11488,76,148,OnTime,72,Long Haul,Poor
10678,Lufthansa,3421,63,189,OnTime,126,Medium Long,Poor
10679,Lufthansa,3984,80,33,Delayed,-47,Medium Long,Poor
10680,Delta,6406,137,69,OnTime,-68,Medium Long,Poor
10681,Lufthansa,3691,18,21,OnTime,3,Medium Long,Good
10682,Emirates,11177,155,93,Delayed,-62,Long Haul,Poor
10683,Delta,10062,56,2,OnTime,-54,Long Haul,Good
10684,Indigo,11597,8,172,Delayed,164,Long Haul,Poor
10685,Delta,6280,98,69,Delayed,-29,Medium Long,Poor
10686,Emirates,813,131,15,Delayed,-116,Short Haul,Good
10687,Delta,9662,29,197,OnTime,168,Long Haul,Poor
10688,Indigo,10619,105,62,Delayed,-43,Long Haul,Poor
10689,Lufthansa,3337,107,67,OnTime,-40,Medium Long,Poor
10690,Emirates,10552,9,3,OnTime,-6,Long Haul,Good
10691,Emirates,8842,108,142,OnTime,34,Long Haul,Poor
10692,Emirates,10416,12,77,OnTime,65,Long Haul,Poor
10693,Indigo,9408,168,103,OnTime,-65,Long Haul,Poor
10694,Emirates,8486,108,165,OnTime,57,Long Haul,Poor
10695,Indigo,6135,168,134,Delayed,-34,Medium Long,Poor
10696,Emirates,11703,162,51,Delayed,-111,Long Haul,Poor
10697,Lufthansa,11415,94,181,OnTime,87,Long Haul,Poor
10698,Delta,10007,94,90,OnTime,-4,Long Haul,Poor
10699,Indigo,1848,73,166,OnTime,93,Short Haul,Poor
10700,Emirates,5147,147,20,Delayed,-127,Medium Long,Good
10701,Delta,9506,100,95,Delayed,-5,Long Haul,Poor
10702,Delta,1705,171,71,OnTime,-100,Short Haul,Poor
10703,Indigo,8124,26,88,Delayed,62,Long Haul,Poor
10704,Delta,11385,40,146,OnTime,106,Long Haul,Poor
10705,Emirates,9038,16,108,Delayed,92,Long Haul,Poor
10706,Emirates,4377,69,78,Delayed,9,Medium Long,Poor
10707,Lufthansa,5095,101,43,Delayed,-58,Medium Long,Poor
10708,Delta,10527,67,138,OnTime,71,Long Haul,Poor
10709,Emirates,4496,96,108,OnTime,12,Medium Long,Poor
10710,Delta,3297,83,121,OnTime,38,Medium Long,Poor
10711,Indigo,6799,7,172,OnTime,165,Medium Long,Poor
10712,Emirates,728,66,113,Delayed,47,Short Haul,Poor
10713,Lufthansa,5790,137,174,OnTime,37,Medium Long,Poor
10714,Delta,893,170,197,Delayed,27,Short Haul,Poor
10715,Indigo,11886,76,154,OnTime,78,Long Haul,Poor
10716,Delta,5686,73,1,Delayed,-72,Medium Long,Good
10717,Emirates,7702,84,182,Delayed,98,Long Haul,Poor
10718,Lufthansa,11911,50,165,OnTime,115,Long Haul,Poor
10719,Lufthansa,9831,126,27,Delayed,-99,Long Haul,Good
10720,Emirates,11127,53,162,OnTime,109,Long Haul,Poor
10721,Delta,5002,84,114,OnTime,30,Medium Long,Poor
10722,Lufthansa,4004,92,59,Delayed,-33,Medium Long,Poor
10723,Emirates,6718,167,113,OnTime,-54,Medium Long,Poor
10724,Emirates,6808,165,16,OnTime,-149,Medium Long,Good
10725,Indigo,5513,66,90,OnTime,24,Medium Long,Poor
10726,Lufthansa,6471,146,64,Delayed,-82,Medium Long,Poor
10727,Emirates,9913,143,44,Delayed,-99,Long Haul,Poor
10728,Indigo,815,175,126,OnTime,-49,Short Haul,Poor
10729,Emirates,2161,79,23,Delayed,-56,Short Haul,Good
10730,Emirates,10333,128,19,Delayed,-109,Long Haul,Good
10731,Delta,7390,122,115,Delayed,-7,Long Haul,Poor
10732,Emirates,5213,72,73,Delayed,1,Medium Long,Poor
10733,Lufthansa,3506,27,65,Delayed,38,Medium Long,Poor
10734,Delta,344,24,173,OnTime,149,Short Haul,Poor
10735,Delta,3049,51,98,OnTime,47,Medium Long,Poor
10736,Lufthansa,9390,32,58,Delayed,26,Long Haul,Poor
10737,Emirates,1151,178,130,Delayed,-48,Short Haul,Poor
10738,Lufthansa,4815,54,78,Delayed,24,Medium Long,Poor
10739,Emirates,6054,157,164,Delayed,7,Medium Long,Poor
10740,Lufthansa,6859,57,188,OnTime,131,Medium Long,Poor
10741,Indigo,2945,131,172,OnTime,41,Short Haul,Poor
10742,Indigo,1261,170,18,Delayed,-152,Short Haul,Good
10743,Indigo,9071,114,129,Delayed,15,Long Haul,Poor
10744,Emirates,4202,45,103,OnTime,58,Medium Long,Poor
10745,Lufthansa,696,15,26,OnTime,11,Short Haul,Good
10746,Lufthansa,9883,77,172,OnTime,95,Long Haul,Poor
10747,Indigo,11287,147,168,Delayed,21,Long Haul,Poor
10748,Indigo,11939,110,92,Delayed,-18,Long Haul,Poor
10749,Delta,7970,151,196,OnTime,45,Long Haul,Poor
10750,Delta,6389,100,161,Delayed,61,Medium Long,Poor
10751,Delta,8068,58,181,OnTime,123,Long Haul,Poor
10752,Delta,3364,40,86,Delayed,46,Medium Long,Poor
10753,Delta,9070,114,55,Delayed,-59,Long Haul,Poor
10754,Emirates,2145,120,113,Delayed,-7,Short Haul,Poor
10755,Delta,10763,34,172,OnTime,138,Long Haul,Poor
10756,Indigo,3974,128,168,Delayed,40,Medium Long,Poor
10757,Indigo,466,144,185,Delayed,41,Short Haul,Poor
10758,Lufthansa,5086,37,67,OnTime,30,Medium Long,Poor
10759,Indigo,3234,113,54,OnTime,-59,Medium Long,Poor
10760,Lufthansa,11355,95,92,OnTime,-3,Long Haul,Poor
10761,Emirates,4802,30,89,OnTime,59,Medium Long,Poor
10762,Delta,8226,33,117,Delayed,84,Long Haul,Poor
10763,Indigo,6600,66,44,Delayed,-22,Medium Long,Poor
10764,Emirates,10921,33,82,OnTime,49,Long Haul,Poor
10765,Delta,8235,150,53,OnTime,-97,Long Haul,Poor
10766,Emirates,226,6,132,OnTime,126,Short Haul,Poor
10767,Emirates,8311,107,118,Delayed,11,Long Haul,Poor
10768,Indigo,1673,34,19,Delayed,-15,Short Haul,Good
10769,Lufthansa,8091,45,138,OnTime,93,Long Haul,Poor
10770,Delta,7525,151,154,Delayed,3,Long Haul,Poor
10771,Lufthansa,7593,138,159,OnTime,21,Long Haul,Poor
10772,Delta,4991,46,107,OnTime,61,Medium Long,Poor
10773,Indigo,6465,43,53,Delayed,10,Medium Long,Poor
10774,Emirates,7553,178,196,Delayed,18,Long Haul,Poor
10775,Lufthansa,7305,83,8,OnTime,-75,Long Haul,Good
10776,Indigo,507,32,59,Delayed,27,Short Haul,Poor
10777,Lufthansa,7155,135,127,Delayed,-8,Long Haul,Poor
10778,Lufthansa,11893,106,29,OnTime,-77,Long Haul,Good
10779,Indigo,4021,143,37,OnTime,-106,Medium Long,Poor
10780,Indigo,6984,10,26,OnTime,16,Medium Long,Good
10781,Emirates,286,30,35,OnTime,5,Short Haul,Poor
10782,Lufthansa,4024,89,13,Delayed,-76,Medium Long,Good
10783,Delta,10735,145,122,Delayed,-23,Long Haul,Poor
10784,Lufthansa,3102,174,119,Delayed,-55,Medium Long,Poor
10785,Lufthansa,11410,7,20,OnTime,13,Long Haul,Good
10786,Lufthansa,2304,144,38,OnTime,-106,Short Haul,Poor
10787,Emirates,6071,3,142,Delayed,139,Medium Long,Poor
10788,Emirates,10985,85,60,Delayed,-25,Long Haul,Poor
10789,Indigo,9409,54,166,OnTime,112,Long Haul,Poor
10790,Delta,9482,64,8,OnTime,-56,Long Haul,Good
10791,Lufthansa,9985,162,118,Delayed,-44,Long Haul,Poor
10792,Emirates,5533,158,165,Delayed,7,Medium Long,Poor
10793,Emirates,859,112,17,OnTime,-95,Short Haul,Good
10794,Emirates,7679,114,80,Delayed,-34,Long Haul,Poor
10795,Emirates,5414,92,78,OnTime,-14,Medium Long,Poor
10796,Emirates,6977,142,22,OnTime,-120,Medium Long,Good
10797,Lufthansa,1038,126,83,OnTime,-43,Short Haul,Poor
10798,Lufthansa,9858,157,19,OnTime,-138,Long Haul,Good
10799,Lufthansa,11143,27,92,Delayed,65,Long Haul,Poor
10800,Indigo,2109,171,39,Delayed,-132,Short Haul,Poor
10801,Indigo,9229,165,34,Delayed,-131,Long Haul,Poor
10802,Delta,3307,54,100,OnTime,46,Medium Long,Poor
10803,Lufthansa,1339,132,114,Delayed,-18,Short Haul,Poor
10804,Emirates,8416,26,25,OnTime,-1,Long Haul,Good
10805,Delta,6025,48,14,OnTime,-34,Medium Long,Good
10806,Indigo,11022,46,30,OnTime,-16,Long Haul,Good
10807,Emirates,208,177,87,Delayed,-90,Short Haul,Poor
10808,Indigo,7586,59,174,Delayed,115,Long Haul,Poor
10809,Emirates,5859,169,51,Delayed,-118,Medium Long,Poor
10810,Lufthansa,8918,108,54,Delayed,-54,Long Haul,Poor
10811,Delta,7971,131,35,Delayed,-96,Long Haul,Poor
10812,Lufthansa,7679,171,29,OnTime,-142,Long Haul,Good
10813,Emirates,2466,13,147,Delayed,134,Short Haul,Poor
10814,Indigo,4050,51,65,OnTime,14,Medium Long,Poor
10815,Delta,8644,22,119,OnTime,97,Long Haul,Poor
10816,Emirates,5104,71,107,OnTime,36,Medium Long,Poor
10817,Lufthansa,9125,153,70,OnTime,-83,Long Haul,Poor
10818,Indigo,3261,117,73,Delayed,-44,Medium Long,Poor
10819,Indigo,2822,147,82,OnTime,-65,Short Haul,Poor
10820,Delta,8431,124,60,Delayed,-64,Long Haul,Poor
10821,Indigo,5672,127,159,OnTime,32,Medium Long,Poor
10822,Emirates,5225,169,167,OnTime,-2,Medium Long,Poor
10823,Delta,9793,80,124,Delayed,44,Long Haul,Poor
10824,Delta,8506,24,54,Delayed,30,Long Haul,Poor
10825,Delta,9692,102,86,OnTime,-16,Long Haul,Poor
10826,Lufthansa,11752,55,38,Delayed,-17,Long Haul,Poor
10827,Delta,5184,141,86,Delayed,-55,Medium Long,Poor
10828,Emirates,11198,46,109,Delayed,63,Long Haul,Poor
10829,Indigo,9991,117,53,OnTime,-64,Long Haul,Poor
10830,Delta,2133,153,16,OnTime,-137,Short Haul,Good
10831,Delta,4640,102,116,Delayed,14,Medium Long,Poor
10832,Delta,11247,98,72,OnTime,-26,Long Haul,Poor
10833,Delta,2588,52,83,OnTime,31,Short Haul,Poor
10834,Emirates,5222,21,176,OnTime,155,Medium Long,Poor
10835,Lufthansa,11090,62,109,Delayed,47,Long Haul,Poor
10836,Lufthansa,1980,104,158,OnTime,54,Short Haul,Poor
10837,Delta,3598,33,128,OnTime,95,Medium Long,Poor
10838,Delta,6629,128,153,Delayed,25,Medium Long,Poor
10839,Emirates,10339,61,104,OnTime,43,Long Haul,Poor
10840,Emirates,422,96,42,OnTime,-54,Short Haul,Poor
10841,Lufthansa,9078,84,108,Delayed,24,Long Haul,Poor
10842,Lufthansa,10168,70,8,OnTime,-62,Long Haul,Good
10843,Delta,8588,36,114,OnTime,78,Long Haul,Poor
10844,Emirates,11504,102,5,OnTime,-97,Long Haul,Good
10845,Emirates,11641,121,79,Delayed,-42,Long Haul,Poor
10846,Indigo,8282,123,29,Delayed,-94,Long Haul,Good
10847,Emirates,10808,106,97,OnTime,-9,Long Haul,Poor
10848,Emirates,1838,176,135,Delayed,-41,Short Haul,Poor
10849,Emirates,5117,137,198,OnTime,61,Medium Long,Poor
10850,Lufthansa,2567,79,35,Delayed,-44,Short Haul,Poor
10851,Delta,6282,85,142,OnTime,57,Medium Long,Poor
10852,Indigo,10874,167,153,OnTime,-14,Long Haul,Poor
10853,Emirates,2444,131,53,OnTime,-78,Short Haul,Poor
10854,Delta,7050,45,181,Delayed,136,Long Haul,Poor
10855,Lufthansa,1057,147,63,OnTime,-84,Short Haul,Poor
10856,Indigo,9248,117,114,OnTime,-3,Long Haul,Poor
10857,Indigo,4063,88,22,Delayed,-66,Medium Long,Good
10858,Indigo,701,25,75,Delayed,50,Short Haul,Poor
10859,Delta,11146,169,112,Delayed,-57,Long Haul,Poor
10860,Indigo,7154,57,164,Delayed,107,Long Haul,Poor
10861,Indigo,10483,64,65,OnTime,1,Long Haul,Poor
10862,Indigo,2957,68,75,OnTime,7,Short Haul,Poor
10863,Delta,3290,76,21,OnTime,-55,Medium Long,Good
10864,Indigo,6357,165,147,Delayed,-18,Medium Long,Poor
10865,Indigo,4465,116,25,Delayed,-91,Medium Long,Good
10866,Emirates,11136,131,154,OnTime,23,Long Haul,Poor
10867,Delta,1544,152,42,OnTime,-110,Short Haul,Poor
10868,Lufthansa,4996,92,42,OnTime,-50,Medium Long,Poor
10869,Delta,306,61,191,Delayed,130,Short Haul,Poor
10870,Indigo,3526,19,31,Delayed,12,Medium Long,Poor
10871,Emirates,3150,91,151,OnTime,60,Medium Long,Poor
10872,Indigo,3325,15,71,Delayed,56,Medium Long,Poor
10873,Lufthansa,11766,49,58,Delayed,9,Long Haul,Poor
10874,Delta,3579,158,36,OnTime,-122,Medium Long,Poor
10875,Lufthansa,6699,71,150,OnTime,79,Medium Long,Poor
10876,Lufthansa,4316,137,162,OnTime,25,Medium Long,Poor
10877,Delta,6391,30,179,OnTime,149,Medium Long,Poor
10878,Lufthansa,6998,101,29,OnTime,-72,Medium Long,Good
10879,Delta,7830,6,116,OnTime,110,Long Haul,Poor
10880,Emirates,2318,27,122,Delayed,95,Short Haul,Poor
10881,Emirates,1033,137,146,Delayed,9,Short Haul,Poor
10882,Delta,742,130,14,OnTime,-116,Short Haul,Good
10883,Lufthansa,8556,38,75,OnTime,37,Long Haul,Poor
10884,Delta,6330,136,160,OnTime,24,Medium Long,Poor
10885,Emirates,9324,8,134,OnTime,126,Long Haul,Poor
10886,Indigo,11824,105,106,Delayed,1,Long Haul,Poor
10887,Delta,2434,51,122,OnTime,71,Short Haul,Poor
10888,Delta,6752,63,49,Delayed,-14,Medium Long,Poor
10889,Delta,8277,54,71,Delayed,17,Long Haul,Poor
10890,Lufthansa,6185,41,148,Delayed,107,Medium Long,Poor
10891,Indigo,4430,69,157,OnTime,88,Medium Long,Poor
10892,Lufthansa,5996,16,94,Delayed,78,Medium Long,Poor
10893,Delta,2742,1,155,Delayed,154,Short Haul,Poor
10894,Lufthansa,5747,114,105,OnTime,-9,Medium Long,Poor
10895,Lufthansa,1759,73,21,Delayed,-52,Short Haul,Good
10896,Emirates,11226,161,77,OnTime,-84,Long Haul,Poor
10897,Emirates,9327,60,26,OnTime,-34,Long Haul,Good
10898,Emirates,10067,161,64,OnTime,-97,Long Haul,Poor
10899,Delta,2594,120,141,OnTime,21,Short Haul,Poor
10900,Delta,8619,48,195,Delayed,147,Long Haul,Poor
10901,Lufthansa,7320,166,74,Delayed,-92,Long Haul,Poor
10902,Lufthansa,10098,154,92,OnTime,-62,Long Haul,Poor
10903,Indigo,7534,22,43,Delayed,21,Long Haul,Poor
10904,Lufthansa,9324,31,29,Delayed,-2,Long Haul,Good
10905,Emirates,9459,142,79,OnTime,-63,Long Haul,Poor
10906,Emirates,10039,108,64,OnTime,-44,Long Haul,Poor
10907,Emirates,4197,74,20,OnTime,-54,Medium Long,Good
10908,Delta,6807,43,124,OnTime,81,Medium Long,Poor
10909,Lufthansa,646,137,55,Delayed,-82,Short Haul,Poor
10910,Delta,2047,12,102,OnTime,90,Short Haul,Poor
10911,Delta,9633,152,23,Delayed,-129,Long Haul,Good
10912,Delta,11303,70,23,OnTime,-47,Long Haul,Good
10913,Indigo,7749,27,20,Delayed,-7,Long Haul,Good
10914,Lufthansa,3260,162,37,OnTime,-125,Medium Long,Poor
10915,Indigo,7787,103,37,OnTime,-66,Long Haul,Poor
10916,Lufthansa,8816,118,114,Delayed,-4,Long Haul,Poor
10917,Indigo,9434,101,109,Delayed,8,Long Haul,Poor
10918,Lufthansa,357,10,117,Delayed,107,Short Haul,Poor
10919,Indigo,11670,10,42,Delayed,32,Long Haul,Poor
10920,Indigo,522,95,175,OnTime,80,Short Haul,Poor
10921,Delta,11793,64,135,Delayed,71,Long Haul,Poor
10922,Indigo,5665,13,177,Delayed,164,Medium Long,Poor
10923,Indigo,5734,62,6,Delayed,-56,Medium Long,Good
10924,Delta,7674,51,85,OnTime,34,Long Haul,Poor
10925,Emirates,3197,137,50,OnTime,-87,Medium Long,Poor
10926,Lufthansa,7081,66,25,OnTime,-41,Long Haul,Good
10927,Emirates,1692,63,130,OnTime,67,Short Haul,Poor
10928,Indigo,1934,99,14,Delayed,-85,Short Haul,Good
10929,Indigo,10860,178,3,OnTime,-175,Long Haul,Good
10930,Emirates,11322,90,20,Delayed,-70,Long Haul,Good
10931,Indigo,8545,145,176,OnTime,31,Long Haul,Poor
10932,Indigo,5856,40,142,Delayed,102,Medium Long,Poor
10933,Emirates,9149,36,145,Delayed,109,Long Haul,Poor
10934,Emirates,482,1,198,OnTime,197,Short Haul,Poor
10935,Indigo,1047,48,8,Delayed,-40,Short Haul,Good
10936,Emirates,8876,169,176,Delayed,7,Long Haul,Poor
10937,Lufthansa,6593,41,10,OnTime,-31,Medium Long,Good
10938,Lufthansa,2372,154,168,Delayed,14,Short Haul,Poor
10939,Delta,9507,137,151,OnTime,14,Long Haul,Poor
10940,Emirates,3540,150,126,Delayed,-24,Medium Long,Poor
10941,Emirates,1953,102,26,Delayed,-76,Short Haul,Good
10942,Delta,9523,112,39,Delayed,-73,Long Haul,Poor
10943,Emirates,7218,20,71,Delayed,51,Long Haul,Poor
10944,Delta,936,7,121,OnTime,114,Short Haul,Poor
10945,Delta,3561,39,94,Delayed,55,Medium Long,Poor
10946,Lufthansa,1173,33,83,OnTime,50,Short Haul,Poor
10947,Lufthansa,1684,177,168,OnTime,-9,Short Haul,Poor
10948,Emirates,3233,165,155,Delayed,-10,Medium Long,Poor
10949,Lufthansa,2282,75,56,OnTime,-19,Short Haul,Poor
10950,Indigo,455,6,183,Delayed,177,Short Haul,Poor
10951,Delta,9560,157,89,OnTime,-68,Long Haul,Poor
10952,Indigo,11462,26,150,Delayed,124,Long Haul,Poor
10953,Emirates,8081,52,104,Delayed,52,Long Haul,Poor
10954,Indigo,6224,119,154,OnTime,35,Medium Long,Poor
10955,Delta,10478,163,171,Delayed,8,Long Haul,Poor
10956,Delta,11250,118,17,OnTime,-101,Long Haul,Good
10957,Emirates,4627,66,13,OnTime,-53,Medium Long,Good
10958,Delta,6047,174,136,OnTime,-38,Medium Long,Poor
10959,Lufthansa,8079,72,191,Delayed,119,Long Haul,Poor
10960,Emirates,3263,18,42,Delayed,24,Medium Long,Poor
10961,Indigo,7314,16,156,OnTime,140,Long Haul,Poor
10962,Indigo,3122,175,53,Delayed,-122,Medium Long,Poor
10963,Lufthansa,7486,50,122,Delayed,72,Long Haul,Poor
10964,Indigo,10051,116,159,OnTime,43,Long Haul,Poor
10965,Lufthansa,2193,108,100,OnTime,-8,Short Haul,Poor
10966,Indigo,8586,73,80,OnTime,7,Long Haul,Poor
10967,Emirates,2766,150,37,Delayed,-113,Short Haul,Poor
10968,Emirates,814,43,6,OnTime,-37,Short Haul,Good
10969,Delta,6858,113,163,Delayed,50,Medium Long,Poor
10970,Emirates,1450,7,77,OnTime,70,Short Haul,Poor
10971,Indigo,3696,62,55,OnTime,-7,Medium Long,Poor
10972,Indigo,1428,172,128,Delayed,-44,Short Haul,Poor
10973,Delta,2580,164,22,Delayed,-142,Short Haul,Good
10974,Emirates,1299,117,59,Delayed,-58,Short Haul,Poor
10975,Lufthansa,7428,153,93,Delayed,-60,Long Haul,Poor
10976,Delta,11333,140,35,Delayed,-105,Long Haul,Poor
10977,Delta,2744,28,36,Delayed,8,Short Haul,Poor
10978,Indigo,637,154,195,Delayed,41,Short Haul,Poor
10979,Emirates,963,177,54,Delayed,-123,Short Haul,Poor
10980,Emirates,6333,40,156,Delayed,116,Medium Long,Poor
10981,Indigo,239,149,117,Delayed,-32,Short Haul,Poor
10982,Emirates,9122,81,105,Delayed,24,Long Haul,Poor
10983,Lufthansa,11770,102,61,OnTime,-41,Long Haul,Poor
10984,Delta,7241,150,175,OnTime,25,Long Haul,Poor
10985,Emirates,4012,110,168,OnTime,58,Medium Long,Poor
10986,Delta,2821,117,30,Delayed,-87,Short Haul,Good
10987,Indigo,2528,63,138,OnTime,75,Short Haul,Poor
10988,Indigo,5761,171,84,Delayed,-87,Medium Long,Poor
10989,Emirates,1215,80,171,Delayed,91,Short Haul,Poor
10990,Indigo,8461,46,98,Delayed,52,Long Haul,Poor
10991,Emirates,4368,49,99,OnTime,50,Medium Long,Poor
10992,Lufthansa,4752,43,121,OnTime,78,Medium Long,Poor
10993,Delta,5152,179,149,OnTime,-30,Medium Long,Poor
10994,Delta,6390,27,60,OnTime,33,Medium Long,Poor
10995,Emirates,2963,61,14,Delayed,-47,Short Haul,Good
10996,Delta,5771,176,110,OnTime,-66,Medium Long,Poor
10997,Emirates,4401,119,55,OnTime,-64,Medium Long,Poor
10998,Delta,4736,54,148,Delayed,94,Medium Long,Poor
10999,Emirates,2699,93,46,OnTime,-47,Short Haul,Poor
11000,Delta,9647,28,169,Delayed,141,Long Haul,Poor
11001,Emirates,9281,67,9,Delayed,-58,Long Haul,Good
11002,Lufthansa,10640,143,102,Delayed,-41,Long Haul,Poor
11003,Delta,3331,136,97,OnTime,-39,Medium Long,Poor
11004,Emirates,7316,95,76,OnTime,-19,Long Haul,Poor
11005,Indigo,7389,30,135,Delayed,105,Long Haul,Poor
11006,Delta,1546,109,191,Delayed,82,Short Haul,Poor
11007,Indigo,10868,153,53,OnTime,-100,Long Haul,Poor
11008,Lufthansa,981,100,158,OnTime,58,Short Haul,Poor
11009,Lufthansa,6241,131,63,OnTime,-68,Medium Long,Poor
11010,Indigo,3544,64,3,OnTime,-61,Medium Long,Good
11011,Emirates,9653,161,128,OnTime,-33,Long Haul,Poor
11012,Lufthansa,10788,84,58,Delayed,-26,Long Haul,Poor
11013,Delta,7547,74,149,OnTime,75,Long Haul,Poor
11014,Indigo,1636,8,153,OnTime,145,Short Haul,Poor
11015,Delta,10573,172,177,Delayed,5,Long Haul,Poor
11016,Lufthansa,7494,9,95,OnTime,86,Long Haul,Poor
11017,Indigo,9380,129,111,OnTime,-18,Long Haul,Poor
11018,Indigo,879,149,157,OnTime,8,Short Haul,Poor
11019,Emirates,5922,23,40,OnTime,17,Medium Long,Poor
11020,Indigo,11674,48,17,OnTime,-31,Long Haul,Good
11021,Delta,6192,121,182,OnTime,61,Medium Long,Poor
11022,Indigo,3143,0,65,Delayed,65,Medium Long,Poor
11023,Indigo,412,60,188,OnTime,128,Short Haul,Poor
11024,Delta,6693,6,151,Delayed,145,Medium Long,Poor
11025,Lufthansa,7580,118,160,OnTime,42,Long Haul,Poor
11026,Emirates,2562,41,113,Delayed,72,Short Haul,Poor
11027,Lufthansa,438,143,94,OnTime,-49,Short Haul,Poor
11028,Lufthansa,4890,88,162,OnTime,74,Medium Long,Poor
11029,Delta,4848,18,180,OnTime,162,Medium Long,Poor
11030,Delta,8217,167,15,Delayed,-152,Long Haul,Good
11031,Indigo,1968,46,80,OnTime,34,Short Haul,Poor
11032,Emirates,6081,39,95,Delayed,56,Medium Long,Poor
11033,Emirates,5566,46,38,Delayed,-8,Medium Long,Poor
11034,Lufthansa,9995,71,150,Delayed,79,Long Haul,Poor
11035,Indigo,499,26,160,Delayed,134,Short Haul,Poor
11036,Emirates,2911,178,183,Delayed,5,Short Haul,Poor
11037,Emirates,5367,34,97,OnTime,63,Medium Long,Poor
11038,Indigo,3548,167,144,Delayed,-23,Medium Long,Poor
11039,Lufthansa,1670,88,133,Delayed,45,Short Haul,Poor
11040,Delta,7724,27,39,Delayed,12,Long Haul,Poor
11041,Lufthansa,11197,88,173,OnTime,85,Long Haul,Poor
11042,Indigo,10747,136,114,OnTime,-22,Long Haul,Poor
11043,Delta,6604,123,51,Delayed,-72,Medium Long,Poor
11044,Lufthansa,4071,116,23,Delayed,-93,Medium Long,Good
11045,Indigo,4837,62,166,OnTime,104,Medium Long,Poor
11046,Delta,9872,38,97,Delayed,59,Long Haul,Poor
11047,Emirates,10875,68,86,Delayed,18,Long Haul,Poor
11048,Delta,4570,27,134,OnTime,107,Medium Long,Poor
11049,Delta,8985,119,51,Delayed,-68,Long Haul,Poor
11050,Delta,5467,139,184,OnTime,45,Medium Long,Poor
11051,Emirates,1598,34,41,OnTime,7,Short Haul,Poor
11052,Delta,8274,131,147,OnTime,16,Long Haul,Poor
11053,Delta,6951,36,171,OnTime,135,Medium Long,Poor
11054,Indigo,2224,141,71,Delayed,-70,Short Haul,Poor
11055,Emirates,8302,8,3,OnTime,-5,Long Haul,Good
11056,Lufthansa,5204,4,8,OnTime,4,Medium Long,Good
11057,Delta,8489,127,2,Delayed,-125,Long Haul,Good
11058,Delta,2037,155,20,OnTime,-135,Short Haul,Good
11059,Delta,9233,97,192,OnTime,95,Long Haul,Poor
11060,Emirates,705,125,190,Delayed,65,Short Haul,Poor
11061,Delta,1886,136,116,Delayed,-20,Short Haul,Poor
11062,Delta,8549,65,158,OnTime,93,Long Haul,Poor
11063,Lufthansa,7020,110,164,OnTime,54,Long Haul,Poor
11064,Lufthansa,2859,120,97,OnTime,-23,Short Haul,Poor
11065,Indigo,1741,23,165,OnTime,142,Short Haul,Poor
11066,Emirates,5284,160,165,OnTime,5,Medium Long,Poor
11067,Lufthansa,6054,68,157,OnTime,89,Medium Long,Poor
11068,Indigo,8693,95,41,Delayed,-54,Long Haul,Poor
11069,Delta,5526,158,91,Delayed,-67,Medium Long,Poor
11070,Lufthansa,9291,130,108,Delayed,-22,Long Haul,Poor
11071,Lufthansa,8808,166,8,OnTime,-158,Long Haul,Good
11072,Delta,5564,54,183,OnTime,129,Medium Long,Poor
11073,Indigo,8158,23,182,Delayed,159,Long Haul,Poor
11074,Lufthansa,10187,127,134,Delayed,7,Long Haul,Poor
11075,Emirates,2011,68,29,OnTime,-39,Short Haul,Good
11076,Indigo,8632,71,4,Delayed,-67,Long Haul,Good
11077,Indigo,11163,49,55,Delayed,6,Long Haul,Poor
11078,Lufthansa,935,108,54,OnTime,-54,Short Haul,Poor
11079,Delta,11347,115,79,OnTime,-36,Long Haul,Poor
11080,Indigo,8274,132,180,OnTime,48,Long Haul,Poor
11081,Lufthansa,1687,86,159,Delayed,73,Short Haul,Poor
11082,Lufthansa,2156,161,85,OnTime,-76,Short Haul,Poor
11083,Lufthansa,8583,77,35,OnTime,-42,Long Haul,Poor
11084,Lufthansa,9051,83,199,Delayed,116,Long Haul,Poor
11085,Delta,4151,94,150,OnTime,56,Medium Long,Poor
11086,Lufthansa,5720,157,84,Delayed,-73,Medium Long,Poor
11087,Lufthansa,5880,3,28,OnTime,25,Medium Long,Good
11088,Lufthansa,11744,142,153,Delayed,11,Long Haul,Poor
11089,Delta,5677,173,123,OnTime,-50,Medium Long,Poor
11090,Delta,658,166,138,OnTime,-28,Short Haul,Poor
11091,Delta,11606,150,184,OnTime,34,Long Haul,Poor
11092,Delta,4662,40,182,Delayed,142,Medium Long,Poor
11093,Delta,9776,165,85,Delayed,-80,Long Haul,Poor
11094,Lufthansa,7833,100,103,OnTime,3,Long Haul,Poor
11095,Emirates,8718,79,23,Delayed,-56,Long Haul,Good
11096,Indigo,7199,135,102,Delayed,-33,Long Haul,Poor
11097,Lufthansa,3024,119,140,Delayed,21,Medium Long,Poor
11098,Delta,5376,75,142,OnTime,67,Medium Long,Poor
11099,Lufthansa,11492,145,122,OnTime,-23,Long Haul,Poor
11100,Indigo,2968,109,44,Delayed,-65,Short Haul,Poor
11101,Indigo,6639,54,1,Delayed,-53,Medium Long,Good
11102,Emirates,8030,59,58,OnTime,-1,Long Haul,Poor
11103,Emirates,862,119,29,OnTime,-90,Short Haul,Good
11104,Delta,9695,18,1,OnTime,-17,Long Haul,Good
11105,Indigo,6460,11,183,Delayed,172,Medium Long,Poor
11106,Emirates,1478,73,35,OnTime,-38,Short Haul,Poor
11107,Indigo,9974,34,199,Delayed,165,Long Haul,Poor
11108,Emirates,11058,45,115,OnTime,70,Long Haul,Poor
11109,Emirates,10980,128,6,OnTime,-122,Long Haul,Good
11110,Delta,9799,96,188,OnTime,92,Long Haul,Poor
11111,Emirates,7709,7,165,OnTime,158,Long Haul,Poor
11112,Emirates,809,131,59,Delayed,-72,Short Haul,Poor
11113,Lufthansa,1885,176,43,Delayed,-133,Short Haul,Poor
11114,Emirates,7642,24,113,OnTime,89,Long Haul,Poor
11115,Indigo,1785,93,146,OnTime,53,Short Haul,Poor
11116,Delta,8501,120,71,Delayed,-49,Long Haul,Poor
11117,Indigo,4544,121,122,Delayed,1,Medium Long,Poor
11118,Emirates,3880,80,88,OnTime,8,Medium Long,Poor
11119,Delta,670,140,148,Delayed,8,Short Haul,Poor
11120,Lufthansa,9170,29,180,OnTime,151,Long Haul,Poor
11121,Lufthansa,4548,124,195,Delayed,71,Medium Long,Poor
11122,Lufthansa,10606,154,6,OnTime,-148,Long Haul,Good
11123,Indigo,11529,74,4,OnTime,-70,Long Haul,Good
11124,Delta,11056,49,134,OnTime,85,Long Haul,Poor
11125,Lufthansa,7907,144,11,OnTime,-133,Long Haul,Good
11126,Delta,394,87,196,OnTime,109,Short Haul,Poor
11127,Indigo,4160,122,172,Delayed,50,Medium Long,Poor
11128,Indigo,1602,142,106,Delayed,-36,Short Haul,Poor
11129,Lufthansa,9880,17,70,OnTime,53,Long Haul,Poor
11130,Indigo,7262,17,106,Delayed,89,Long Haul,Poor
11131,Indigo,6054,101,161,Delayed,60,Medium Long,Poor
11132,Emirates,11743,76,100,Delayed,24,Long Haul,Poor
11133,Emirates,7067,76,141,Delayed,65,Long Haul,Poor
11134,Emirates,8369,73,63,Delayed,-10,Long Haul,Poor
11135,Emirates,8108,139,111,OnTime,-28,Long Haul,Poor
11136,Delta,8237,111,192,Delayed,81,Long Haul,Poor
11137,Emirates,11093,56,113,Delayed,57,Long Haul,Poor
11138,Emirates,8351,23,55,Delayed,32,Long Haul,Poor
11139,Indigo,1315,10,37,Delayed,27,Short Haul,Poor
11140,Lufthansa,5942,57,133,Delayed,76,Medium Long,Poor
11141,Lufthansa,9383,36,191,Delayed,155,Long Haul,Poor
11142,Emirates,2143,39,194,OnTime,155,Short Haul,Poor
11143,Delta,4134,17,39,OnTime,22,Medium Long,Poor
11144,Delta,4166,156,22,OnTime,-134,Medium Long,Good
11145,Emirates,9439,61,129,Delayed,68,Long Haul,Poor
11146,Indigo,11648,15,67,Delayed,52,Long Haul,Poor
11147,Lufthansa,9730,42,154,Delayed,112,Long Haul,Poor
11148,Lufthansa,476,176,184,OnTime,8,Short Haul,Poor
11149,Indigo,7782,30,143,Delayed,113,Long Haul,Poor
11150,Indigo,2703,90,116,OnTime,26,Short Haul,Poor
11151,Lufthansa,9912,1,144,OnTime,143,Long Haul,Poor
11152,Indigo,462,168,36,Delayed,-132,Short Haul,Poor
11153,Delta,3221,36,188,Delayed,152,Medium Long,Poor
11154,Emirates,10480,69,13,OnTime,-56,Long Haul,Good
11155,Indigo,1558,74,8,Delayed,-66,Short Haul,Good
11156,Indigo,10399,103,66,OnTime,-37,Long Haul,Poor
11157,Delta,1442,82,118,Delayed,36,Short Haul,Poor
11158,Delta,2384,14,117,OnTime,103,Short Haul,Poor
11159,Delta,8806,7,163,OnTime,156,Long Haul,Poor
11160,Lufthansa,4325,49,164,Delayed,115,Medium Long,Poor
11161,Delta,2459,125,85,OnTime,-40,Short Haul,Poor
11162,Emirates,11180,88,101,Delayed,13,Long Haul,Poor
11163,Delta,3957,56,111,Delayed,55,Medium Long,Poor
11164,Indigo,6375,109,11,Delayed,-98,Medium Long,Good
11165,Lufthansa,5536,40,191,Delayed,151,Medium Long,Poor
11166,Emirates,5858,172,96,Delayed,-76,Medium Long,Poor
11167,Emirates,1277,97,40,OnTime,-57,Short Haul,Poor
11168,Lufthansa,3476,144,24,OnTime,-120,Medium Long,Good
11169,Emirates,8989,106,177,Delayed,71,Long Haul,Poor
11170,Delta,5438,16,58,OnTime,42,Medium Long,Poor
11171,Delta,9106,71,58,OnTime,-13,Long Haul,Poor
11172,Indigo,599,151,171,Delayed,20,Short Haul,Poor
11173,Lufthansa,4726,138,38,Delayed,-100,Medium Long,Poor
11174,Emirates,11208,6,38,Delayed,32,Long Haul,Poor
11175,Indigo,9421,37,36,OnTime,-1,Long Haul,Poor
11176,Lufthansa,7291,101,48,Delayed,-53,Long Haul,Poor
11177,Indigo,6737,105,53,OnTime,-52,Medium Long,Poor
11178,Emirates,5296,44,61,Delayed,17,Medium Long,Poor
11179,Emirates,6291,175,142,Delayed,-33,Medium Long,Poor
11180,Indigo,1077,171,127,OnTime,-44,Short Haul,Poor
11181,Indigo,7108,158,49,Delayed,-109,Long Haul,Poor
11182,Delta,6987,115,150,OnTime,35,Medium Long,Poor
11183,Delta,6188,113,1,OnTime,-112,Medium Long,Good
11184,Emirates,5880,26,190,OnTime,164,Medium Long,Poor
11185,Emirates,5342,56,49,OnTime,-7,Medium Long,Poor
11186,Indigo,5520,118,0,OnTime,-118,Medium Long,Good
11187,Indigo,4492,33,93,OnTime,60,Medium Long,Poor
11188,Indigo,421,66,186,OnTime,120,Short Haul,Poor
11189,Indigo,5172,55,102,Delayed,47,Medium Long,Poor
11190,Indigo,1710,162,195,OnTime,33,Short Haul,Poor
11191,Lufthansa,10730,76,114,OnTime,38,Long Haul,Poor
11192,Indigo,11469,101,3,Delayed,-98,Long Haul,Good
11193,Emirates,10176,86,193,Delayed,107,Long Haul,Poor
11194,Delta,207,109,181,OnTime,72,Short Haul,Poor
11195,Delta,3155,134,61,OnTime,-73,Medium Long,Poor
11196,Delta,2038,148,37,OnTime,-111,Short Haul,Poor
11197,Emirates,4895,30,146,OnTime,116,Medium Long,Poor
11198,Emirates,9706,60,101,OnTime,41,Long Haul,Poor
11199,Indigo,7716,22,105,Delayed,83,Long Haul,Poor
11200,Delta,2085,178,156,OnTime,-22,Short Haul,Poor
11201,Indigo,6318,34,102,OnTime,68,Medium Long,Poor
11202,Lufthansa,11572,53,191,OnTime,138,Long Haul,Poor
11203,Emirates,2453,143,19,OnTime,-124,Short Haul,Good
11204,Lufthansa,11102,128,110,Delayed,-18,Long Haul,Poor
11205,Emirates,10460,46,23,OnTime,-23,Long Haul,Good
11206,Lufthansa,3185,40,36,Delayed,-4,Medium Long,Poor
11207,Emirates,1918,135,21,OnTime,-114,Short Haul,Good
11208,Indigo,1795,91,32,Delayed,-59,Short Haul,Poor
11209,Delta,286,64,100,Delayed,36,Short Haul,Poor
11210,Indigo,5390,169,152,OnTime,-17,Medium Long,Poor
11211,Emirates,496,142,33,Delayed,-109,Short Haul,Poor
11212,Emirates,6037,41,72,OnTime,31,Medium Long,Poor
11213,Emirates,1376,60,144,Delayed,84,Short Haul,Poor
11214,Lufthansa,7932,121,125,OnTime,4,Long Haul,Poor
11215,Delta,7982,141,46,Delayed,-95,Long Haul,Poor
11216,Indigo,473,32,178,OnTime,146,Short Haul,Poor
11217,Emirates,3653,83,137,Delayed,54,Medium Long,Poor
11218,Indigo,4286,50,147,Delayed,97,Medium Long,Poor
11219,Emirates,8647,171,16,OnTime,-155,Long Haul,Good
11220,Emirates,7750,75,181,Delayed,106,Long Haul,Poor
11221,Lufthansa,2514,109,71,Delayed,-38,Short Haul,Poor
11222,Emirates,1395,22,89,Delayed,67,Short Haul,Poor
11223,Emirates,4612,122,12,OnTime,-110,Medium Long,Good
11224,Emirates,9489,61,39,Delayed,-22,Long Haul,Poor
11225,Emirates,7672,103,155,OnTime,52,Long Haul,Poor
11226,Emirates,2579,87,75,Delayed,-12,Short Haul,Poor
11227,Delta,634,115,155,Delayed,40,Short Haul,Poor
11228,Lufthansa,8878,130,21,OnTime,-109,Long Haul,Good
11229,Indigo,8186,41,86,OnTime,45,Long Haul,Poor
11230,Indigo,5736,150,75,OnTime,-75,Medium Long,Poor
11231,Indigo,4364,4,169,Delayed,165,Medium Long,Poor
11232,Indigo,8853,145,62,OnTime,-83,Long Haul,Poor
11233,Indigo,3956,113,70,OnTime,-43,Medium Long,Poor
11234,Lufthansa,8815,15,148,OnTime,133,Long Haul,Poor
11235,Delta,8354,151,3,Delayed,-148,Long Haul,Good
11236,Emirates,7149,119,179,OnTime,60,Long Haul,Poor
11237,Delta,7789,155,85,Delayed,-70,Long Haul,Poor
11238,Emirates,1695,110,24,Delayed,-86,Short Haul,Good
11239,Lufthansa,5392,64,56,OnTime,-8,Medium Long,Poor
11240,Emirates,4714,170,139,OnTime,-31,Medium Long,Poor
11241,Indigo,2762,168,40,Delayed,-128,Short Haul,Poor
11242,Emirates,5510,165,92,Delayed,-73,Medium Long,Poor
11243,Indigo,11094,9,40,Delayed,31,Long Haul,Poor
11244,Emirates,2420,32,123,Delayed,91,Short Haul,Poor
11245,Delta,4852,158,157,Delayed,-1,Medium Long,Poor
11246,Delta,8405,164,33,Delayed,-131,Long Haul,Poor
11247,Emirates,2485,74,4,Delayed,-70,Short Haul,Good
11248,Delta,7867,53,136,Delayed,83,Long Haul,Poor
11249,Lufthansa,5992,80,120,Delayed,40,Medium Long,Poor
11250,Emirates,1444,83,105,OnTime,22,Short Haul,Poor
11251,Delta,9973,84,11,OnTime,-73,Long Haul,Good
11252,Indigo,9906,163,107,OnTime,-56,Long Haul,Poor
11253,Emirates,3850,154,119,OnTime,-35,Medium Long,Poor
11254,Emirates,9807,124,56,Delayed,-68,Long Haul,Poor
11255,Indigo,7959,12,31,Delayed,19,Long Haul,Poor
11256,Indigo,3514,39,151,Delayed,112,Medium Long,Poor
11257,Lufthansa,5971,152,27,OnTime,-125,Medium Long,Good
11258,Lufthansa,9494,69,52,Delayed,-17,Long Haul,Poor
11259,Emirates,460,159,83,OnTime,-76,Short Haul,Poor
11260,Delta,3486,138,189,OnTime,51,Medium Long,Poor
11261,Indigo,7573,138,142,Delayed,4,Long Haul,Poor
11262,Indigo,2582,126,146,Delayed,20,Short Haul,Poor
11263,Lufthansa,8367,32,112,Delayed,80,Long Haul,Poor
11264,Lufthansa,9240,48,57,Delayed,9,Long Haul,Poor
11265,Delta,5328,25,46,Delayed,21,Medium Long,Poor
11266,Lufthansa,4078,139,151,Delayed,12,Medium Long,Poor
11267,Delta,8226,70,162,OnTime,92,Long Haul,Poor
11268,Delta,1257,36,32,Delayed,-4,Short Haul,Poor
11269,Emirates,6325,11,160,Delayed,149,Medium Long,Poor
11270,Indigo,9585,38,98,Delayed,60,Long Haul,Poor
11271,Delta,3422,112,193,OnTime,81,Medium Long,Poor
11272,Emirates,9254,98,179,Delayed,81,Long Haul,Poor
11273,Indigo,9804,20,141,Delayed,121,Long Haul,Poor
11274,Emirates,1458,105,119,OnTime,14,Short Haul,Poor
11275,Emirates,1047,146,96,Delayed,-50,Short Haul,Poor
11276,Indigo,5665,90,78,Delayed,-12,Medium Long,Poor
11277,Lufthansa,2396,26,108,OnTime,82,Short Haul,Poor
11278,Emirates,6200,76,29,Delayed,-47,Medium Long,Good
11279,Lufthansa,7948,166,189,OnTime,23,Long Haul,Poor
11280,Delta,9365,101,88,OnTime,-13,Long Haul,Poor
11281,Delta,7925,145,118,Delayed,-27,Long Haul,Poor
11282,Emirates,550,35,183,OnTime,148,Short Haul,Poor
11283,Emirates,8129,48,137,Delayed,89,Long Haul,Poor
11284,Emirates,3094,68,27,OnTime,-41,Medium Long,Good
11285,Lufthansa,746,109,3,OnTime,-106,Short Haul,Good
11286,Lufthansa,8622,74,40,Delayed,-34,Long Haul,Poor
11287,Emirates,3764,24,194,Delayed,170,Medium Long,Poor
11288,Indigo,11357,165,186,Delayed,21,Long Haul,Poor
11289,Delta,11422,82,134,OnTime,52,Long Haul,Poor
11290,Indigo,4089,100,91,Delayed,-9,Medium Long,Poor
11291,Indigo,10083,17,27,Delayed,10,Long Haul,Good
11292,Indigo,9694,127,135,OnTime,8,Long Haul,Poor
11293,Indigo,11205,52,52,Delayed,0,Long Haul,Poor
11294,Lufthansa,10027,117,130,OnTime,13,Long Haul,Poor
11295,Indigo,5824,116,149,Delayed,33,Medium Long,Poor
11296,Delta,10810,133,136,OnTime,3,Long Haul,Poor
11297,Lufthansa,1426,23,5,Delayed,-18,Short Haul,Good
11298,Lufthansa,293,76,177,OnTime,101,Short Haul,Poor
11299,Lufthansa,8802,49,17,OnTime,-32,Long Haul,Good
11300,Lufthansa,2299,106,122,Delayed,16,Short Haul,Poor
11301,Indigo,9134,52,34,Delayed,-18,Long Haul,Poor
11302,Delta,4972,170,179,OnTime,9,Medium Long,Poor
11303,Delta,10234,37,109,Delayed,72,Long Haul,Poor
11304,Lufthansa,6161,152,161,Delayed,9,Medium Long,Poor
11305,Indigo,8631,23,12,OnTime,-11,Long Haul,Good
11306,Delta,11415,105,46,Delayed,-59,Long Haul,Poor
11307,Indigo,5300,172,88,OnTime,-84,Medium Long,Poor
11308,Emirates,6057,70,161,Delayed,91,Medium Long,Poor
11309,Lufthansa,9702,132,123,Delayed,-9,Long Haul,Poor
11310,Lufthansa,1784,96,103,Delayed,7,Short Haul,Poor
11311,Indigo,6545,149,7,OnTime,-142,Medium Long,Good
11312,Indigo,10685,179,88,Delayed,-91,Long Haul,Poor
11313,Lufthansa,7265,92,22,OnTime,-70,Long Haul,Good
11314,Lufthansa,1989,69,131,Delayed,62,Short Haul,Poor
11315,Delta,4685,157,142,Delayed,-15,Medium Long,Poor
11316,Delta,11628,126,39,Delayed,-87,Long Haul,Poor
11317,Indigo,7967,36,179,OnTime,143,Long Haul,Poor
11318,Indigo,4069,145,132,Delayed,-13,Medium Long,Poor
11319,Delta,9095,134,28,OnTime,-106,Long Haul,Good
11320,Lufthansa,9332,104,107,OnTime,3,Long Haul,Poor
11321,Emirates,7002,94,66,Delayed,-28,Long Haul,Poor
11322,Emirates,6481,84,135,OnTime,51,Medium Long,Poor
11323,Indigo,4168,169,15,OnTime,-154,Medium Long,Good
11324,Indigo,10238,86,5,Delayed,-81,Long Haul,Good
11325,Delta,2208,168,164,OnTime,-4,Short Haul,Poor
11326,Emirates,3049,54,69,OnTime,15,Medium Long,Poor
11327,Lufthansa,11150,153,28,OnTime,-125,Long Haul,Good
11328,Indigo,616,149,135,OnTime,-14,Short Haul,Poor
11329,Emirates,10606,172,136,OnTime,-36,Long Haul,Poor
11330,Delta,5001,176,18,OnTime,-158,Medium Long,Good
11331,Emirates,1644,175,104,OnTime,-71,Short Haul,Poor
11332,Emirates,1036,137,173,OnTime,36,Short Haul,Poor
11333,Emirates,5328,78,144,OnTime,66,Medium Long,Poor
11334,Lufthansa,1160,151,121,OnTime,-30,Short Haul,Poor
11335,Delta,5843,17,159,Delayed,142,Medium Long,Poor
11336,Emirates,8300,99,105,OnTime,6,Long Haul,Poor
11337,Lufthansa,10646,60,23,OnTime,-37,Long Haul,Good
11338,Indigo,1227,69,29,OnTime,-40,Short Haul,Good
11339,Indigo,1910,2,111,OnTime,109,Short Haul,Poor
11340,Lufthansa,2851,30,187,Delayed,157,Short Haul,Poor
11341,Indigo,1275,64,110,OnTime,46,Short Haul,Poor
11342,Delta,7767,138,24,Delayed,-114,Long Haul,Good
11343,Emirates,6570,171,179,OnTime,8,Medium Long,Poor
11344,Emirates,4176,15,157,OnTime,142,Medium Long,Poor
11345,Emirates,4731,34,188,Delayed,154,Medium Long,Poor
11346,Lufthansa,7544,19,26,Delayed,7,Long Haul,Good
11347,Lufthansa,3383,89,144,Delayed,55,Medium Long,Poor
11348,Lufthansa,7286,176,101,Delayed,-75,Long Haul,Poor
11349,Delta,4856,102,97,Delayed,-5,Medium Long,Poor
11350,Delta,11129,157,95,Delayed,-62,Long Haul,Poor
11351,Indigo,7132,172,73,Delayed,-99,Long Haul,Poor
11352,Indigo,5479,173,156,OnTime,-17,Medium Long,Poor
11353,Lufthansa,1206,86,72,Delayed,-14,Short Haul,Poor
11354,Indigo,8478,108,182,OnTime,74,Long Haul,Poor
11355,Indigo,10728,142,182,OnTime,40,Long Haul,Poor
11356,Emirates,10322,2,30,OnTime,28,Long Haul,Good
11357,Emirates,10935,104,133,OnTime,29,Long Haul,Poor
11358,Delta,7972,159,28,OnTime,-131,Long Haul,Good
11359,Emirates,7341,50,20,Delayed,-30,Long Haul,Good
11360,Delta,11504,162,169,OnTime,7,Long Haul,Poor
11361,Indigo,5881,109,192,OnTime,83,Medium Long,Poor
11362,Delta,5175,101,69,Delayed,-32,Medium Long,Poor
11363,Emirates,1930,149,157,Delayed,8,Short Haul,Poor
11364,Indigo,9747,135,120,Delayed,-15,Long Haul,Poor
11365,Delta,11989,144,92,OnTime,-52,Long Haul,Poor
11366,Emirates,8336,160,163,OnTime,3,Long Haul,Poor
11367,Indigo,8321,167,154,Delayed,-13,Long Haul,Poor
11368,Emirates,2227,176,7,Delayed,-169,Short Haul,Good
11369,Indigo,6859,20,58,OnTime,38,Medium Long,Poor
11370,Emirates,2207,114,195,OnTime,81,Short Haul,Poor
11371,Lufthansa,7159,112,44,Delayed,-68,Long Haul,Poor
11372,Emirates,2196,4,53,OnTime,49,Short Haul,Poor
11373,Emirates,8979,60,29,Delayed,-31,Long Haul,Good
11374,Emirates,2091,2,82,Delayed,80,Short Haul,Poor
11375,Emirates,5515,93,62,OnTime,-31,Medium Long,Poor
11376,Emirates,11351,171,127,Delayed,-44,Long Haul,Poor
11377,Delta,1698,133,144,OnTime,11,Short Haul,Poor
11378,Lufthansa,923,138,179,Delayed,41,Short Haul,Poor
11379,Delta,1912,178,199,Delayed,21,Short Haul,Poor
11380,Emirates,9833,61,0,Delayed,-61,Long Haul,Good
11381,Delta,1161,152,155,Delayed,3,Short Haul,Poor
11382,Delta,9681,38,35,Delayed,-3,Long Haul,Poor
11383,Emirates,812,74,49,OnTime,-25,Short Haul,Poor
11384,Delta,6352,149,96,OnTime,-53,Medium Long,Poor
11385,Emirates,6651,11,93,Delayed,82,Medium Long,Poor
11386,Delta,8746,85,56,Delayed,-29,Long Haul,Poor
11387,Lufthansa,5837,70,85,OnTime,15,Medium Long,Poor
11388,Indigo,11466,174,31,Delayed,-143,Long Haul,Poor
11389,Delta,5293,95,52,Delayed,-43,Medium Long,Poor
11390,Delta,9212,111,139,OnTime,28,Long Haul,Poor
11391,Lufthansa,4880,162,56,OnTime,-106,Medium Long,Poor
11392,Delta,7004,62,52,OnTime,-10,Long Haul,Poor
11393,Indigo,2487,152,147,OnTime,-5,Short Haul,Poor
11394,Indigo,2906,51,30,Delayed,-21,Short Haul,Good
11395,Indigo,6237,130,107,Delayed,-23,Medium Long,Poor
11396,Emirates,4215,47,105,Delayed,58,Medium Long,Poor
11397,Delta,8138,116,167,Delayed,51,Long Haul,Poor
11398,Emirates,1660,45,75,Delayed,30,Short Haul,Poor
11399,Indigo,7479,161,84,OnTime,-77,Long Haul,Poor
11400,Emirates,5961,25,119,OnTime,94,Medium Long,Poor
11401,Emirates,8359,117,177,Delayed,60,Long Haul,Poor
11402,Emirates,2508,142,129,Delayed,-13,Short Haul,Poor
11403,Indigo,760,19,145,Delayed,126,Short Haul,Poor
11404,Indigo,10120,141,152,OnTime,11,Long Haul,Poor
11405,Indigo,7326,81,117,OnTime,36,Long Haul,Poor
11406,Delta,7846,58,51,OnTime,-7,Long Haul,Poor
11407,Delta,7033,63,97,Delayed,34,Long Haul,Poor
11408,Indigo,9916,143,128,OnTime,-15,Long Haul,Poor
11409,Indigo,4113,158,4,OnTime,-154,Medium Long,Good
11410,Emirates,5514,91,121,Delayed,30,Medium Long,Poor
11411,Indigo,10152,63,105,OnTime,42,Long Haul,Poor
11412,Emirates,339,111,40,Delayed,-71,Short Haul,Poor
11413,Emirates,11242,91,14,Delayed,-77,Long Haul,Good
11414,Indigo,4044,95,172,Delayed,77,Medium Long,Poor
11415,Lufthansa,5080,179,140,OnTime,-39,Medium Long,Poor
11416,Indigo,10995,150,14,Delayed,-136,Long Haul,Good
11417,Emirates,8577,118,130,OnTime,12,Long Haul,Poor
11418,Lufthansa,5244,165,103,OnTime,-62,Medium Long,Poor
11419,Lufthansa,7478,82,107,OnTime,25,Long Haul,Poor
11420,Delta,4965,67,66,Delayed,-1,Medium Long,Poor
11421,Lufthansa,454,124,129,Delayed,5,Short Haul,Poor
11422,Delta,3229,54,80,Delayed,26,Medium Long,Poor
11423,Emirates,9138,98,98,OnTime,0,Long Haul,Poor
11424,Emirates,6257,165,83,Delayed,-82,Medium Long,Poor
11425,Indigo,8714,166,120,OnTime,-46,Long Haul,Poor
11426,Delta,582,140,136,OnTime,-4,Short Haul,Poor
11427,Indigo,3017,128,175,Delayed,47,Medium Long,Poor
11428,Emirates,6129,2,145,OnTime,143,Medium Long,Poor
11429,Delta,7640,128,47,OnTime,-81,Long Haul,Poor
11430,Indigo,11822,104,57,Delayed,-47,Long Haul,Poor
11431,Lufthansa,2748,105,123,Delayed,18,Short Haul,Poor
11432,Delta,3668,173,129,Delayed,-44,Medium Long,Poor
11433,Delta,350,170,71,OnTime,-99,Short Haul,Poor
11434,Lufthansa,4636,110,60,OnTime,-50,Medium Long,Poor
11435,Indigo,2938,104,93,Delayed,-11,Short Haul,Poor
11436,Lufthansa,2489,5,40,Delayed,35,Short Haul,Poor
11437,Emirates,2599,77,193,Delayed,116,Short Haul,Poor
11438,Indigo,525,80,9,Delayed,-71,Short Haul,Good
11439,Lufthansa,4620,145,194,OnTime,49,Medium Long,Poor
11440,Indigo,5115,116,19,OnTime,-97,Medium Long,Good
11441,Delta,9894,165,41,OnTime,-124,Long Haul,Poor
11442,Lufthansa,3290,145,80,OnTime,-65,Medium Long,Poor
11443,Emirates,1252,67,43,OnTime,-24,Short Haul,Poor
11444,Lufthansa,5500,171,4,OnTime,-167,Medium Long,Good
11445,Delta,10467,127,107,Delayed,-20,Long Haul,Poor
11446,Indigo,6863,120,116,Delayed,-4,Medium Long,Poor
11447,Emirates,4602,54,186,Delayed,132,Medium Long,Poor
11448,Delta,11747,52,61,OnTime,9,Long Haul,Poor
11449,Delta,3506,39,172,OnTime,133,Medium Long,Poor
11450,Emirates,2039,9,164,Delayed,155,Short Haul,Poor
11451,Indigo,3538,2,97,OnTime,95,Medium Long,Poor
11452,Lufthansa,1412,120,187,Delayed,67,Short Haul,Poor
11453,Lufthansa,11537,144,168,Delayed,24,Long Haul,Poor
11454,Delta,11374,166,100,Delayed,-66,Long Haul,Poor
11455,Emirates,5921,47,0,Delayed,-47,Medium Long,Good
11456,Delta,10089,175,0,OnTime,-175,Long Haul,Good
11457,Delta,1855,118,23,OnTime,-95,Short Haul,Good
11458,Indigo,10993,63,93,OnTime,30,Long Haul,Poor
11459,Emirates,10389,0,104,OnTime,104,Long Haul,Poor
11460,Indigo,6173,34,26,Delayed,-8,Medium Long,Good
11461,Emirates,1054,95,66,OnTime,-29,Short Haul,Poor
11462,Delta,3671,159,107,Delayed,-52,Medium Long,Poor
11463,Emirates,5579,65,104,OnTime,39,Medium Long,Poor
11464,Lufthansa,5667,70,33,Delayed,-37,Medium Long,Poor
11465,Delta,2250,84,40,OnTime,-44,Short Haul,Poor
11466,Indigo,936,11,140,OnTime,129,Short Haul,Poor
11467,Lufthansa,8454,127,178,OnTime,51,Long Haul,Poor
11468,Lufthansa,7819,28,19,Delayed,-9,Long Haul,Good
11469,Lufthansa,2313,84,141,Delayed,57,Short Haul,Poor
11470,Lufthansa,9218,171,192,OnTime,21,Long Haul,Poor
11471,Lufthansa,3146,23,194,Delayed,171,Medium Long,Poor
11472,Emirates,3693,70,91,Delayed,21,Medium Long,Poor
11473,Indigo,7917,88,191,Delayed,103,Long Haul,Poor
11474,Lufthansa,5778,77,120,OnTime,43,Medium Long,Poor
11475,Indigo,3489,138,163,Delayed,25,Medium Long,Poor
11476,Delta,400,48,111,OnTime,63,Short Haul,Poor
11477,Emirates,6972,163,195,Delayed,32,Medium Long,Poor
11478,Lufthansa,6330,169,131,Delayed,-38,Medium Long,Poor
11479,Emirates,2593,41,162,OnTime,121,Short Haul,Poor
11480,Indigo,9260,19,13,OnTime,-6,Long Haul,Good
11481,Indigo,1251,1,120,OnTime,119,Short Haul,Poor
11482,Delta,9160,136,84,OnTime,-52,Long Haul,Poor
11483,Lufthansa,11079,41,169,Delayed,128,Long Haul,Poor
11484,Emirates,1276,43,56,OnTime,13,Short Haul,Poor
11485,Emirates,4442,20,93,OnTime,73,Medium Long,Poor
11486,Emirates,3279,133,30,OnTime,-103,Medium Long,Good
11487,Emirates,11580,119,76,OnTime,-43,Long Haul,Poor
11488,Emirates,10087,73,196,OnTime,123,Long Haul,Poor
11489,Emirates,526,123,55,Delayed,-68,Short Haul,Poor
11490,Delta,2401,45,135,OnTime,90,Short Haul,Poor
11491,Lufthansa,10358,8,110,Delayed,102,Long Haul,Poor
11492,Delta,1421,14,187,OnTime,173,Short Haul,Poor
11493,Delta,2013,179,197,Delayed,18,Short Haul,Poor
11494,Lufthansa,9160,61,72,Delayed,11,Long Haul,Poor
11495,Emirates,7622,46,13,OnTime,-33,Long Haul,Good
11496,Lufthansa,10535,137,142,OnTime,5,Long Haul,Poor
11497,Emirates,610,32,166,OnTime,134,Short Haul,Poor
11498,Emirates,8112,150,187,Delayed,37,Long Haul,Poor
11499,Lufthansa,10618,65,177,OnTime,112,Long Haul,Poor
11500,Delta,9990,130,140,Delayed,10,Long Haul,Poor
11501,Emirates,2911,11,80,Delayed,69,Short Haul,Poor
11502,Indigo,6872,143,122,OnTime,-21,Medium Long,Poor
11503,Indigo,2291,10,113,Delayed,103,Short Haul,Poor
11504,Emirates,10547,146,182,OnTime,36,Long Haul,Poor
11505,Delta,11210,88,42,OnTime,-46,Long Haul,Poor
11506,Delta,10403,148,71,Delayed,-77,Long Haul,Poor
11507,Lufthansa,5236,11,94,Delayed,83,Medium Long,Poor
11508,Delta,11805,9,37,Delayed,28,Long Haul,Poor
11509,Emirates,1066,105,38,Delayed,-67,Short Haul,Poor
11510,Emirates,9465,168,195,OnTime,27,Long Haul,Poor
11511,Delta,3035,111,190,Delayed,79,Medium Long,Poor
11512,Delta,3681,38,154,Delayed,116,Medium Long,Poor
11513,Emirates,9812,80,148,OnTime,68,Long Haul,Poor
11514,Delta,3394,111,191,OnTime,80,Medium Long,Poor
11515,Indigo,868,29,103,Delayed,74,Short Haul,Poor
11516,Indigo,7184,157,156,OnTime,-1,Long Haul,Poor
11517,Emirates,3928,174,162,Delayed,-12,Medium Long,Poor
11518,Lufthansa,10496,123,141,Delayed,18,Long Haul,Poor
11519,Indigo,2553,147,199,Delayed,52,Short Haul,Poor
11520,Emirates,3661,11,26,OnTime,15,Medium Long,Good
11521,Lufthansa,3397,119,2,Delayed,-117,Medium Long,Good
11522,Delta,8412,153,109,Delayed,-44,Long Haul,Poor
11523,Lufthansa,8250,9,177,Delayed,168,Long Haul,Poor
11524,Indigo,4885,91,67,Delayed,-24,Medium Long,Poor
11525,Lufthansa,10297,74,45,OnTime,-29,Long Haul,Poor
11526,Emirates,542,76,185,OnTime,109,Short Haul,Poor
11527,Emirates,2315,94,146,OnTime,52,Short Haul,Poor
11528,Lufthansa,6138,153,55,OnTime,-98,Medium Long,Poor
11529,Emirates,7299,36,37,Delayed,1,Long Haul,Poor
11530,Delta,7487,172,17,OnTime,-155,Long Haul,Good
11531,Indigo,3494,36,60,OnTime,24,Medium Long,Poor
11532,Emirates,2560,0,176,Delayed,176,Short Haul,Poor
11533,Indigo,6499,154,172,Delayed,18,Medium Long,Poor
11534,Emirates,4923,9,166,OnTime,157,Medium Long,Poor
11535,Emirates,6814,87,86,Delayed,-1,Medium Long,Poor
11536,Lufthansa,7439,103,184,Delayed,81,Long Haul,Poor
11537,Lufthansa,5517,97,143,OnTime,46,Medium Long,Poor
11538,Lufthansa,8308,80,191,OnTime,111,Long Haul,Poor
11539,Emirates,8463,62,53,Delayed,-9,Long Haul,Poor
11540,Emirates,6456,78,168,OnTime,90,Medium Long,Poor
11541,Emirates,7814,1,57,OnTime,56,Long Haul,Poor
11542,Delta,8096,168,80,Delayed,-88,Long Haul,Poor
11543,Indigo,11024,19,23,Delayed,4,Long Haul,Good
11544,Delta,6709,39,196,OnTime,157,Medium Long,Poor
11545,Emirates,4399,46,155,Delayed,109,Medium Long,Poor
11546,Emirates,10984,50,174,OnTime,124,Long Haul,Poor
11547,Emirates,6134,124,144,Delayed,20,Medium Long,Poor
11548,Emirates,2203,177,131,OnTime,-46,Short Haul,Poor
11549,Delta,5624,22,194,Delayed,172,Medium Long,Poor
11550,Indigo,8306,163,68,OnTime,-95,Long Haul,Poor
11551,Indigo,560,162,194,Delayed,32,Short Haul,Poor
11552,Emirates,970,42,83,Delayed,41,Short Haul,Poor
11553,Emirates,5660,155,116,Delayed,-39,Medium Long,Poor
11554,Emirates,10254,156,55,OnTime,-101,Long Haul,Poor
11555,Indigo,225,130,23,Delayed,-107,Short Haul,Good
11556,Delta,3539,157,27,OnTime,-130,Medium Long,Good
11557,Indigo,5972,154,163,OnTime,9,Medium Long,Poor
11558,Emirates,8431,92,79,Delayed,-13,Long Haul,Poor
11559,Delta,7051,129,9,OnTime,-120,Long Haul,Good
11560,Indigo,4646,116,65,Delayed,-51,Medium Long,Poor
11561,Indigo,2742,45,122,Delayed,77,Short Haul,Poor
11562,Delta,2822,78,7,Delayed,-71,Short Haul,Good
11563,Indigo,3040,31,99,OnTime,68,Medium Long,Poor
11564,Lufthansa,11224,76,75,OnTime,-1,Long Haul,Poor
11565,Emirates,10423,92,42,Delayed,-50,Long Haul,Poor
11566,Indigo,1188,78,97,OnTime,19,Short Haul,Poor
11567,Delta,2245,82,88,Delayed,6,Short Haul,Poor
11568,Emirates,7851,129,50,OnTime,-79,Long Haul,Poor
11569,Lufthansa,3190,59,49,OnTime,-10,Medium Long,Poor
11570,Delta,11731,21,11,OnTime,-10,Long Haul,Good
11571,Lufthansa,7761,129,137,Delayed,8,Long Haul,Poor
11572,Lufthansa,10071,68,190,Delayed,122,Long Haul,Poor
11573,Indigo,8130,79,16,Delayed,-63,Long Haul,Good
11574,Lufthansa,11451,67,12,OnTime,-55,Long Haul,Good
11575,Delta,11234,111,115,Delayed,4,Long Haul,Poor
11576,Delta,4346,22,120,OnTime,98,Medium Long,Poor
11577,Indigo,3494,170,25,OnTime,-145,Medium Long,Good
11578,Indigo,527,58,55,OnTime,-3,Short Haul,Poor
11579,Delta,345,56,40,OnTime,-16,Short Haul,Poor
11580,Emirates,1470,91,121,Delayed,30,Short Haul,Poor
11581,Delta,11440,124,117,OnTime,-7,Long Haul,Poor
11582,Lufthansa,6946,34,98,Delayed,64,Medium Long,Poor
11583,Indigo,4016,41,30,Delayed,-11,Medium Long,Good
11584,Delta,8215,168,97,Delayed,-71,Long Haul,Poor
11585,Indigo,7051,8,121,OnTime,113,Long Haul,Poor
11586,Indigo,5965,172,148,OnTime,-24,Medium Long,Poor
11587,Lufthansa,3850,139,139,OnTime,0,Medium Long,Poor
11588,Lufthansa,7012,155,42,Delayed,-113,Long Haul,Poor
11589,Lufthansa,3897,2,192,Delayed,190,Medium Long,Poor
11590,Emirates,11221,44,148,Delayed,104,Long Haul,Poor
11591,Emirates,4208,131,144,OnTime,13,Medium Long,Poor
11592,Lufthansa,11070,151,1,Delayed,-150,Long Haul,Good
11593,Lufthansa,10449,120,154,Delayed,34,Long Haul,Poor
11594,Emirates,7225,24,28,OnTime,4,Long Haul,Good
11595,Lufthansa,2876,50,155,Delayed,105,Short Haul,Poor
11596,Lufthansa,7262,146,58,Delayed,-88,Long Haul,Poor
11597,Emirates,1952,44,50,Delayed,6,Short Haul,Poor
11598,Delta,6667,87,170,OnTime,83,Medium Long,Poor
11599,Emirates,4170,100,106,OnTime,6,Medium Long,Poor
11600,Emirates,10821,19,159,OnTime,140,Long Haul,Poor
11601,Indigo,7332,133,45,Delayed,-88,Long Haul,Poor
11602,Indigo,11312,159,161,OnTime,2,Long Haul,Poor
11603,Delta,3815,55,116,OnTime,61,Medium Long,Poor
11604,Delta,5949,147,15,OnTime,-132,Medium Long,Good
11605,Delta,2856,120,128,OnTime,8,Short Haul,Poor
11606,Emirates,10932,10,93,OnTime,83,Long Haul,Poor
11607,Emirates,3386,145,101,OnTime,-44,Medium Long,Poor
11608,Delta,658,177,90,Delayed,-87,Short Haul,Poor
11609,Lufthansa,11031,95,24,Delayed,-71,Long Haul,Good
11610,Delta,4287,148,29,OnTime,-119,Medium Long,Good
11611,Emirates,7271,129,170,Delayed,41,Long Haul,Poor
11612,Delta,1268,49,102,Delayed,53,Short Haul,Poor
11613,Emirates,9262,36,45,OnTime,9,Long Haul,Poor
11614,Emirates,9947,145,137,Delayed,-8,Long Haul,Poor
11615,Indigo,1803,157,121,OnTime,-36,Short Haul,Poor
11616,Lufthansa,9373,98,98,OnTime,0,Long Haul,Poor
11617,Lufthansa,2781,1,86,Delayed,85,Short Haul,Poor
11618,Lufthansa,3326,33,42,OnTime,9,Medium Long,Poor
11619,Indigo,3549,57,157,Delayed,100,Medium Long,Poor
11620,Emirates,10756,91,40,Delayed,-51,Long Haul,Poor
11621,Lufthansa,10617,14,22,OnTime,8,Long Haul,Good
11622,Indigo,5386,137,64,OnTime,-73,Medium Long,Poor
11623,Indigo,8222,179,107,Delayed,-72,Long Haul,Poor
11624,Lufthansa,7541,54,156,OnTime,102,Long Haul,Poor
11625,Emirates,8475,42,93,Delayed,51,Long Haul,Poor
11626,Emirates,8541,40,9,Delayed,-31,Long Haul,Good
11627,Emirates,982,154,50,OnTime,-104,Short Haul,Poor
11628,Indigo,3788,65,161,Delayed,96,Medium Long,Poor
11629,Emirates,10323,117,178,Delayed,61,Long Haul,Poor
11630,Delta,8020,152,8,OnTime,-144,Long Haul,Good
11631,Lufthansa,11903,54,159,Delayed,105,Long Haul,Poor
11632,Delta,4343,21,89,Delayed,68,Medium Long,Poor
11633,Lufthansa,7397,3,113,Delayed,110,Long Haul,Poor
11634,Emirates,817,23,18,OnTime,-5,Short Haul,Good
11635,Emirates,11751,141,54,Delayed,-87,Long Haul,Poor
11636,Delta,7972,15,92,Delayed,77,Long Haul,Poor
11637,Lufthansa,10407,123,77,Delayed,-46,Long Haul,Poor
11638,Delta,2389,113,178,Delayed,65,Short Haul,Poor
11639,Lufthansa,1943,175,141,OnTime,-34,Short Haul,Poor
11640,Emirates,9382,59,61,Delayed,2,Long Haul,Poor
11641,Delta,1792,56,192,OnTime,136,Short Haul,Poor
11642,Indigo,4544,171,116,OnTime,-55,Medium Long,Poor
11643,Emirates,9928,177,190,Delayed,13,Long Haul,Poor
11644,Lufthansa,2032,167,198,Delayed,31,Short Haul,Poor
11645,Emirates,5272,137,73,OnTime,-64,Medium Long,Poor
11646,Lufthansa,3021,175,54,Delayed,-121,Medium Long,Poor
11647,Indigo,4762,38,41,Delayed,3,Medium Long,Poor
11648,Lufthansa,9799,136,17,Delayed,-119,Long Haul,Good
11649,Indigo,967,15,64,OnTime,49,Short Haul,Poor
11650,Indigo,10749,121,173,OnTime,52,Long Haul,Poor
11651,Emirates,8045,165,141,OnTime,-24,Long Haul,Poor
11652,Lufthansa,11853,102,109,Delayed,7,Long Haul,Poor
11653,Indigo,8020,5,103,OnTime,98,Long Haul,Poor
11654,Lufthansa,1255,12,34,Delayed,22,Short Haul,Poor
11655,Indigo,769,58,26,Delayed,-32,Short Haul,Good
11656,Lufthansa,9747,179,73,Delayed,-106,Long Haul,Poor
11657,Lufthansa,4956,128,91,Delayed,-37,Medium Long,Poor
11658,Delta,11908,92,99,Delayed,7,Long Haul,Poor
11659,Indigo,2707,179,198,OnTime,19,Short Haul,Poor
11660,Emirates,5034,118,114,Delayed,-4,Medium Long,Poor
11661,Delta,4513,104,175,OnTime,71,Medium Long,Poor
11662,Indigo,578,175,68,OnTime,-107,Short Haul,Poor
11663,Delta,1464,46,43,OnTime,-3,Short Haul,Poor
11664,Lufthansa,2863,20,28,Delayed,8,Short Haul,Good
11665,Indigo,4858,47,72,OnTime,25,Medium Long,Poor
11666,Lufthansa,10666,121,100,Delayed,-21,Long Haul,Poor
11667,Lufthansa,1196,18,69,OnTime,51,Short Haul,Poor
11668,Lufthansa,3201,170,128,Delayed,-42,Medium Long,Poor
11669,Indigo,1552,0,4,OnTime,4,Short Haul,Good
11670,Indigo,3075,76,160,Delayed,84,Medium Long,Poor
11671,Indigo,4338,63,107,OnTime,44,Medium Long,Poor
11672,Delta,11858,162,93,OnTime,-69,Long Haul,Poor
11673,Emirates,7548,78,31,Delayed,-47,Long Haul,Poor
11674,Indigo,6386,71,162,Delayed,91,Medium Long,Poor
11675,Emirates,2183,22,9,Delayed,-13,Short Haul,Good
11676,Indigo,11230,109,11,Delayed,-98,Long Haul,Good
11677,Lufthansa,2056,59,144,Delayed,85,Short Haul,Poor
11678,Delta,11358,76,74,Delayed,-2,Long Haul,Poor
11679,Indigo,5405,119,42,Delayed,-77,Medium Long,Poor
11680,Indigo,6849,111,24,Delayed,-87,Medium Long,Good
11681,Delta,11031,64,66,OnTime,2,Long Haul,Poor
11682,Indigo,3531,46,84,OnTime,38,Medium Long,Poor
11683,Indigo,1768,155,146,OnTime,-9,Short Haul,Poor
11684,Indigo,1192,83,80,Delayed,-3,Short Haul,Poor
11685,Emirates,4724,78,128,Delayed,50,Medium Long,Poor
11686,Emirates,6151,16,115,Delayed,99,Medium Long,Poor
11687,Indigo,7239,17,86,OnTime,69,Long Haul,Poor
11688,Emirates,830,40,73,OnTime,33,Short Haul,Poor
11689,Indigo,10511,173,36,OnTime,-137,Long Haul,Poor
11690,Indigo,6519,0,182,OnTime,182,Medium Long,Poor
11691,Emirates,3881,23,47,Delayed,24,Medium Long,Poor
11692,Lufthansa,8703,150,55,Delayed,-95,Long Haul,Poor
11693,Indigo,10999,61,181,Delayed,120,Long Haul,Poor
11694,Indigo,2337,178,85,OnTime,-93,Short Haul,Poor
11695,Delta,3057,70,102,OnTime,32,Medium Long,Poor
11696,Delta,9330,125,42,OnTime,-83,Long Haul,Poor
11697,Emirates,11530,124,70,Delayed,-54,Long Haul,Poor
11698,Indigo,11364,94,14,OnTime,-80,Long Haul,Good
11699,Emirates,8225,129,16,OnTime,-113,Long Haul,Good
11700,Indigo,2220,98,162,Delayed,64,Short Haul,Poor
11701,Emirates,5371,1,166,OnTime,165,Medium Long,Poor
11702,Delta,308,152,28,Delayed,-124,Short Haul,Good
11703,Emirates,6824,100,166,OnTime,66,Medium Long,Poor
11704,Emirates,7925,33,129,Delayed,96,Long Haul,Poor
11705,Lufthansa,1124,151,60,OnTime,-91,Short Haul,Poor
11706,Delta,9524,110,121,OnTime,11,Long Haul,Poor
11707,Emirates,7748,149,29,Delayed,-120,Long Haul,Good
11708,Emirates,5720,122,74,Delayed,-48,Medium Long,Poor
11709,Emirates,7348,93,72,OnTime,-21,Long Haul,Poor
11710,Indigo,5473,128,77,OnTime,-51,Medium Long,Poor
11711,Indigo,11130,114,111,OnTime,-3,Long Haul,Poor
11712,Emirates,8479,93,83,Delayed,-10,Long Haul,Poor
11713,Lufthansa,4540,110,164,OnTime,54,Medium Long,Poor
11714,Delta,378,15,78,OnTime,63,Short Haul,Poor
11715,Emirates,11553,34,123,Delayed,89,Long Haul,Poor
11716,Lufthansa,423,161,160,Delayed,-1,Short Haul,Poor
11717,Delta,3009,70,36,Delayed,-34,Medium Long,Poor
11718,Emirates,4641,17,74,Delayed,57,Medium Long,Poor
11719,Delta,10206,173,172,Delayed,-1,Long Haul,Poor
11720,Indigo,8731,62,101,Delayed,39,Long Haul,Poor
11721,Emirates,6799,33,117,OnTime,84,Medium Long,Poor
11722,Delta,4138,37,146,Delayed,109,Medium Long,Poor
11723,Indigo,1817,75,54,OnTime,-21,Short Haul,Poor
11724,Emirates,5895,74,72,Delayed,-2,Medium Long,Poor
11725,Delta,6857,79,149,Delayed,70,Medium Long,Poor
11726,Emirates,7453,139,189,Delayed,50,Long Haul,Poor
11727,Indigo,3029,165,110,Delayed,-55,Medium Long,Poor
11728,Lufthansa,9943,76,199,OnTime,123,Long Haul,Poor
11729,Indigo,2386,176,175,OnTime,-1,Short Haul,Poor
11730,Emirates,8065,154,179,Delayed,25,Long Haul,Poor
11731,Lufthansa,10694,67,123,Delayed,56,Long Haul,Poor
11732,Delta,8892,119,4,OnTime,-115,Long Haul,Good
11733,Indigo,8004,128,73,OnTime,-55,Long Haul,Poor
11734,Emirates,10744,17,4,OnTime,-13,Long Haul,Good
11735,Lufthansa,1271,19,78,OnTime,59,Short Haul,Poor
11736,Lufthansa,6769,83,175,OnTime,92,Medium Long,Poor
11737,Lufthansa,1745,165,81,OnTime,-84,Short Haul,Poor
11738,Emirates,10049,154,68,OnTime,-86,Long Haul,Poor
11739,Emirates,9270,52,156,Delayed,104,Long Haul,Poor
11740,Indigo,9252,64,80,OnTime,16,Long Haul,Poor
11741,Emirates,7396,125,30,OnTime,-95,Long Haul,Good
11742,Emirates,4057,117,108,Delayed,-9,Medium Long,Poor
11743,Emirates,7186,93,148,Delayed,55,Long Haul,Poor
11744,Emirates,2976,111,11,Delayed,-100,Short Haul,Good
11745,Emirates,4898,53,157,OnTime,104,Medium Long,Poor
11746,Indigo,2641,34,44,OnTime,10,Short Haul,Poor
11747,Emirates,1732,42,131,Delayed,89,Short Haul,Poor
11748,Indigo,5534,165,77,OnTime,-88,Medium Long,Poor
11749,Indigo,6484,158,7,Delayed,-151,Medium Long,Good
11750,Delta,10375,29,150,OnTime,121,Long Haul,Poor
11751,Lufthansa,6576,146,81,OnTime,-65,Medium Long,Poor
11752,Indigo,2225,124,194,OnTime,70,Short Haul,Poor
11753,Emirates,7352,60,127,OnTime,67,Long Haul,Poor
11754,Indigo,7165,107,98,OnTime,-9,Long Haul,Poor
11755,Emirates,11570,85,63,OnTime,-22,Long Haul,Poor
11756,Delta,8688,81,90,Delayed,9,Long Haul,Poor
11757,Delta,7363,136,68,Delayed,-68,Long Haul,Poor
11758,Emirates,403,57,31,Delayed,-26,Short Haul,Poor
11759,Delta,9234,131,103,OnTime,-28,Long Haul,Poor
11760,Lufthansa,5828,30,123,Delayed,93,Medium Long,Poor
11761,Indigo,4339,146,59,OnTime,-87,Medium Long,Poor
11762,Delta,10665,135,166,Delayed,31,Long Haul,Poor
11763,Delta,3281,118,167,Delayed,49,Medium Long,Poor
11764,Delta,5246,161,104,OnTime,-57,Medium Long,Poor
11765,Delta,11718,134,88,OnTime,-46,Long Haul,Poor
11766,Indigo,4280,7,105,Delayed,98,Medium Long,Poor
11767,Delta,4616,6,145,OnTime,139,Medium Long,Poor
11768,Indigo,3298,148,150,OnTime,2,Medium Long,Poor
11769,Delta,5501,92,194,Delayed,102,Medium Long,Poor
11770,Emirates,8224,115,116,OnTime,1,Long Haul,Poor
11771,Indigo,3257,27,10,Delayed,-17,Medium Long,Good
11772,Indigo,9380,106,146,OnTime,40,Long Haul,Poor
11773,Indigo,1885,122,193,OnTime,71,Short Haul,Poor
11774,Delta,5637,147,64,Delayed,-83,Medium Long,Poor
11775,Delta,6008,110,128,OnTime,18,Medium Long,Poor
11776,Lufthansa,6258,40,44,Delayed,4,Medium Long,Poor
11777,Delta,6457,169,183,OnTime,14,Medium Long,Poor
11778,Delta,7871,20,12,Delayed,-8,Long Haul,Good
11779,Indigo,878,33,198,Delayed,165,Short Haul,Poor
11780,Lufthansa,7850,73,43,OnTime,-30,Long Haul,Poor
11781,Indigo,316,117,51,Delayed,-66,Short Haul,Poor
11782,Emirates,10197,52,187,OnTime,135,Long Haul,Poor
11783,Delta,7530,111,21,Delayed,-90,Long Haul,Good
11784,Lufthansa,6192,123,29,OnTime,-94,Medium Long,Good
11785,Indigo,3642,77,92,OnTime,15,Medium Long,Poor
11786,Delta,7085,170,159,Delayed,-11,Long Haul,Poor
11787,Emirates,11325,75,188,Delayed,113,Long Haul,Poor
11788,Delta,4973,141,189,Delayed,48,Medium Long,Poor
11789,Emirates,11616,140,130,Delayed,-10,Long Haul,Poor
11790,Delta,11522,29,191,Delayed,162,Long Haul,Poor
11791,Delta,11314,174,167,Delayed,-7,Long Haul,Poor
11792,Lufthansa,7071,98,132,Delayed,34,Long Haul,Poor
11793,Indigo,255,43,112,OnTime,69,Short Haul,Poor
11794,Emirates,1356,117,120,OnTime,3,Short Haul,Poor
11795,Emirates,5864,137,170,Delayed,33,Medium Long,Poor
11796,Delta,842,161,15,OnTime,-146,Short Haul,Good
11797,Indigo,5892,144,1,OnTime,-143,Medium Long,Good
11798,Delta,7369,162,154,Delayed,-8,Long Haul,Poor
11799,Indigo,11185,88,150,OnTime,62,Long Haul,Poor
11800,Indigo,11984,83,171,Delayed,88,Long Haul,Poor
11801,Delta,5482,116,198,OnTime,82,Medium Long,Poor
11802,Lufthansa,1145,148,187,Delayed,39,Short Haul,Poor
11803,Lufthansa,10344,62,26,Delayed,-36,Long Haul,Good
11804,Emirates,9155,118,0,Delayed,-118,Long Haul,Good
11805,Lufthansa,9765,69,151,Delayed,82,Long Haul,Poor
11806,Indigo,5669,121,156,OnTime,35,Medium Long,Poor
11807,Emirates,5932,54,24,Delayed,-30,Medium Long,Good
11808,Lufthansa,9047,33,87,OnTime,54,Long Haul,Poor
11809,Lufthansa,7014,149,133,OnTime,-16,Long Haul,Poor
11810,Indigo,9663,3,99,OnTime,96,Long Haul,Poor
11811,Emirates,9312,142,116,Delayed,-26,Long Haul,Poor
11812,Lufthansa,4413,76,112,Delayed,36,Medium Long,Poor
11813,Indigo,1125,67,73,OnTime,6,Short Haul,Poor
11814,Emirates,6862,131,151,Delayed,20,Medium Long,Poor
11815,Indigo,347,152,92,OnTime,-60,Short Haul,Poor
11816,Lufthansa,10691,13,152,Delayed,139,Long Haul,Poor
11817,Emirates,845,128,98,Delayed,-30,Short Haul,Poor
11818,Emirates,6381,121,47,Delayed,-74,Medium Long,Poor
11819,Delta,4702,56,21,Delayed,-35,Medium Long,Good
11820,Emirates,4359,155,108,OnTime,-47,Medium Long,Poor
11821,Delta,841,115,58,OnTime,-57,Short Haul,Poor
11822,Emirates,4688,174,103,Delayed,-71,Medium Long,Poor
11823,Lufthansa,5162,9,96,OnTime,87,Medium Long,Poor
11824,Indigo,8539,151,144,OnTime,-7,Long Haul,Poor
11825,Lufthansa,1105,143,198,OnTime,55,Short Haul,Poor
11826,Delta,1626,127,112,Delayed,-15,Short Haul,Poor
11827,Delta,5348,149,138,OnTime,-11,Medium Long,Poor
11828,Lufthansa,5177,88,45,Delayed,-43,Medium Long,Poor
11829,Indigo,9941,29,96,Delayed,67,Long Haul,Poor
11830,Emirates,7840,66,199,Delayed,133,Long Haul,Poor
11831,Delta,9454,112,99,OnTime,-13,Long Haul,Poor
11832,Delta,1656,80,158,Delayed,78,Short Haul,Poor
11833,Delta,11375,39,62,Delayed,23,Long Haul,Poor
11834,Emirates,750,3,47,Delayed,44,Short Haul,Poor
11835,Delta,2387,84,190,OnTime,106,Short Haul,Poor
11836,Lufthansa,328,120,11,Delayed,-109,Short Haul,Good
11837,Lufthansa,8118,100,49,OnTime,-51,Long Haul,Poor
11838,Indigo,1888,138,128,Delayed,-10,Short Haul,Poor
11839,Emirates,11809,49,40,OnTime,-9,Long Haul,Poor
11840,Emirates,1062,10,175,Delayed,165,Short Haul,Poor
11841,Emirates,5801,110,106,OnTime,-4,Medium Long,Poor
11842,Delta,8253,12,20,OnTime,8,Long Haul,Good
11843,Indigo,1780,143,46,OnTime,-97,Short Haul,Poor
11844,Indigo,6664,104,73,Delayed,-31,Medium Long,Poor
11845,Indigo,6042,121,150,Delayed,29,Medium Long,Poor
11846,Lufthansa,9289,139,157,Delayed,18,Long Haul,Poor
11847,Delta,6609,95,197,Delayed,102,Medium Long,Poor
11848,Delta,2479,6,165,Delayed,159,Short Haul,Poor
11849,Lufthansa,1070,129,185,Delayed,56,Short Haul,Poor
11850,Delta,9691,40,39,OnTime,-1,Long Haul,Poor
11851,Delta,8228,167,14,Delayed,-153,Long Haul,Good
11852,Lufthansa,10677,115,89,OnTime,-26,Long Haul,Poor
11853,Lufthansa,7416,103,95,Delayed,-8,Long Haul,Poor
11854,Emirates,9460,4,23,OnTime,19,Long Haul,Good
11855,Delta,1203,150,197,OnTime,47,Short Haul,Poor
11856,Lufthansa,11665,107,146,Delayed,39,Long Haul,Poor
11857,Delta,3361,102,118,Delayed,16,Medium Long,Poor
11858,Indigo,5563,121,133,OnTime,12,Medium Long,Poor
11859,Indigo,11273,135,83,OnTime,-52,Long Haul,Poor
11860,Delta,8788,152,44,OnTime,-108,Long Haul,Poor
11861,Lufthansa,2306,1,122,Delayed,121,Short Haul,Poor
11862,Indigo,8220,39,32,OnTime,-7,Long Haul,Poor
11863,Lufthansa,6636,68,54,Delayed,-14,Medium Long,Poor
11864,Delta,6598,16,11,Delayed,-5,Medium Long,Good
11865,Emirates,6241,117,47,Delayed,-70,Medium Long,Poor
11866,Delta,502,107,156,OnTime,49,Short Haul,Poor
11867,Delta,8370,159,102,OnTime,-57,Long Haul,Poor
11868,Indigo,10186,53,43,Delayed,-10,Long Haul,Poor
11869,Emirates,7099,5,177,Delayed,172,Long Haul,Poor
11870,Indigo,11690,101,18,Delayed,-83,Long Haul,Good
11871,Lufthansa,2571,143,30,OnTime,-113,Short Haul,Good
11872,Lufthansa,10972,52,155,Delayed,103,Long Haul,Poor
11873,Lufthansa,3822,24,30,OnTime,6,Medium Long,Good
11874,Indigo,10824,19,35,Delayed,16,Long Haul,Poor
11875,Delta,6791,73,80,Delayed,7,Medium Long,Poor
11876,Indigo,11521,96,186,Delayed,90,Long Haul,Poor
11877,Indigo,11984,6,46,Delayed,40,Long Haul,Poor
11878,Delta,2296,146,76,Delayed,-70,Short Haul,Poor
11879,Lufthansa,8153,50,97,Delayed,47,Long Haul,Poor
11880,Emirates,2962,32,43,Delayed,11,Short Haul,Poor
11881,Lufthansa,7926,152,98,Delayed,-54,Long Haul,Poor
11882,Indigo,8290,141,159,OnTime,18,Long Haul,Poor
11883,Emirates,4169,176,127,Delayed,-49,Medium Long,Poor
11884,Emirates,8540,81,188,Delayed,107,Long Haul,Poor
11885,Lufthansa,11524,143,39,OnTime,-104,Long Haul,Poor
11886,Delta,11404,31,74,OnTime,43,Long Haul,Poor
11887,Lufthansa,10639,151,81,Delayed,-70,Long Haul,Poor
11888,Indigo,2933,15,82,OnTime,67,Short Haul,Poor
11889,Emirates,10732,168,86,Delayed,-82,Long Haul,Poor
11890,Lufthansa,3972,27,188,Delayed,161,Medium Long,Poor
11891,Emirates,8733,35,39,Delayed,4,Long Haul,Poor
11892,Delta,3800,155,75,OnTime,-80,Medium Long,Poor
11893,Delta,1978,50,142,OnTime,92,Short Haul,Poor
11894,Delta,10335,89,21,Delayed,-68,Long Haul,Good
11895,Indigo,11098,147,197,OnTime,50,Long Haul,Poor
11896,Delta,3713,143,68,OnTime,-75,Medium Long,Poor
11897,Delta,11959,51,31,OnTime,-20,Long Haul,Poor
11898,Indigo,4500,0,176,Delayed,176,Medium Long,Poor
11899,Emirates,442,146,124,Delayed,-22,Short Haul,Poor
11900,Emirates,2440,135,88,Delayed,-47,Short Haul,Poor
11901,Indigo,9925,29,73,OnTime,44,Long Haul,Poor
11902,Lufthansa,9880,164,139,Delayed,-25,Long Haul,Poor
11903,Lufthansa,4314,100,92,OnTime,-8,Medium Long,Poor
11904,Emirates,6209,120,163,Delayed,43,Medium Long,Poor
11905,Delta,6970,57,22,Delayed,-35,Medium Long,Good
11906,Delta,2058,82,130,OnTime,48,Short Haul,Poor
11907,Delta,10115,61,3,OnTime,-58,Long Haul,Good
11908,Emirates,5653,45,134,Delayed,89,Medium Long,Poor
11909,Emirates,2574,177,134,Delayed,-43,Short Haul,Poor
11910,Lufthansa,7699,48,104,OnTime,56,Long Haul,Poor
11911,Delta,4738,31,101,Delayed,70,Medium Long,Poor
11912,Emirates,8907,70,149,Delayed,79,Long Haul,Poor
11913,Delta,10452,8,111,OnTime,103,Long Haul,Poor
11914,Emirates,6857,145,42,Delayed,-103,Medium Long,Poor
11915,Emirates,6620,16,192,Delayed,176,Medium Long,Poor
11916,Lufthansa,11354,26,72,OnTime,46,Long Haul,Poor
11917,Delta,3101,11,108,OnTime,97,Medium Long,Poor
11918,Emirates,6889,12,89,OnTime,77,Medium Long,Poor
11919,Emirates,6928,101,162,OnTime,61,Medium Long,Poor
11920,Lufthansa,8132,46,153,Delayed,107,Long Haul,Poor
11921,Emirates,11508,100,195,OnTime,95,Long Haul,Poor
11922,Delta,1118,81,166,Delayed,85,Short Haul,Poor
11923,Emirates,5811,89,85,Delayed,-4,Medium Long,Poor
11924,Lufthansa,3167,20,14,OnTime,-6,Medium Long,Good
11925,Indigo,3453,131,60,OnTime,-71,Medium Long,Poor
11926,Delta,4768,137,9,OnTime,-128,Medium Long,Good
11927,Lufthansa,710,155,112,OnTime,-43,Short Haul,Poor
11928,Indigo,6362,24,126,OnTime,102,Medium Long,Poor
11929,Lufthansa,4440,68,175,OnTime,107,Medium Long,Poor
11930,Lufthansa,359,128,113,Delayed,-15,Short Haul,Poor
11931,Indigo,5829,121,181,Delayed,60,Medium Long,Poor
11932,Lufthansa,684,97,104,OnTime,7,Short Haul,Poor
11933,Indigo,6004,105,95,Delayed,-10,Medium Long,Poor
11934,Indigo,8451,8,71,OnTime,63,Long Haul,Poor
11935,Lufthansa,6587,125,156,OnTime,31,Medium Long,Poor
11936,Indigo,8647,26,9,OnTime,-17,Long Haul,Good
11937,Delta,11960,157,46,Delayed,-111,Long Haul,Poor
11938,Lufthansa,1098,29,76,OnTime,47,Short Haul,Poor
11939,Delta,6171,85,21,OnTime,-64,Medium Long,Good
11940,Delta,2645,45,106,Delayed,61,Short Haul,Poor
11941,Delta,10032,114,102,Delayed,-12,Long Haul,Poor
11942,Emirates,4309,59,153,OnTime,94,Medium Long,Poor
11943,Indigo,3753,124,159,OnTime,35,Medium Long,Poor
11944,Indigo,10905,87,25,OnTime,-62,Long Haul,Good
11945,Delta,11375,54,76,Delayed,22,Long Haul,Poor
11946,Emirates,9351,53,2,Delayed,-51,Long Haul,Good
11947,Lufthansa,9342,72,184,OnTime,112,Long Haul,Poor
11948,Delta,1304,19,114,OnTime,95,Short Haul,Poor
11949,Indigo,3466,25,22,OnTime,-3,Medium Long,Good
11950,Emirates,7149,53,47,OnTime,-6,Long Haul,Poor
11951,Lufthansa,7686,68,199,Delayed,131,Long Haul,Poor
11952,Delta,5565,100,144,OnTime,44,Medium Long,Poor
11953,Lufthansa,4694,94,160,Delayed,66,Medium Long,Poor
11954,Delta,3390,45,189,OnTime,144,Medium Long,Poor
11955,Lufthansa,9017,45,155,OnTime,110,Long Haul,Poor
11956,Delta,3644,115,161,Delayed,46,Medium Long,Poor
11957,Indigo,5183,19,148,Delayed,129,Medium Long,Poor
11958,Delta,3885,107,79,Delayed,-28,Medium Long,Poor
11959,Delta,306,38,121,Delayed,83,Short Haul,Poor
11960,Indigo,6964,172,101,OnTime,-71,Medium Long,Poor
11961,Delta,8232,174,128,OnTime,-46,Long Haul,Poor
11962,Emirates,7389,175,58,OnTime,-117,Long Haul,Poor
11963,Indigo,10676,19,147,OnTime,128,Long Haul,Poor
11964,Lufthansa,10979,34,73,Delayed,39,Long Haul,Poor
11965,Emirates,3679,63,154,OnTime,91,Medium Long,Poor
11966,Indigo,2124,92,10,OnTime,-82,Short Haul,Good
11967,Indigo,8980,19,7,OnTime,-12,Long Haul,Good
11968,Delta,4378,79,195,OnTime,116,Medium Long,Poor
11969,Indigo,10646,3,137,Delayed,134,Long Haul,Poor
11970,Lufthansa,8595,135,32,Delayed,-103,Long Haul,Poor
11971,Emirates,1361,16,115,Delayed,99,Short Haul,Poor
11972,Lufthansa,849,151,170,OnTime,19,Short Haul,Poor
11973,Delta,3000,59,84,Delayed,25,Medium Long,Poor
11974,Delta,1457,23,52,Delayed,29,Short Haul,Poor
11975,Emirates,2417,93,21,Delayed,-72,Short Haul,Good
11976,Emirates,11296,66,19,OnTime,-47,Long Haul,Good
11977,Delta,4340,163,71,Delayed,-92,Medium Long,Poor
11978,Delta,3969,39,24,Delayed,-15,Medium Long,Good
11979,Lufthansa,9818,104,152,OnTime,48,Long Haul,Poor
11980,Lufthansa,1654,76,138,OnTime,62,Short Haul,Poor
11981,Indigo,2558,113,13,Delayed,-100,Short Haul,Good
11982,Indigo,2154,139,135,OnTime,-4,Short Haul,Poor
11983,Indigo,10196,99,117,OnTime,18,Long Haul,Poor
11984,Emirates,5239,110,53,Delayed,-57,Medium Long,Poor
11985,Delta,1579,137,191,Delayed,54,Short Haul,Poor
11986,Lufthansa,6639,73,55,Delayed,-18,Medium Long,Poor
11987,Emirates,11767,4,91,Delayed,87,Long Haul,Poor
11988,Delta,7694,130,43,OnTime,-87,Long Haul,Poor
11989,Emirates,9334,77,44,Delayed,-33,Long Haul,Poor
11990,Indigo,11087,3,86,Delayed,83,Long Haul,Poor
11991,Lufthansa,1794,109,82,OnTime,-27,Short Haul,Poor
11992,Emirates,10243,19,139,Delayed,120,Long Haul,Poor
11993,Lufthansa,1762,179,2,Delayed,-177,Short Haul,Good
11994,Delta,10496,85,119,OnTime,34,Long Haul,Poor
11995,Emirates,11291,105,31,Delayed,-74,Long Haul,Poor
11996,Lufthansa,7617,135,25,Delayed,-110,Long Haul,Good
11997,Lufthansa,2109,9,59,OnTime,50,Short Haul,Poor
11998,Delta,265,71,108,Delayed,37,Short Haul,Poor
11999,Emirates,10791,138,140,Delayed,2,Long Haul,Poor
12000,Delta,4566,125,74,Delayed,-51,Medium Long,Poor
12001,Delta,1360,100,77,OnTime,-23,Short Haul,Poor
12002,Emirates,1353,162,7,OnTime,-155,Short Haul,Good
12003,Emirates,5047,5,53,OnTime,48,Medium Long,Poor
12004,Emirates,11248,2,81,Delayed,79,Long Haul,Poor
12005,Lufthansa,9234,63,95,OnTime,32,Long Haul,Poor
12006,Emirates,10484,56,109,Delayed,53,Long Haul,Poor
12007,Emirates,6943,83,129,Delayed,46,Medium Long,Poor
12008,Lufthansa,3515,31,20,OnTime,-11,Medium Long,Good
12009,Delta,6185,43,79,Delayed,36,Medium Long,Poor
12010,Delta,11151,27,21,Delayed,-6,Long Haul,Good
12011,Delta,1933,18,123,Delayed,105,Short Haul,Poor
12012,Lufthansa,5737,92,195,Delayed,103,Medium Long,Poor
12013,Emirates,8438,70,148,Delayed,78,Long Haul,Poor
12014,Delta,4369,52,32,Delayed,-20,Medium Long,Poor
12015,Indigo,7975,93,56,Delayed,-37,Long Haul,Poor
12016,Lufthansa,3217,19,96,Delayed,77,Medium Long,Poor
12017,Delta,2319,122,44,OnTime,-78,Short Haul,Poor
12018,Indigo,10368,158,75,OnTime,-83,Long Haul,Poor
12019,Indigo,8284,46,59,Delayed,13,Long Haul,Poor
12020,Emirates,7661,102,20,OnTime,-82,Long Haul,Good
12021,Delta,6583,1,131,OnTime,130,Medium Long,Poor
12022,Emirates,628,103,155,OnTime,52,Short Haul,Poor
12023,Indigo,10746,78,149,Delayed,71,Long Haul,Poor
12024,Emirates,4352,137,38,Delayed,-99,Medium Long,Poor
12025,Emirates,4852,71,58,Delayed,-13,Medium Long,Poor
12026,Delta,6012,79,135,OnTime,56,Medium Long,Poor
12027,Delta,11384,61,22,OnTime,-39,Long Haul,Good
12028,Lufthansa,5811,116,85,Delayed,-31,Medium Long,Poor
12029,Lufthansa,1630,20,148,Delayed,128,Short Haul,Poor
12030,Lufthansa,10445,6,194,Delayed,188,Long Haul,Poor
12031,Delta,1353,42,120,OnTime,78,Short Haul,Poor
12032,Emirates,2947,170,96,Delayed,-74,Short Haul,Poor
12033,Indigo,4075,170,190,OnTime,20,Medium Long,Poor
12034,Indigo,9846,171,18,Delayed,-153,Long Haul,Good
12035,Indigo,10515,137,188,OnTime,51,Long Haul,Poor
12036,Indigo,9092,146,165,Delayed,19,Long Haul,Poor
12037,Indigo,11658,24,190,OnTime,166,Long Haul,Poor
12038,Lufthansa,5877,82,165,Delayed,83,Medium Long,Poor
12039,Lufthansa,2283,171,114,OnTime,-57,Short Haul,Poor
12040,Delta,6356,91,139,OnTime,48,Medium Long,Poor
12041,Emirates,1944,129,91,OnTime,-38,Short Haul,Poor
12042,Lufthansa,1702,150,116,Delayed,-34,Short Haul,Poor
12043,Indigo,2066,89,69,Delayed,-20,Short Haul,Poor
12044,Lufthansa,7375,119,147,OnTime,28,Long Haul,Poor
12045,Lufthansa,4865,4,116,Delayed,112,Medium Long,Poor
12046,Lufthansa,8403,147,173,Delayed,26,Long Haul,Poor
12047,Lufthansa,3942,128,66,Delayed,-62,Medium Long,Poor
12048,Indigo,2425,71,134,OnTime,63,Short Haul,Poor
12049,Delta,10632,168,35,OnTime,-133,Long Haul,Poor
12050,Lufthansa,2671,123,128,OnTime,5,Short Haul,Poor
12051,Indigo,3469,156,11,OnTime,-145,Medium Long,Good
12052,Indigo,6434,152,104,OnTime,-48,Medium Long,Poor
12053,Lufthansa,5185,82,29,Delayed,-53,Medium Long,Good
12054,Delta,5029,73,148,OnTime,75,Medium Long,Poor
12055,Emirates,10988,79,174,Delayed,95,Long Haul,Poor
12056,Lufthansa,4775,2,31,Delayed,29,Medium Long,Poor
12057,Delta,10027,150,11,Delayed,-139,Long Haul,Good
12058,Lufthansa,5362,56,98,OnTime,42,Medium Long,Poor
12059,Delta,4988,1,85,OnTime,84,Medium Long,Poor
12060,Delta,7675,74,23,Delayed,-51,Long Haul,Good
12061,Delta,4582,0,121,OnTime,121,Medium Long,Poor
12062,Emirates,1016,163,21,Delayed,-142,Short Haul,Good
12063,Indigo,8198,64,128,Delayed,64,Long Haul,Poor
12064,Lufthansa,10673,90,185,Delayed,95,Long Haul,Poor
12065,Emirates,7621,175,36,OnTime,-139,Long Haul,Poor
12066,Lufthansa,1071,136,20,Delayed,-116,Short Haul,Good
12067,Emirates,11992,164,69,OnTime,-95,Long Haul,Poor
12068,Lufthansa,9972,7,58,OnTime,51,Long Haul,Poor
12069,Lufthansa,5851,4,30,OnTime,26,Medium Long,Good
12070,Delta,9913,165,174,OnTime,9,Long Haul,Poor
12071,Indigo,1162,153,112,Delayed,-41,Short Haul,Poor
12072,Emirates,5530,44,98,Delayed,54,Medium Long,Poor
12073,Lufthansa,9830,25,34,Delayed,9,Long Haul,Poor
12074,Emirates,10913,60,31,Delayed,-29,Long Haul,Poor
12075,Lufthansa,8778,146,135,Delayed,-11,Long Haul,Poor
12076,Lufthansa,1937,114,103,Delayed,-11,Short Haul,Poor
12077,Delta,1050,59,186,Delayed,127,Short Haul,Poor
12078,Lufthansa,732,156,179,Delayed,23,Short Haul,Poor
12079,Lufthansa,4396,117,142,Delayed,25,Medium Long,Poor
12080,Lufthansa,5614,160,169,Delayed,9,Medium Long,Poor
12081,Emirates,8241,109,1,OnTime,-108,Long Haul,Good
12082,Indigo,646,48,71,OnTime,23,Short Haul,Poor
12083,Delta,11373,107,148,OnTime,41,Long Haul,Poor
12084,Indigo,898,178,120,Delayed,-58,Short Haul,Poor
12085,Delta,7922,71,181,Delayed,110,Long Haul,Poor
12086,Delta,3865,123,128,Delayed,5,Medium Long,Poor
12087,Indigo,480,85,101,OnTime,16,Short Haul,Poor
12088,Emirates,7351,72,25,OnTime,-47,Long Haul,Good
12089,Indigo,7517,78,137,Delayed,59,Long Haul,Poor
12090,Delta,3138,10,144,OnTime,134,Medium Long,Poor
12091,Indigo,3698,22,28,OnTime,6,Medium Long,Good
12092,Emirates,2810,165,130,Delayed,-35,Short Haul,Poor
12093,Delta,10733,43,56,Delayed,13,Long Haul,Poor
12094,Indigo,11867,155,91,OnTime,-64,Long Haul,Poor
12095,Indigo,10355,18,23,Delayed,5,Long Haul,Good
12096,Emirates,8445,94,67,OnTime,-27,Long Haul,Poor
12097,Emirates,10206,150,33,OnTime,-117,Long Haul,Poor
12098,Indigo,9635,125,85,OnTime,-40,Long Haul,Poor
12099,Lufthansa,11213,121,58,OnTime,-63,Long Haul,Poor
12100,Delta,4628,123,140,OnTime,17,Medium Long,Poor
12101,Lufthansa,2122,120,199,Delayed,79,Short Haul,Poor
12102,Indigo,1439,99,27,Delayed,-72,Short Haul,Good
12103,Delta,5202,111,95,Delayed,-16,Medium Long,Poor
12104,Emirates,10810,38,108,OnTime,70,Long Haul,Poor
12105,Lufthansa,7654,160,58,OnTime,-102,Long Haul,Poor
12106,Indigo,6118,22,81,Delayed,59,Medium Long,Poor
12107,Lufthansa,6335,164,35,Delayed,-129,Medium Long,Poor
12108,Indigo,2561,24,99,OnTime,75,Short Haul,Poor
12109,Emirates,8876,68,25,OnTime,-43,Long Haul,Good
12110,Lufthansa,9455,2,1,Delayed,-1,Long Haul,Good
12111,Emirates,8434,150,120,OnTime,-30,Long Haul,Poor
12112,Emirates,10107,76,177,OnTime,101,Long Haul,Poor
12113,Delta,267,53,119,OnTime,66,Short Haul,Poor
12114,Delta,5675,169,97,Delayed,-72,Medium Long,Poor
12115,Lufthansa,6242,150,43,OnTime,-107,Medium Long,Poor
12116,Delta,8406,22,88,OnTime,66,Long Haul,Poor
12117,Emirates,8414,17,75,Delayed,58,Long Haul,Poor
12118,Indigo,11278,17,161,OnTime,144,Long Haul,Poor
12119,Indigo,4624,67,114,Delayed,47,Medium Long,Poor
12120,Lufthansa,6129,3,24,OnTime,21,Medium Long,Good
12121,Indigo,4166,20,4,OnTime,-16,Medium Long,Good
12122,Delta,11196,64,68,OnTime,4,Long Haul,Poor
12123,Lufthansa,4775,165,75,Delayed,-90,Medium Long,Poor
12124,Lufthansa,10327,60,142,OnTime,82,Long Haul,Poor
12125,Delta,1386,134,186,OnTime,52,Short Haul,Poor
12126,Delta,8563,7,150,OnTime,143,Long Haul,Poor
12127,Emirates,7275,96,34,OnTime,-62,Long Haul,Poor
12128,Delta,10678,66,131,Delayed,65,Long Haul,Poor
12129,Emirates,4960,135,143,Delayed,8,Medium Long,Poor
12130,Emirates,10504,18,114,Delayed,96,Long Haul,Poor
12131,Emirates,4805,78,14,Delayed,-64,Medium Long,Good
12132,Lufthansa,7436,38,193,Delayed,155,Long Haul,Poor
12133,Delta,1732,57,21,Delayed,-36,Short Haul,Good
12134,Indigo,8368,40,23,OnTime,-17,Long Haul,Good
12135,Delta,6172,17,57,Delayed,40,Medium Long,Poor
12136,Emirates,7643,145,135,OnTime,-10,Long Haul,Poor
12137,Delta,11385,21,36,OnTime,15,Long Haul,Poor
12138,Indigo,9705,106,77,OnTime,-29,Long Haul,Poor
12139,Indigo,7983,86,18,Delayed,-68,Long Haul,Good
12140,Lufthansa,3754,66,180,OnTime,114,Medium Long,Poor
12141,Lufthansa,3786,89,145,OnTime,56,Medium Long,Poor
12142,Indigo,2041,156,82,Delayed,-74,Short Haul,Poor
12143,Indigo,234,132,45,OnTime,-87,Short Haul,Poor
12144,Emirates,6839,44,56,Delayed,12,Medium Long,Poor
12145,Emirates,1774,53,69,OnTime,16,Short Haul,Poor
12146,Delta,8582,7,125,OnTime,118,Long Haul,Poor
12147,Delta,1241,55,63,Delayed,8,Short Haul,Poor
12148,Delta,1747,35,148,Delayed,113,Short Haul,Poor
12149,Lufthansa,3876,39,163,OnTime,124,Medium Long,Poor
12150,Lufthansa,9449,40,6,Delayed,-34,Long Haul,Good
12151,Emirates,7525,150,138,Delayed,-12,Long Haul,Poor
12152,Lufthansa,2955,173,112,Delayed,-61,Short Haul,Poor
12153,Lufthansa,3993,82,50,OnTime,-32,Medium Long,Poor
12154,Lufthansa,2587,79,71,Delayed,-8,Short Haul,Poor
12155,Emirates,10023,103,160,OnTime,57,Long Haul,Poor
12156,Emirates,4507,29,180,OnTime,151,Medium Long,Poor
12157,Emirates,7040,8,166,Delayed,158,Long Haul,Poor
12158,Lufthansa,9480,63,104,Delayed,41,Long Haul,Poor
12159,Delta,6923,1,181,OnTime,180,Medium Long,Poor
12160,Delta,2716,28,75,OnTime,47,Short Haul,Poor
12161,Lufthansa,9636,20,120,OnTime,100,Long Haul,Poor
12162,Emirates,2024,96,167,OnTime,71,Short Haul,Poor
12163,Delta,1051,15,43,OnTime,28,Short Haul,Poor
12164,Lufthansa,1660,33,120,Delayed,87,Short Haul,Poor
12165,Indigo,10777,112,2,Delayed,-110,Long Haul,Good
12166,Lufthansa,5332,70,171,OnTime,101,Medium Long,Poor
12167,Lufthansa,5475,20,8,OnTime,-12,Medium Long,Good
12168,Indigo,9348,60,153,Delayed,93,Long Haul,Poor
12169,Delta,6616,59,182,Delayed,123,Medium Long,Poor
12170,Delta,8639,145,180,Delayed,35,Long Haul,Poor
12171,Indigo,9749,82,157,OnTime,75,Long Haul,Poor
12172,Lufthansa,11914,25,63,Delayed,38,Long Haul,Poor
12173,Lufthansa,11403,60,87,Delayed,27,Long Haul,Poor
12174,Emirates,4991,44,127,OnTime,83,Medium Long,Poor
12175,Emirates,10352,33,25,OnTime,-8,Long Haul,Good
12176,Indigo,6360,146,184,OnTime,38,Medium Long,Poor
12177,Delta,3181,36,79,OnTime,43,Medium Long,Poor
12178,Delta,11186,77,109,OnTime,32,Long Haul,Poor
12179,Delta,3644,164,189,OnTime,25,Medium Long,Poor
12180,Delta,3807,124,41,OnTime,-83,Medium Long,Poor
12181,Indigo,3836,129,13,Delayed,-116,Medium Long,Good
12182,Emirates,11141,177,196,Delayed,19,Long Haul,Poor
12183,Delta,5754,43,111,OnTime,68,Medium Long,Poor
12184,Emirates,3823,44,72,Delayed,28,Medium Long,Poor
12185,Indigo,5070,113,64,Delayed,-49,Medium Long,Poor
12186,Lufthansa,7416,136,10,OnTime,-126,Long Haul,Good
12187,Emirates,10123,49,33,OnTime,-16,Long Haul,Poor
12188,Indigo,4861,16,151,OnTime,135,Medium Long,Poor
12189,Lufthansa,11189,75,183,OnTime,108,Long Haul,Poor
12190,Indigo,692,40,187,Delayed,147,Short Haul,Poor
12191,Delta,4499,71,101,Delayed,30,Medium Long,Poor
12192,Emirates,1136,80,115,OnTime,35,Short Haul,Poor
12193,Delta,7154,87,104,Delayed,17,Long Haul,Poor
12194,Lufthansa,6698,149,146,Delayed,-3,Medium Long,Poor
12195,Emirates,3227,42,124,Delayed,82,Medium Long,Poor
12196,Delta,9963,119,188,Delayed,69,Long Haul,Poor
12197,Lufthansa,2649,11,83,OnTime,72,Short Haul,Poor
12198,Emirates,4973,8,89,Delayed,81,Medium Long,Poor
12199,Emirates,10815,55,11,OnTime,-44,Long Haul,Good
12200,Indigo,10612,152,174,Delayed,22,Long Haul,Poor
12201,Emirates,2077,27,94,Delayed,67,Short Haul,Poor
12202,Emirates,5758,26,17,Delayed,-9,Medium Long,Good
12203,Delta,6083,102,75,OnTime,-27,Medium Long,Poor
12204,Indigo,751,128,186,OnTime,58,Short Haul,Poor
12205,Lufthansa,6588,39,160,Delayed,121,Medium Long,Poor
12206,Indigo,11166,24,172,OnTime,148,Long Haul,Poor
12207,Delta,1647,121,161,Delayed,40,Short Haul,Poor
12208,Emirates,9846,52,109,OnTime,57,Long Haul,Poor
12209,Delta,681,85,2,Delayed,-83,Short Haul,Good
12210,Delta,10900,101,46,OnTime,-55,Long Haul,Poor
12211,Indigo,8079,5,183,OnTime,178,Long Haul,Poor
12212,Indigo,9975,173,70,OnTime,-103,Long Haul,Poor
12213,Delta,4000,14,115,Delayed,101,Medium Long,Poor
12214,Lufthansa,7902,65,83,Delayed,18,Long Haul,Poor
12215,Indigo,8816,168,23,Delayed,-145,Long Haul,Good
12216,Indigo,11947,110,67,Delayed,-43,Long Haul,Poor
12217,Lufthansa,5827,158,80,OnTime,-78,Medium Long,Poor
12218,Delta,5470,6,126,OnTime,120,Medium Long,Poor
12219,Lufthansa,4583,151,176,Delayed,25,Medium Long,Poor
12220,Delta,5218,109,85,Delayed,-24,Medium Long,Poor
12221,Lufthansa,9614,27,150,OnTime,123,Long Haul,Poor
12222,Delta,5582,94,115,OnTime,21,Medium Long,Poor
12223,Delta,7897,75,30,Delayed,-45,Long Haul,Good
12224,Lufthansa,5595,23,64,OnTime,41,Medium Long,Poor
12225,Emirates,2350,87,59,OnTime,-28,Short Haul,Poor
12226,Lufthansa,6938,6,144,OnTime,138,Medium Long,Poor
12227,Emirates,4730,40,114,OnTime,74,Medium Long,Poor
12228,Lufthansa,8261,98,49,Delayed,-49,Long Haul,Poor
12229,Delta,6073,76,148,Delayed,72,Medium Long,Poor
12230,Indigo,7292,167,139,OnTime,-28,Long Haul,Poor
12231,Emirates,9787,102,196,Delayed,94,Long Haul,Poor
12232,Emirates,1577,179,106,OnTime,-73,Short Haul,Poor
12233,Lufthansa,2716,28,183,Delayed,155,Short Haul,Poor
12234,Delta,10942,86,99,OnTime,13,Long Haul,Poor
12235,Lufthansa,3645,128,64,Delayed,-64,Medium Long,Poor
12236,Emirates,7014,134,124,Delayed,-10,Long Haul,Poor
12237,Emirates,6619,166,167,Delayed,1,Medium Long,Poor
12238,Delta,864,54,172,OnTime,118,Short Haul,Poor
12239,Emirates,7045,34,13,OnTime,-21,Long Haul,Good
12240,Indigo,241,140,101,Delayed,-39,Short Haul,Poor
12241,Indigo,566,109,67,OnTime,-42,Short Haul,Poor
12242,Emirates,1888,159,51,Delayed,-108,Short Haul,Poor
12243,Lufthansa,6524,20,12,OnTime,-8,Medium Long,Good
12244,Delta,2392,109,128,Delayed,19,Short Haul,Poor
12245,Delta,9846,85,50,OnTime,-35,Long Haul,Poor
12246,Indigo,9297,173,115,Delayed,-58,Long Haul,Poor
12247,Indigo,7285,11,30,OnTime,19,Long Haul,Good
12248,Indigo,3506,106,123,OnTime,17,Medium Long,Poor
12249,Indigo,8498,132,7,Delayed,-125,Long Haul,Good
12250,Indigo,5632,39,97,Delayed,58,Medium Long,Poor
12251,Indigo,10565,144,92,OnTime,-52,Long Haul,Poor
12252,Delta,3243,82,90,Delayed,8,Medium Long,Poor
12253,Delta,3539,2,133,Delayed,131,Medium Long,Poor
12254,Delta,7333,176,81,Delayed,-95,Long Haul,Poor
12255,Delta,2949,131,181,OnTime,50,Short Haul,Poor
12256,Delta,11260,4,137,OnTime,133,Long Haul,Poor
12257,Delta,2943,152,48,OnTime,-104,Short Haul,Poor
12258,Lufthansa,8303,29,159,Delayed,130,Long Haul,Poor
12259,Delta,6790,84,9,Delayed,-75,Medium Long,Good
12260,Emirates,5747,125,189,OnTime,64,Medium Long,Poor
12261,Emirates,7973,128,21,OnTime,-107,Long Haul,Good
12262,Indigo,6436,4,9,Delayed,5,Medium Long,Good
12263,Lufthansa,11468,145,104,OnTime,-41,Long Haul,Poor
12264,Indigo,4120,48,70,OnTime,22,Medium Long,Poor
12265,Emirates,9505,105,2,Delayed,-103,Long Haul,Good
12266,Delta,10459,138,112,OnTime,-26,Long Haul,Poor
12267,Delta,1548,141,153,OnTime,12,Short Haul,Poor
12268,Lufthansa,7263,95,51,Delayed,-44,Long Haul,Poor
12269,Emirates,3266,5,84,Delayed,79,Medium Long,Poor
12270,Indigo,1323,135,138,OnTime,3,Short Haul,Poor
12271,Emirates,9742,103,63,Delayed,-40,Long Haul,Poor
12272,Lufthansa,7716,9,70,Delayed,61,Long Haul,Poor
12273,Indigo,7813,161,102,Delayed,-59,Long Haul,Poor
12274,Lufthansa,11870,85,93,OnTime,8,Long Haul,Poor
12275,Emirates,3785,32,8,OnTime,-24,Medium Long,Good
12276,Delta,11930,152,40,Delayed,-112,Long Haul,Poor
12277,Emirates,1425,78,56,OnTime,-22,Short Haul,Poor
12278,Indigo,8527,169,178,OnTime,9,Long Haul,Poor
12279,Lufthansa,5899,24,128,Delayed,104,Medium Long,Poor
12280,Indigo,5428,47,146,OnTime,99,Medium Long,Poor
12281,Lufthansa,8509,122,2,OnTime,-120,Long Haul,Good
12282,Emirates,10573,53,111,OnTime,58,Long Haul,Poor
12283,Delta,5564,120,57,OnTime,-63,Medium Long,Poor
12284,Lufthansa,5913,37,99,OnTime,62,Medium Long,Poor
12285,Lufthansa,10974,147,197,OnTime,50,Long Haul,Poor
12286,Delta,1923,137,197,OnTime,60,Short Haul,Poor
12287,Indigo,7060,160,54,Delayed,-106,Long Haul,Poor
12288,Lufthansa,6514,92,118,OnTime,26,Medium Long,Poor
12289,Indigo,6345,121,95,Delayed,-26,Medium Long,Poor
12290,Indigo,5153,90,31,Delayed,-59,Medium Long,Poor
12291,Delta,4619,49,111,OnTime,62,Medium Long,Poor
12292,Delta,6776,137,97,Delayed,-40,Medium Long,Poor
12293,Indigo,3351,158,112,Delayed,-46,Medium Long,Poor
12294,Delta,11252,13,192,Delayed,179,Long Haul,Poor
12295,Indigo,10464,31,17,Delayed,-14,Long Haul,Good
12296,Delta,2103,53,167,OnTime,114,Short Haul,Poor
12297,Emirates,11200,87,38,OnTime,-49,Long Haul,Poor
12298,Emirates,9512,160,21,Delayed,-139,Long Haul,Good
12299,Lufthansa,9122,171,60,OnTime,-111,Long Haul,Poor
12300,Delta,5621,115,193,Delayed,78,Medium Long,Poor
12301,Lufthansa,3413,121,178,Delayed,57,Medium Long,Poor
12302,Indigo,10139,75,124,Delayed,49,Long Haul,Poor
12303,Emirates,341,158,10,OnTime,-148,Short Haul,Good
12304,Emirates,4049,87,141,Delayed,54,Medium Long,Poor
12305,Indigo,11802,43,86,Delayed,43,Long Haul,Poor
12306,Indigo,6190,27,53,Delayed,26,Medium Long,Poor
12307,Indigo,8056,146,32,OnTime,-114,Long Haul,Poor
12308,Lufthansa,9575,42,154,OnTime,112,Long Haul,Poor
12309,Emirates,866,25,119,OnTime,94,Short Haul,Poor
12310,Delta,935,68,0,Delayed,-68,Short Haul,Good
12311,Emirates,1708,11,19,Delayed,8,Short Haul,Good
12312,Delta,7721,9,142,OnTime,133,Long Haul,Poor
12313,Lufthansa,7119,98,170,OnTime,72,Long Haul,Poor
12314,Lufthansa,284,16,57,OnTime,41,Short Haul,Poor
12315,Delta,1079,110,181,OnTime,71,Short Haul,Poor
12316,Lufthansa,6821,106,4,Delayed,-102,Medium Long,Good
12317,Lufthansa,5034,50,68,OnTime,18,Medium Long,Poor
12318,Emirates,10688,143,93,OnTime,-50,Long Haul,Poor
12319,Lufthansa,11416,105,81,Delayed,-24,Long Haul,Poor
12320,Emirates,11226,93,87,Delayed,-6,Long Haul,Poor
12321,Lufthansa,8408,1,189,Delayed,188,Long Haul,Poor
12322,Delta,6394,48,57,Delayed,9,Medium Long,Poor
12323,Emirates,2170,49,66,Delayed,17,Short Haul,Poor
12324,Lufthansa,9031,31,125,Delayed,94,Long Haul,Poor
12325,Emirates,7129,7,110,OnTime,103,Long Haul,Poor
12326,Delta,3776,24,194,Delayed,170,Medium Long,Poor
12327,Emirates,1398,156,192,OnTime,36,Short Haul,Poor
12328,Emirates,1568,42,166,Delayed,124,Short Haul,Poor
12329,Lufthansa,6446,67,70,Delayed,3,Medium Long,Poor
12330,Delta,7455,35,47,OnTime,12,Long Haul,Poor
12331,Indigo,595,100,9,Delayed,-91,Short Haul,Good
12332,Delta,2181,30,187,OnTime,157,Short Haul,Poor
12333,Indigo,11938,146,22,Delayed,-124,Long Haul,Good
12334,Lufthansa,8523,160,151,OnTime,-9,Long Haul,Poor
12335,Lufthansa,2504,94,114,Delayed,20,Short Haul,Poor
12336,Indigo,3446,48,51,OnTime,3,Medium Long,Poor
12337,Indigo,8476,70,30,Delayed,-40,Long Haul,Good
12338,Delta,5600,8,146,OnTime,138,Medium Long,Poor
12339,Delta,8848,34,71,Delayed,37,Long Haul,Poor
12340,Emirates,8954,133,29,OnTime,-104,Long Haul,Good
12341,Indigo,7289,123,76,Delayed,-47,Long Haul,Poor
12342,Emirates,3282,146,166,OnTime,20,Medium Long,Poor
12343,Emirates,2396,98,35,Delayed,-63,Short Haul,Poor
12344,Delta,1241,170,126,OnTime,-44,Short Haul,Poor
12345,Emirates,10964,127,99,Delayed,-28,Long Haul,Poor
12346,Delta,11630,128,197,OnTime,69,Long Haul,Poor
12347,Lufthansa,10642,121,121,OnTime,0,Long Haul,Poor
12348,Lufthansa,9426,105,44,OnTime,-61,Long Haul,Poor
12349,Delta,7177,34,107,Delayed,73,Long Haul,Poor
12350,Lufthansa,1203,94,156,Delayed,62,Short Haul,Poor
12351,Emirates,8976,54,50,Delayed,-4,Long Haul,Poor
12352,Lufthansa,3632,34,159,Delayed,125,Medium Long,Poor
12353,Emirates,7950,132,175,OnTime,43,Long Haul,Poor
12354,Emirates,6382,99,64,OnTime,-35,Medium Long,Poor
12355,Delta,3207,8,109,OnTime,101,Medium Long,Poor
12356,Delta,6571,106,167,OnTime,61,Medium Long,Poor
12357,Delta,3125,87,76,Delayed,-11,Medium Long,Poor
12358,Delta,11582,176,160,Delayed,-16,Long Haul,Poor
12359,Lufthansa,11127,144,189,Delayed,45,Long Haul,Poor
12360,Lufthansa,3366,135,113,Delayed,-22,Medium Long,Poor
12361,Emirates,6685,103,176,Delayed,73,Medium Long,Poor
12362,Emirates,4672,28,59,Delayed,31,Medium Long,Poor
12363,Lufthansa,10998,132,163,OnTime,31,Long Haul,Poor
12364,Delta,3793,146,118,Delayed,-28,Medium Long,Poor
12365,Indigo,3783,26,148,Delayed,122,Medium Long,Poor
12366,Delta,4783,118,72,Delayed,-46,Medium Long,Poor
12367,Delta,11018,33,12,OnTime,-21,Long Haul,Good
12368,Emirates,10237,104,34,OnTime,-70,Long Haul,Poor
12369,Emirates,9175,75,171,Delayed,96,Long Haul,Poor
12370,Emirates,8485,107,45,Delayed,-62,Long Haul,Poor
12371,Delta,5585,177,159,Delayed,-18,Medium Long,Poor
12372,Delta,4591,132,157,Delayed,25,Medium Long,Poor
12373,Emirates,6012,97,66,Delayed,-31,Medium Long,Poor
12374,Indigo,8682,59,14,Delayed,-45,Long Haul,Good
12375,Indigo,9296,65,153,Delayed,88,Long Haul,Poor
12376,Emirates,1750,112,170,OnTime,58,Short Haul,Poor
12377,Delta,6974,124,158,Delayed,34,Medium Long,Poor
12378,Emirates,9132,153,94,Delayed,-59,Long Haul,Poor
12379,Lufthansa,10939,121,196,OnTime,75,Long Haul,Poor
12380,Indigo,9496,100,84,Delayed,-16,Long Haul,Poor
12381,Delta,3583,96,76,Delayed,-20,Medium Long,Poor
12382,Indigo,7110,58,40,OnTime,-18,Long Haul,Poor
12383,Delta,10635,179,142,OnTime,-37,Long Haul,Poor
12384,Emirates,4815,179,66,OnTime,-113,Medium Long,Poor
12385,Indigo,8273,56,71,Delayed,15,Long Haul,Poor
12386,Lufthansa,5766,13,21,OnTime,8,Medium Long,Good
12387,Delta,6271,18,16,OnTime,-2,Medium Long,Good
12388,Lufthansa,3775,0,94,Delayed,94,Medium Long,Poor
12389,Lufthansa,9896,44,96,Delayed,52,Long Haul,Poor
12390,Lufthansa,9661,162,92,OnTime,-70,Long Haul,Poor
12391,Indigo,10277,107,111,Delayed,4,Long Haul,Poor
12392,Indigo,2765,121,159,OnTime,38,Short Haul,Poor
12393,Delta,2999,84,102,OnTime,18,Short Haul,Poor
12394,Delta,11143,8,196,Delayed,188,Long Haul,Poor
12395,Lufthansa,10514,154,178,Delayed,24,Long Haul,Poor
12396,Indigo,2502,99,18,Delayed,-81,Short Haul,Good
12397,Lufthansa,11368,83,60,Delayed,-23,Long Haul,Poor
12398,Emirates,511,116,133,Delayed,17,Short Haul,Poor
12399,Indigo,11393,4,132,OnTime,128,Long Haul,Poor
12400,Indigo,6864,174,195,OnTime,21,Medium Long,Poor
12401,Lufthansa,696,68,64,OnTime,-4,Short Haul,Poor
12402,Emirates,1329,117,36,OnTime,-81,Short Haul,Poor
12403,Emirates,8782,139,40,Delayed,-99,Long Haul,Poor
12404,Lufthansa,1785,65,27,Delayed,-38,Short Haul,Good
12405,Indigo,5563,151,79,Delayed,-72,Medium Long,Poor
12406,Delta,5510,142,183,OnTime,41,Medium Long,Poor
12407,Emirates,7030,144,137,Delayed,-7,Long Haul,Poor
12408,Emirates,6059,65,87,OnTime,22,Medium Long,Poor
12409,Emirates,1496,58,35,OnTime,-23,Short Haul,Poor
12410,Indigo,1838,172,149,OnTime,-23,Short Haul,Poor
12411,Delta,7903,82,161,Delayed,79,Long Haul,Poor
12412,Emirates,8196,42,99,Delayed,57,Long Haul,Poor
12413,Emirates,446,94,42,OnTime,-52,Short Haul,Poor
12414,Indigo,5602,162,123,Delayed,-39,Medium Long,Poor
12415,Lufthansa,11046,138,124,Delayed,-14,Long Haul,Poor
12416,Delta,8189,62,197,Delayed,135,Long Haul,Poor
12417,Emirates,10003,130,8,Delayed,-122,Long Haul,Good
12418,Lufthansa,5093,16,7,OnTime,-9,Medium Long,Good
12419,Indigo,2152,170,29,OnTime,-141,Short Haul,Good
12420,Lufthansa,10952,129,95,Delayed,-34,Long Haul,Poor
12421,Indigo,3530,25,26,Delayed,1,Medium Long,Good
12422,Delta,5149,0,149,OnTime,149,Medium Long,Poor
12423,Lufthansa,9319,144,158,Delayed,14,Long Haul,Poor
12424,Emirates,2895,82,70,OnTime,-12,Short Haul,Poor
12425,Delta,9009,62,16,Delayed,-46,Long Haul,Good
12426,Lufthansa,9464,145,41,OnTime,-104,Long Haul,Poor
12427,Lufthansa,1880,6,31,Delayed,25,Short Haul,Poor
12428,Delta,2050,121,164,OnTime,43,Short Haul,Poor
12429,Lufthansa,7698,24,149,Delayed,125,Long Haul,Poor
12430,Emirates,6191,125,87,Delayed,-38,Medium Long,Poor
12431,Delta,1496,148,191,Delayed,43,Short Haul,Poor
12432,Emirates,765,174,168,OnTime,-6,Short Haul,Poor
12433,Delta,4986,83,178,OnTime,95,Medium Long,Poor
12434,Indigo,1716,103,43,OnTime,-60,Short Haul,Poor
12435,Delta,8557,125,0,OnTime,-125,Long Haul,Good
12436,Indigo,10034,148,50,Delayed,-98,Long Haul,Poor
12437,Lufthansa,6455,142,171,Delayed,29,Medium Long,Poor
12438,Emirates,2054,98,59,OnTime,-39,Short Haul,Poor
12439,Emirates,11946,98,145,OnTime,47,Long Haul,Poor
12440,Delta,1449,85,25,Delayed,-60,Short Haul,Good
12441,Emirates,1616,105,171,OnTime,66,Short Haul,Poor
12442,Lufthansa,7741,73,71,Delayed,-2,Long Haul,Poor
12443,Emirates,3194,64,58,Delayed,-6,Medium Long,Poor
12444,Lufthansa,2726,173,44,Delayed,-129,Short Haul,Poor
12445,Delta,8680,77,136,Delayed,59,Long Haul,Poor
12446,Indigo,4660,27,165,OnTime,138,Medium Long,Poor
12447,Lufthansa,1554,178,79,Delayed,-99,Short Haul,Poor
12448,Lufthansa,8416,10,80,OnTime,70,Long Haul,Poor
12449,Indigo,8870,81,91,OnTime,10,Long Haul,Poor
12450,Delta,9834,13,186,Delayed,173,Long Haul,Poor
12451,Indigo,5978,140,193,OnTime,53,Medium Long,Poor
12452,Delta,3160,66,154,OnTime,88,Medium Long,Poor
12453,Delta,6394,57,130,OnTime,73,Medium Long,Poor
12454,Delta,981,161,130,Delayed,-31,Short Haul,Poor
12455,Emirates,6233,50,95,Delayed,45,Medium Long,Poor
12456,Indigo,7498,93,88,OnTime,-5,Long Haul,Poor
12457,Indigo,3125,66,28,OnTime,-38,Medium Long,Good
12458,Emirates,4217,52,74,OnTime,22,Medium Long,Poor
12459,Lufthansa,7291,89,190,OnTime,101,Long Haul,Poor
12460,Indigo,1683,43,119,OnTime,76,Short Haul,Poor
12461,Delta,6318,11,36,OnTime,25,Medium Long,Poor
12462,Delta,10939,170,105,Delayed,-65,Long Haul,Poor
12463,Emirates,7006,96,37,Delayed,-59,Long Haul,Poor
12464,Emirates,11014,5,29,OnTime,24,Long Haul,Good
12465,Lufthansa,10045,178,102,Delayed,-76,Long Haul,Poor
12466,Delta,3244,44,166,Delayed,122,Medium Long,Poor
12467,Indigo,6865,26,152,Delayed,126,Medium Long,Poor
12468,Indigo,10348,28,73,OnTime,45,Long Haul,Poor
12469,Lufthansa,10008,42,170,Delayed,128,Long Haul,Poor
12470,Emirates,4817,11,70,Delayed,59,Medium Long,Poor
12471,Delta,6945,150,17,Delayed,-133,Medium Long,Good
12472,Lufthansa,10071,144,179,OnTime,35,Long Haul,Poor
12473,Indigo,1509,123,111,Delayed,-12,Short Haul,Poor
12474,Delta,2279,8,56,Delayed,48,Short Haul,Poor
12475,Lufthansa,8557,19,104,OnTime,85,Long Haul,Poor
12476,Lufthansa,7539,82,27,Delayed,-55,Long Haul,Good
12477,Delta,10285,95,99,Delayed,4,Long Haul,Poor
12478,Emirates,11621,34,186,OnTime,152,Long Haul,Poor
12479,Emirates,1233,127,49,OnTime,-78,Short Haul,Poor
12480,Delta,5195,170,21,OnTime,-149,Medium Long,Good
12481,Delta,7761,31,46,Delayed,15,Long Haul,Poor
12482,Emirates,4362,27,134,OnTime,107,Medium Long,Poor
12483,Delta,10881,79,159,Delayed,80,Long Haul,Poor
12484,Lufthansa,2921,38,102,Delayed,64,Short Haul,Poor
12485,Lufthansa,4620,130,75,Delayed,-55,Medium Long,Poor
12486,Emirates,597,31,167,OnTime,136,Short Haul,Poor
12487,Lufthansa,5403,76,170,OnTime,94,Medium Long,Poor
12488,Emirates,4101,157,121,OnTime,-36,Medium Long,Poor
12489,Emirates,7614,112,184,OnTime,72,Long Haul,Poor
12490,Indigo,1326,150,165,Delayed,15,Short Haul,Poor
12491,Emirates,10504,23,65,OnTime,42,Long Haul,Poor
12492,Lufthansa,3907,16,65,OnTime,49,Medium Long,Poor
12493,Delta,5805,154,175,Delayed,21,Medium Long,Poor
12494,Lufthansa,8776,50,58,Delayed,8,Long Haul,Poor
12495,Emirates,8761,106,125,OnTime,19,Long Haul,Poor
12496,Lufthansa,2549,131,182,OnTime,51,Short Haul,Poor
12497,Lufthansa,8356,152,82,OnTime,-70,Long Haul,Poor
12498,Indigo,5100,13,51,Delayed,38,Medium Long,Poor
12499,Lufthansa,6788,130,112,Delayed,-18,Medium Long,Poor
12500,Lufthansa,10414,112,195,OnTime,83,Long Haul,Poor
12501,Lufthansa,4097,67,63,Delayed,-4,Medium Long,Poor
12502,Delta,5327,23,1,OnTime,-22,Medium Long,Good
12503,Indigo,5424,21,131,Delayed,110,Medium Long,Poor
12504,Lufthansa,10455,143,149,OnTime,6,Long Haul,Poor
12505,Emirates,8437,64,63,Delayed,-1,Long Haul,Poor
12506,Delta,5436,63,89,Delayed,26,Medium Long,Poor
12507,Emirates,2682,14,45,Delayed,31,Short Haul,Poor
12508,Indigo,9240,157,44,Delayed,-113,Long Haul,Poor
12509,Emirates,2472,26,106,OnTime,80,Short Haul,Poor
12510,Indigo,666,115,186,Delayed,71,Short Haul,Poor
12511,Delta,3043,12,2,Delayed,-10,Medium Long,Good
12512,Lufthansa,5529,62,187,OnTime,125,Medium Long,Poor
12513,Delta,7446,31,98,Delayed,67,Long Haul,Poor
12514,Emirates,6022,20,124,Delayed,104,Medium Long,Poor
12515,Indigo,4886,45,107,Delayed,62,Medium Long,Poor
12516,Emirates,2536,3,54,OnTime,51,Short Haul,Poor
12517,Emirates,11604,41,116,Delayed,75,Long Haul,Poor
12518,Delta,11890,29,33,Delayed,4,Long Haul,Poor
12519,Delta,8037,103,126,OnTime,23,Long Haul,Poor
12520,Delta,9184,22,55,OnTime,33,Long Haul,Poor
12521,Lufthansa,2857,107,166,Delayed,59,Short Haul,Poor
12522,Lufthansa,4227,122,167,OnTime,45,Medium Long,Poor
12523,Delta,11624,23,142,OnTime,119,Long Haul,Poor
12524,Emirates,10486,151,161,Delayed,10,Long Haul,Poor
12525,Lufthansa,6087,112,129,OnTime,17,Medium Long,Poor
12526,Delta,284,52,98,OnTime,46,Short Haul,Poor
12527,Lufthansa,1069,38,146,OnTime,108,Short Haul,Poor
12528,Emirates,11478,52,187,OnTime,135,Long Haul,Poor
12529,Emirates,2537,58,19,Delayed,-39,Short Haul,Good
12530,Indigo,6403,143,84,OnTime,-59,Medium Long,Poor
12531,Emirates,6420,26,25,OnTime,-1,Medium Long,Good
12532,Lufthansa,9695,139,164,OnTime,25,Long Haul,Poor
12533,Indigo,1531,94,95,Delayed,1,Short Haul,Poor
12534,Indigo,979,89,167,OnTime,78,Short Haul,Poor
12535,Indigo,9430,108,95,OnTime,-13,Long Haul,Poor
12536,Indigo,4095,19,63,OnTime,44,Medium Long,Poor
12537,Emirates,6399,104,158,Delayed,54,Medium Long,Poor
12538,Indigo,8218,172,114,Delayed,-58,Long Haul,Poor
12539,Emirates,336,178,68,OnTime,-110,Short Haul,Poor
12540,Emirates,6647,84,127,Delayed,43,Medium Long,Poor
12541,Delta,9790,28,138,Delayed,110,Long Haul,Poor
12542,Emirates,7178,7,53,OnTime,46,Long Haul,Poor
12543,Delta,6611,38,157,OnTime,119,Medium Long,Poor
12544,Emirates,3067,79,14,OnTime,-65,Medium Long,Good
12545,Delta,3973,54,188,OnTime,134,Medium Long,Poor
12546,Lufthansa,4490,147,117,Delayed,-30,Medium Long,Poor
12547,Indigo,8203,24,75,OnTime,51,Long Haul,Poor
12548,Lufthansa,1497,77,20,OnTime,-57,Short Haul,Good
12549,Indigo,11776,40,119,Delayed,79,Long Haul,Poor
12550,Emirates,3502,159,37,OnTime,-122,Medium Long,Poor
12551,Indigo,9042,27,17,Delayed,-10,Long Haul,Good
12552,Indigo,2542,40,72,Delayed,32,Short Haul,Poor
12553,Emirates,9506,141,161,OnTime,20,Long Haul,Poor
12554,Indigo,6296,67,108,Delayed,41,Medium Long,Poor
12555,Delta,7929,134,183,Delayed,49,Long Haul,Poor
12556,Delta,221,144,13,OnTime,-131,Short Haul,Good
12557,Indigo,840,20,42,Delayed,22,Short Haul,Poor
12558,Emirates,5128,140,65,Delayed,-75,Medium Long,Poor
12559,Lufthansa,251,4,141,OnTime,137,Short Haul,Poor
12560,Emirates,4598,87,190,OnTime,103,Medium Long,Poor
12561,Indigo,4988,48,7,OnTime,-41,Medium Long,Good
12562,Lufthansa,1997,61,76,OnTime,15,Short Haul,Poor
12563,Emirates,11134,20,43,OnTime,23,Long Haul,Poor
12564,Lufthansa,839,8,66,Delayed,58,Short Haul,Poor
12565,Emirates,4761,149,45,OnTime,-104,Medium Long,Poor
12566,Lufthansa,6399,136,181,OnTime,45,Medium Long,Poor
12567,Delta,11536,170,39,OnTime,-131,Long Haul,Poor
12568,Delta,9543,141,154,Delayed,13,Long Haul,Poor
12569,Lufthansa,552,157,72,Delayed,-85,Short Haul,Poor
12570,Delta,9773,122,180,Delayed,58,Long Haul,Poor
12571,Delta,8519,44,38,OnTime,-6,Long Haul,Poor
12572,Indigo,9762,37,93,OnTime,56,Long Haul,Poor
12573,Indigo,3220,130,49,Delayed,-81,Medium Long,Poor
12574,Indigo,4529,118,153,Delayed,35,Medium Long,Poor
12575,Emirates,2868,79,29,OnTime,-50,Short Haul,Good
12576,Emirates,2057,19,150,OnTime,131,Short Haul,Poor
12577,Lufthansa,3463,88,12,OnTime,-76,Medium Long,Good
12578,Delta,1295,80,146,OnTime,66,Short Haul,Poor
12579,Emirates,3657,153,177,Delayed,24,Medium Long,Poor
12580,Indigo,7430,89,180,OnTime,91,Long Haul,Poor
12581,Indigo,4137,98,21,OnTime,-77,Medium Long,Good
12582,Delta,9384,176,2,OnTime,-174,Long Haul,Good
12583,Emirates,5226,170,110,Delayed,-60,Medium Long,Poor
12584,Lufthansa,9775,10,182,OnTime,172,Long Haul,Poor
12585,Delta,8435,132,144,Delayed,12,Long Haul,Poor
12586,Indigo,7524,107,136,Delayed,29,Long Haul,Poor
12587,Lufthansa,11283,166,92,Delayed,-74,Long Haul,Poor
12588,Indigo,6817,68,43,Delayed,-25,Medium Long,Poor
12589,Lufthansa,4510,57,116,OnTime,59,Medium Long,Poor
12590,Indigo,4575,2,134,OnTime,132,Medium Long,Poor
12591,Delta,7989,167,165,OnTime,-2,Long Haul,Poor
12592,Lufthansa,1629,101,76,OnTime,-25,Short Haul,Poor
12593,Delta,9736,33,141,OnTime,108,Long Haul,Poor
12594,Emirates,1428,111,69,OnTime,-42,Short Haul,Poor
12595,Indigo,8244,5,144,OnTime,139,Long Haul,Poor
12596,Indigo,9048,146,94,OnTime,-52,Long Haul,Poor
12597,Emirates,8546,138,138,Delayed,0,Long Haul,Poor
12598,Lufthansa,2042,77,194,OnTime,117,Short Haul,Poor
12599,Lufthansa,4371,96,104,OnTime,8,Medium Long,Poor
12600,Delta,2869,153,73,Delayed,-80,Short Haul,Poor
12601,Emirates,10018,45,32,Delayed,-13,Long Haul,Poor
12602,Delta,5644,108,79,OnTime,-29,Medium Long,Poor
12603,Delta,7150,110,140,OnTime,30,Long Haul,Poor
12604,Lufthansa,4341,6,121,OnTime,115,Medium Long,Poor
12605,Emirates,5828,2,124,OnTime,122,Medium Long,Poor
12606,Lufthansa,10418,18,51,Delayed,33,Long Haul,Poor
12607,Lufthansa,6264,119,5,OnTime,-114,Medium Long,Good
12608,Lufthansa,8926,132,12,OnTime,-120,Long Haul,Good
12609,Lufthansa,588,72,41,OnTime,-31,Short Haul,Poor
12610,Indigo,8700,149,13,OnTime,-136,Long Haul,Good
12611,Indigo,1676,10,181,OnTime,171,Short Haul,Poor
12612,Indigo,3145,31,97,OnTime,66,Medium Long,Poor
12613,Delta,3349,114,131,OnTime,17,Medium Long,Poor
12614,Emirates,1106,0,93,Delayed,93,Short Haul,Poor
12615,Indigo,6753,91,63,OnTime,-28,Medium Long,Poor
12616,Lufthansa,353,41,18,OnTime,-23,Short Haul,Good
12617,Delta,2397,150,162,OnTime,12,Short Haul,Poor
12618,Indigo,9264,20,141,OnTime,121,Long Haul,Poor
12619,Emirates,8246,123,129,Delayed,6,Long Haul,Poor
12620,Lufthansa,1515,152,88,Delayed,-64,Short Haul,Poor
12621,Emirates,3116,146,59,OnTime,-87,Medium Long,Poor
12622,Lufthansa,11529,64,174,Delayed,110,Long Haul,Poor
12623,Emirates,7892,71,91,Delayed,20,Long Haul,Poor
12624,Lufthansa,5152,63,93,Delayed,30,Medium Long,Poor
12625,Lufthansa,8425,3,12,OnTime,9,Long Haul,Good
12626,Emirates,3602,51,21,OnTime,-30,Medium Long,Good
12627,Indigo,10858,168,65,OnTime,-103,Long Haul,Poor
12628,Lufthansa,8253,79,190,OnTime,111,Long Haul,Poor
12629,Lufthansa,10024,33,2,OnTime,-31,Long Haul,Good
12630,Indigo,7625,176,77,Delayed,-99,Long Haul,Poor
12631,Lufthansa,1876,11,52,Delayed,41,Short Haul,Poor
12632,Indigo,11767,73,126,Delayed,53,Long Haul,Poor
12633,Lufthansa,3552,7,175,Delayed,168,Medium Long,Poor
12634,Indigo,5830,140,129,Delayed,-11,Medium Long,Poor
12635,Indigo,9884,157,186,OnTime,29,Long Haul,Poor
12636,Indigo,6520,41,183,Delayed,142,Medium Long,Poor
12637,Lufthansa,10016,90,85,Delayed,-5,Long Haul,Poor
12638,Lufthansa,7893,124,111,OnTime,-13,Long Haul,Poor
12639,Emirates,9995,83,67,Delayed,-16,Long Haul,Poor
12640,Emirates,5122,21,4,OnTime,-17,Medium Long,Good
12641,Lufthansa,6317,111,77,OnTime,-34,Medium Long,Poor
12642,Emirates,11254,125,88,OnTime,-37,Long Haul,Poor
12643,Emirates,3417,132,188,OnTime,56,Medium Long,Poor
12644,Indigo,10174,21,109,Delayed,88,Long Haul,Poor
12645,Delta,1836,93,124,Delayed,31,Short Haul,Poor
12646,Delta,10441,19,160,Delayed,141,Long Haul,Poor
12647,Indigo,1863,137,33,Delayed,-104,Short Haul,Poor
12648,Delta,2143,160,37,OnTime,-123,Short Haul,Poor
12649,Emirates,8397,9,14,Delayed,5,Long Haul,Good
12650,Delta,6692,174,29,OnTime,-145,Medium Long,Good
12651,Lufthansa,4872,119,127,Delayed,8,Medium Long,Poor
12652,Indigo,2547,79,57,OnTime,-22,Short Haul,Poor
12653,Delta,938,105,110,Delayed,5,Short Haul,Poor
12654,Delta,2787,50,189,Delayed,139,Short Haul,Poor
12655,Lufthansa,1900,143,65,Delayed,-78,Short Haul,Poor
12656,Delta,11798,43,103,OnTime,60,Long Haul,Poor
12657,Delta,2837,12,170,Delayed,158,Short Haul,Poor
12658,Emirates,9181,95,136,OnTime,41,Long Haul,Poor
12659,Indigo,10991,65,184,Delayed,119,Long Haul,Poor
12660,Emirates,2411,98,180,OnTime,82,Short Haul,Poor
12661,Delta,1725,179,100,Delayed,-79,Short Haul,Poor
12662,Delta,8260,148,58,Delayed,-90,Long Haul,Poor
12663,Indigo,7197,1,110,OnTime,109,Long Haul,Poor
12664,Indigo,6602,93,153,OnTime,60,Medium Long,Poor
12665,Delta,7957,116,43,OnTime,-73,Long Haul,Poor
12666,Indigo,4816,177,194,OnTime,17,Medium Long,Poor
12667,Lufthansa,10791,61,112,Delayed,51,Long Haul,Poor
12668,Emirates,9206,93,119,Delayed,26,Long Haul,Poor
12669,Indigo,1232,8,76,Delayed,68,Short Haul,Poor
12670,Delta,5550,56,91,Delayed,35,Medium Long,Poor
12671,Emirates,8916,83,174,OnTime,91,Long Haul,Poor
12672,Lufthansa,7005,108,187,Delayed,79,Long Haul,Poor
12673,Emirates,4873,108,42,Delayed,-66,Medium Long,Poor
12674,Lufthansa,1380,43,179,OnTime,136,Short Haul,Poor
12675,Indigo,1930,11,143,OnTime,132,Short Haul,Poor
12676,Lufthansa,4899,40,183,Delayed,143,Medium Long,Poor
12677,Emirates,8389,48,135,Delayed,87,Long Haul,Poor
12678,Indigo,2637,20,103,OnTime,83,Short Haul,Poor
12679,Lufthansa,2568,164,143,Delayed,-21,Short Haul,Poor
12680,Emirates,9396,176,178,Delayed,2,Long Haul,Poor
12681,Delta,10753,77,51,Delayed,-26,Long Haul,Poor
12682,Emirates,9244,161,175,Delayed,14,Long Haul,Poor
12683,Indigo,4891,124,97,Delayed,-27,Medium Long,Poor
12684,Lufthansa,9315,21,109,OnTime,88,Long Haul,Poor
12685,Delta,10023,34,164,OnTime,130,Long Haul,Poor
12686,Lufthansa,2998,77,185,Delayed,108,Short Haul,Poor
12687,Lufthansa,6183,22,69,Delayed,47,Medium Long,Poor
12688,Emirates,1489,99,20,Delayed,-79,Short Haul,Good
12689,Emirates,9305,86,124,Delayed,38,Long Haul,Poor
12690,Lufthansa,11063,69,51,Delayed,-18,Long Haul,Poor
12691,Delta,9330,110,185,Delayed,75,Long Haul,Poor
12692,Indigo,10559,103,24,Delayed,-79,Long Haul,Good
12693,Delta,4276,179,55,OnTime,-124,Medium Long,Poor
12694,Delta,5237,69,106,Delayed,37,Medium Long,Poor
12695,Indigo,10341,75,140,OnTime,65,Long Haul,Poor
12696,Emirates,9813,70,70,OnTime,0,Long Haul,Poor
12697,Indigo,2756,18,104,OnTime,86,Short Haul,Poor
12698,Delta,2900,50,125,Delayed,75,Short Haul,Poor
12699,Emirates,4162,83,133,Delayed,50,Medium Long,Poor
12700,Lufthansa,9642,19,159,OnTime,140,Long Haul,Poor
12701,Lufthansa,10413,106,55,OnTime,-51,Long Haul,Poor
12702,Emirates,7382,46,139,Delayed,93,Long Haul,Poor
12703,Indigo,8698,130,97,OnTime,-33,Long Haul,Poor
12704,Lufthansa,6226,18,58,OnTime,40,Medium Long,Poor
12705,Lufthansa,2028,95,24,OnTime,-71,Short Haul,Good
12706,Delta,4479,179,190,Delayed,11,Medium Long,Poor
12707,Emirates,10996,160,29,Delayed,-131,Long Haul,Good
12708,Emirates,1399,156,86,OnTime,-70,Short Haul,Poor
12709,Emirates,7574,54,126,Delayed,72,Long Haul,Poor
12710,Lufthansa,8506,8,180,Delayed,172,Long Haul,Poor
12711,Indigo,7224,47,92,Delayed,45,Long Haul,Poor
12712,Delta,6689,155,111,Delayed,-44,Medium Long,Poor
12713,Emirates,4973,56,12,Delayed,-44,Medium Long,Good
12714,Emirates,5078,69,172,OnTime,103,Medium Long,Poor
12715,Lufthansa,6614,30,54,Delayed,24,Medium Long,Poor
12716,Lufthansa,1135,73,177,Delayed,104,Short Haul,Poor
12717,Indigo,3082,126,68,OnTime,-58,Medium Long,Poor
12718,Delta,11042,0,76,OnTime,76,Long Haul,Poor
12719,Indigo,1699,21,61,Delayed,40,Short Haul,Poor
12720,Emirates,3320,17,153,Delayed,136,Medium Long,Poor
12721,Emirates,4417,7,119,Delayed,112,Medium Long,Poor
12722,Lufthansa,3879,96,11,OnTime,-85,Medium Long,Good
12723,Delta,10702,37,61,OnTime,24,Long Haul,Poor
12724,Indigo,11561,44,195,Delayed,151,Long Haul,Poor
12725,Lufthansa,1661,32,25,Delayed,-7,Short Haul,Good
12726,Lufthansa,4527,85,31,OnTime,-54,Medium Long,Poor
12727,Delta,6554,64,83,Delayed,19,Medium Long,Poor
12728,Lufthansa,3819,84,179,OnTime,95,Medium Long,Poor
12729,Lufthansa,4255,58,68,OnTime,10,Medium Long,Poor
12730,Indigo,8028,38,67,Delayed,29,Long Haul,Poor
12731,Indigo,11379,142,62,OnTime,-80,Long Haul,Poor
12732,Indigo,430,60,8,Delayed,-52,Short Haul,Good
12733,Indigo,6501,159,137,OnTime,-22,Medium Long,Poor
12734,Lufthansa,11295,159,32,Delayed,-127,Long Haul,Poor
12735,Indigo,6532,137,150,Delayed,13,Medium Long,Poor
12736,Indigo,10012,76,123,OnTime,47,Long Haul,Poor
12737,Lufthansa,11391,90,137,Delayed,47,Long Haul,Poor
12738,Emirates,5040,173,111,OnTime,-62,Medium Long,Poor
12739,Delta,10162,4,102,Delayed,98,Long Haul,Poor
12740,Lufthansa,8810,154,41,Delayed,-113,Long Haul,Poor
12741,Lufthansa,7981,109,185,Delayed,76,Long Haul,Poor
12742,Emirates,8124,14,90,Delayed,76,Long Haul,Poor
12743,Emirates,4669,168,186,OnTime,18,Medium Long,Poor
12744,Indigo,10906,82,99,Delayed,17,Long Haul,Poor
12745,Lufthansa,9940,16,79,OnTime,63,Long Haul,Poor
12746,Lufthansa,10712,103,36,OnTime,-67,Long Haul,Poor
12747,Indigo,8180,1,134,Delayed,133,Long Haul,Poor
12748,Delta,6562,172,173,OnTime,1,Medium Long,Poor
12749,Emirates,7365,82,133,OnTime,51,Long Haul,Poor
12750,Lufthansa,817,126,163,Delayed,37,Short Haul,Poor
12751,Emirates,2526,14,50,OnTime,36,Short Haul,Poor
12752,Indigo,2921,46,132,OnTime,86,Short Haul,Poor
12753,Delta,11498,93,64,OnTime,-29,Long Haul,Poor
12754,Indigo,3222,10,157,OnTime,147,Medium Long,Poor
12755,Emirates,6873,97,139,Delayed,42,Medium Long,Poor
12756,Delta,5182,79,12,Delayed,-67,Medium Long,Good
12757,Emirates,6463,59,50,Delayed,-9,Medium Long,Poor
12758,Delta,3630,23,47,OnTime,24,Medium Long,Poor
12759,Emirates,3097,27,195,OnTime,168,Medium Long,Poor
12760,Lufthansa,3922,135,2,Delayed,-133,Medium Long,Good
12761,Lufthansa,11293,141,26,Delayed,-115,Long Haul,Good
12762,Delta,7006,101,99,OnTime,-2,Long Haul,Poor
12763,Emirates,8075,178,9,OnTime,-169,Long Haul,Good
12764,Lufthansa,3996,153,168,OnTime,15,Medium Long,Poor
12765,Lufthansa,4440,29,25,OnTime,-4,Medium Long,Good
12766,Emirates,9519,23,195,OnTime,172,Long Haul,Poor
12767,Lufthansa,11939,48,109,OnTime,61,Long Haul,Poor
12768,Emirates,7795,12,40,OnTime,28,Long Haul,Poor
12769,Lufthansa,5831,43,26,OnTime,-17,Medium Long,Good
12770,Delta,5604,179,43,OnTime,-136,Medium Long,Poor
12771,Indigo,1150,145,94,Delayed,-51,Short Haul,Poor
12772,Emirates,8020,152,26,Delayed,-126,Long Haul,Good
12773,Lufthansa,7500,131,116,Delayed,-15,Long Haul,Poor
12774,Emirates,790,116,75,OnTime,-41,Short Haul,Poor
12775,Emirates,5691,3,179,Delayed,176,Medium Long,Poor
12776,Indigo,10761,171,2,Delayed,-169,Long Haul,Good
12777,Delta,11367,119,30,OnTime,-89,Long Haul,Good
12778,Delta,8333,85,45,Delayed,-40,Long Haul,Poor
12779,Delta,3615,126,31,OnTime,-95,Medium Long,Poor
12780,Delta,8530,23,8,OnTime,-15,Long Haul,Good
12781,Delta,8444,62,158,OnTime,96,Long Haul,Poor
12782,Lufthansa,5727,30,139,Delayed,109,Medium Long,Poor
12783,Delta,9524,87,171,Delayed,84,Long Haul,Poor
12784,Lufthansa,2834,94,83,OnTime,-11,Short Haul,Poor
12785,Lufthansa,10800,176,102,Delayed,-74,Long Haul,Poor
12786,Indigo,6535,153,79,Delayed,-74,Medium Long,Poor
12787,Lufthansa,2880,55,161,Delayed,106,Short Haul,Poor
12788,Lufthansa,921,37,99,Delayed,62,Short Haul,Poor
12789,Lufthansa,3584,45,67,Delayed,22,Medium Long,Poor
12790,Lufthansa,5849,121,176,Delayed,55,Medium Long,Poor
12791,Indigo,2532,83,81,OnTime,-2,Short Haul,Poor
12792,Emirates,554,94,168,OnTime,74,Short Haul,Poor
12793,Indigo,3272,103,19,OnTime,-84,Medium Long,Good
12794,Indigo,5176,102,157,Delayed,55,Medium Long,Poor
12795,Delta,1721,37,43,Delayed,6,Short Haul,Poor
12796,Lufthansa,6160,14,129,Delayed,115,Medium Long,Poor
12797,Emirates,8372,40,97,Delayed,57,Long Haul,Poor
12798,Lufthansa,11034,74,188,Delayed,114,Long Haul,Poor
12799,Emirates,4583,153,163,OnTime,10,Medium Long,Poor
12800,Indigo,3295,138,48,OnTime,-90,Medium Long,Poor
12801,Emirates,8589,138,102,OnTime,-36,Long Haul,Poor
12802,Lufthansa,1268,45,21,Delayed,-24,Short Haul,Good
12803,Emirates,9076,51,5,Delayed,-46,Long Haul,Good
12804,Lufthansa,6350,5,184,OnTime,179,Medium Long,Poor
12805,Delta,4551,129,105,Delayed,-24,Medium Long,Poor
12806,Lufthansa,8498,93,80,OnTime,-13,Long Haul,Poor
12807,Emirates,3684,24,137,OnTime,113,Medium Long,Poor
12808,Delta,5075,43,65,OnTime,22,Medium Long,Poor
12809,Delta,8888,8,136,Delayed,128,Long Haul,Poor
12810,Indigo,10155,128,133,OnTime,5,Long Haul,Poor
12811,Emirates,1245,167,194,Delayed,27,Short Haul,Poor
12812,Lufthansa,4479,118,98,OnTime,-20,Medium Long,Poor
12813,Indigo,484,135,47,OnTime,-88,Short Haul,Poor
12814,Indigo,1286,115,61,Delayed,-54,Short Haul,Poor
12815,Emirates,4032,44,173,Delayed,129,Medium Long,Poor
12816,Delta,963,177,135,Delayed,-42,Short Haul,Poor
12817,Indigo,3467,165,92,OnTime,-73,Medium Long,Poor
12818,Emirates,6567,146,66,OnTime,-80,Medium Long,Poor
12819,Lufthansa,10276,132,82,OnTime,-50,Long Haul,Poor
12820,Emirates,9443,153,86,OnTime,-67,Long Haul,Poor
12821,Lufthansa,8071,173,17,OnTime,-156,Long Haul,Good
12822,Lufthansa,9151,160,13,Delayed,-147,Long Haul,Good
12823,Emirates,1516,69,153,Delayed,84,Short Haul,Poor
12824,Emirates,1088,161,110,Delayed,-51,Short Haul,Poor
12825,Lufthansa,6424,24,73,OnTime,49,Medium Long,Poor
12826,Lufthansa,7357,110,99,Delayed,-11,Long Haul,Poor
12827,Emirates,11665,136,160,Delayed,24,Long Haul,Poor
12828,Lufthansa,5812,57,106,OnTime,49,Medium Long,Poor
12829,Emirates,727,54,103,OnTime,49,Short Haul,Poor
12830,Emirates,9189,22,156,Delayed,134,Long Haul,Poor
12831,Indigo,7542,21,15,Delayed,-6,Long Haul,Good
12832,Emirates,11794,52,168,Delayed,116,Long Haul,Poor
12833,Delta,2533,113,133,OnTime,20,Short Haul,Poor
12834,Delta,4911,90,8,OnTime,-82,Medium Long,Good
12835,Delta,11670,5,100,OnTime,95,Long Haul,Poor
12836,Emirates,9155,164,136,Delayed,-28,Long Haul,Poor
12837,Emirates,3795,27,37,OnTime,10,Medium Long,Poor
12838,Delta,3583,121,86,Delayed,-35,Medium Long,Poor
12839,Indigo,1161,91,12,Delayed,-79,Short Haul,Good
12840,Emirates,11351,17,90,Delayed,73,Long Haul,Poor
12841,Lufthansa,8504,45,23,Delayed,-22,Long Haul,Good
12842,Indigo,11250,176,167,OnTime,-9,Long Haul,Poor
12843,Lufthansa,9320,10,176,OnTime,166,Long Haul,Poor
12844,Lufthansa,1616,87,36,OnTime,-51,Short Haul,Poor
12845,Indigo,6076,109,157,OnTime,48,Medium Long,Poor
12846,Emirates,11787,5,199,OnTime,194,Long Haul,Poor
12847,Emirates,6823,2,61,OnTime,59,Medium Long,Poor
12848,Delta,351,96,102,Delayed,6,Short Haul,Poor
12849,Indigo,11479,99,185,Delayed,86,Long Haul,Poor
12850,Lufthansa,984,52,193,Delayed,141,Short Haul,Poor
12851,Lufthansa,4804,173,93,Delayed,-80,Medium Long,Poor
12852,Emirates,5650,37,198,OnTime,161,Medium Long,Poor
12853,Lufthansa,9898,46,104,Delayed,58,Long Haul,Poor
12854,Delta,2829,69,64,OnTime,-5,Short Haul,Poor
12855,Indigo,3645,37,112,OnTime,75,Medium Long,Poor
12856,Lufthansa,11973,147,106,Delayed,-41,Long Haul,Poor
12857,Emirates,5126,7,127,Delayed,120,Medium Long,Poor
12858,Emirates,6974,86,67,Delayed,-19,Medium Long,Poor
12859,Indigo,217,102,161,OnTime,59,Short Haul,Poor
12860,Emirates,1792,159,112,Delayed,-47,Short Haul,Poor
12861,Indigo,10509,162,164,OnTime,2,Long Haul,Poor
12862,Lufthansa,3112,100,170,Delayed,70,Medium Long,Poor
12863,Delta,2545,93,190,Delayed,97,Short Haul,Poor
12864,Emirates,11079,94,19,OnTime,-75,Long Haul,Good
12865,Lufthansa,2660,88,147,Delayed,59,Short Haul,Poor
12866,Delta,8147,108,170,OnTime,62,Long Haul,Poor
12867,Lufthansa,6240,144,15,Delayed,-129,Medium Long,Good
12868,Lufthansa,7913,48,0,OnTime,-48,Long Haul,Good
12869,Indigo,6800,44,75,Delayed,31,Medium Long,Poor
12870,Delta,11373,24,5,OnTime,-19,Long Haul,Good
12871,Emirates,4954,138,110,Delayed,-28,Medium Long,Poor
12872,Indigo,6591,75,121,OnTime,46,Medium Long,Poor
12873,Indigo,5419,12,159,Delayed,147,Medium Long,Poor
12874,Delta,2000,37,61,OnTime,24,Short Haul,Poor
12875,Delta,8806,169,135,Delayed,-34,Long Haul,Poor
12876,Indigo,11469,33,134,OnTime,101,Long Haul,Poor
12877,Delta,6379,135,194,OnTime,59,Medium Long,Poor
12878,Emirates,8546,173,99,Delayed,-74,Long Haul,Poor
12879,Delta,1802,93,78,Delayed,-15,Short Haul,Poor
12880,Lufthansa,5278,162,101,OnTime,-61,Medium Long,Poor
12881,Lufthansa,10248,151,102,OnTime,-49,Long Haul,Poor
12882,Emirates,6676,144,137,Delayed,-7,Medium Long,Poor
12883,Delta,3511,49,183,OnTime,134,Medium Long,Poor
12884,Delta,2639,29,22,OnTime,-7,Short Haul,Good
12885,Emirates,8080,34,75,OnTime,41,Long Haul,Poor
12886,Delta,3218,46,177,Delayed,131,Medium Long,Poor
12887,Lufthansa,1221,36,56,Delayed,20,Short Haul,Poor
12888,Lufthansa,7832,106,175,OnTime,69,Long Haul,Poor
12889,Emirates,10552,150,83,Delayed,-67,Long Haul,Poor
12890,Delta,1681,82,176,OnTime,94,Short Haul,Poor
12891,Indigo,573,27,172,OnTime,145,Short Haul,Poor
12892,Lufthansa,9228,49,1,Delayed,-48,Long Haul,Good
12893,Indigo,4403,26,146,Delayed,120,Medium Long,Poor
12894,Lufthansa,3059,81,69,Delayed,-12,Medium Long,Poor
12895,Lufthansa,11671,116,41,Delayed,-75,Long Haul,Poor
12896,Delta,6061,177,160,Delayed,-17,Medium Long,Poor
12897,Emirates,3053,75,25,OnTime,-50,Medium Long,Good
12898,Delta,596,158,89,Delayed,-69,Short Haul,Poor
12899,Delta,6254,31,122,OnTime,91,Medium Long,Poor
12900,Delta,11404,156,56,Delayed,-100,Long Haul,Poor
12901,Indigo,10348,72,136,Delayed,64,Long Haul,Poor
12902,Delta,224,21,62,OnTime,41,Short Haul,Poor
12903,Delta,5560,127,32,Delayed,-95,Medium Long,Poor
12904,Emirates,9467,113,136,OnTime,23,Long Haul,Poor
12905,Emirates,6586,131,29,Delayed,-102,Medium Long,Good
12906,Indigo,5295,66,179,OnTime,113,Medium Long,Poor
12907,Lufthansa,3661,61,158,OnTime,97,Medium Long,Poor
12908,Indigo,7799,87,43,Delayed,-44,Long Haul,Poor
12909,Indigo,8217,116,37,OnTime,-79,Long Haul,Poor
12910,Lufthansa,7158,21,112,Delayed,91,Long Haul,Poor
12911,Delta,4361,97,112,OnTime,15,Medium Long,Poor
12912,Delta,8550,85,163,Delayed,78,Long Haul,Poor
12913,Indigo,8628,120,105,OnTime,-15,Long Haul,Poor
12914,Emirates,7261,32,82,Delayed,50,Long Haul,Poor
12915,Delta,7219,171,117,OnTime,-54,Long Haul,Poor
12916,Emirates,7882,66,39,OnTime,-27,Long Haul,Poor
12917,Emirates,7928,101,42,OnTime,-59,Long Haul,Poor
12918,Delta,8544,112,183,OnTime,71,Long Haul,Poor
12919,Lufthansa,8879,145,192,OnTime,47,Long Haul,Poor
12920,Indigo,4521,42,53,OnTime,11,Medium Long,Poor
12921,Indigo,10756,71,28,Delayed,-43,Long Haul,Good
12922,Emirates,5401,73,38,Delayed,-35,Medium Long,Poor
12923,Delta,8769,3,49,Delayed,46,Long Haul,Poor
12924,Delta,1656,129,8,Delayed,-121,Short Haul,Good
12925,Delta,9880,159,168,OnTime,9,Long Haul,Poor
12926,Emirates,9677,102,162,Delayed,60,Long Haul,Poor
12927,Lufthansa,9326,58,76,OnTime,18,Long Haul,Poor
12928,Indigo,7030,129,142,OnTime,13,Long Haul,Poor
12929,Lufthansa,10743,5,78,OnTime,73,Long Haul,Poor
12930,Lufthansa,7680,143,8,OnTime,-135,Long Haul,Good
12931,Indigo,7657,125,7,OnTime,-118,Long Haul,Good
12932,Emirates,6083,12,144,OnTime,132,Medium Long,Poor
12933,Indigo,7113,130,6,Delayed,-124,Long Haul,Good
12934,Indigo,9346,23,117,Delayed,94,Long Haul,Poor
12935,Indigo,9632,170,13,OnTime,-157,Long Haul,Good
12936,Emirates,3792,25,126,OnTime,101,Medium Long,Poor
12937,Lufthansa,6112,150,47,Delayed,-103,Medium Long,Poor
12938,Delta,9564,87,190,Delayed,103,Long Haul,Poor
12939,Lufthansa,2449,38,113,Delayed,75,Short Haul,Poor
12940,Indigo,11223,175,141,OnTime,-34,Long Haul,Poor
12941,Delta,5465,148,50,Delayed,-98,Medium Long,Poor
12942,Delta,10905,169,171,Delayed,2,Long Haul,Poor
12943,Delta,1071,147,193,OnTime,46,Short Haul,Poor
12944,Emirates,8812,154,187,Delayed,33,Long Haul,Poor
12945,Indigo,6980,156,18,Delayed,-138,Medium Long,Good
12946,Lufthansa,9493,53,52,Delayed,-1,Long Haul,Poor
12947,Lufthansa,352,87,73,OnTime,-14,Short Haul,Poor
12948,Lufthansa,9919,116,31,OnTime,-85,Long Haul,Poor
12949,Indigo,9887,102,140,Delayed,38,Long Haul,Poor
12950,Emirates,8395,101,139,Delayed,38,Long Haul,Poor
12951,Indigo,4196,40,108,Delayed,68,Medium Long,Poor
12952,Emirates,8462,99,90,OnTime,-9,Long Haul,Poor
12953,Emirates,3855,179,84,Delayed,-95,Medium Long,Poor
12954,Emirates,6932,144,176,Delayed,32,Medium Long,Poor
12955,Emirates,11723,30,39,OnTime,9,Long Haul,Poor
12956,Lufthansa,8597,143,37,Delayed,-106,Long Haul,Poor
12957,Indigo,5288,106,128,Delayed,22,Medium Long,Poor
12958,Delta,2915,4,164,OnTime,160,Short Haul,Poor
12959,Emirates,8722,28,171,Delayed,143,Long Haul,Poor
12960,Delta,1161,97,141,Delayed,44,Short Haul,Poor
12961,Lufthansa,8732,38,2,Delayed,-36,Long Haul,Good
12962,Emirates,10885,5,0,Delayed,-5,Long Haul,Good
12963,Emirates,11567,145,146,OnTime,1,Long Haul,Poor
12964,Indigo,11001,111,172,Delayed,61,Long Haul,Poor
12965,Delta,9270,11,199,OnTime,188,Long Haul,Poor
12966,Emirates,11687,142,108,Delayed,-34,Long Haul,Poor
12967,Emirates,10270,112,53,OnTime,-59,Long Haul,Poor
12968,Indigo,5160,164,175,OnTime,11,Medium Long,Poor
12969,Emirates,4601,74,181,Delayed,107,Medium Long,Poor
12970,Emirates,11204,93,22,Delayed,-71,Long Haul,Good
12971,Delta,8450,66,132,OnTime,66,Long Haul,Poor
12972,Lufthansa,2226,119,78,Delayed,-41,Short Haul,Poor
12973,Indigo,8264,152,4,OnTime,-148,Long Haul,Good
12974,Indigo,10382,158,75,OnTime,-83,Long Haul,Poor
12975,Lufthansa,9361,133,45,OnTime,-88,Long Haul,Poor
12976,Lufthansa,783,44,186,OnTime,142,Short Haul,Poor
12977,Delta,8436,135,147,OnTime,12,Long Haul,Poor
12978,Lufthansa,2773,57,7,OnTime,-50,Short Haul,Good
12979,Indigo,588,96,145,Delayed,49,Short Haul,Poor
12980,Emirates,7115,169,21,OnTime,-148,Long Haul,Good
12981,Delta,1636,125,186,OnTime,61,Short Haul,Poor
12982,Lufthansa,3853,29,4,Delayed,-25,Medium Long,Good
12983,Lufthansa,5015,19,6,Delayed,-13,Medium Long,Good
12984,Emirates,323,64,154,Delayed,90,Short Haul,Poor
12985,Emirates,2678,160,18,Delayed,-142,Short Haul,Good
12986,Lufthansa,9578,6,157,Delayed,151,Long Haul,Poor
12987,Lufthansa,9627,109,62,OnTime,-47,Long Haul,Poor
12988,Emirates,7938,105,117,OnTime,12,Long Haul,Poor
12989,Indigo,5545,94,49,Delayed,-45,Medium Long,Poor
12990,Lufthansa,6774,50,183,Delayed,133,Medium Long,Poor
12991,Emirates,8253,32,1,OnTime,-31,Long Haul,Good
12992,Lufthansa,5981,113,171,Delayed,58,Medium Long,Poor
12993,Emirates,4620,160,25,Delayed,-135,Medium Long,Good
12994,Emirates,2258,113,70,OnTime,-43,Short Haul,Poor
12995,Indigo,5356,169,57,Delayed,-112,Medium Long,Poor
12996,Emirates,4006,146,125,Delayed,-21,Medium Long,Poor
12997,Emirates,9419,77,0,OnTime,-77,Long Haul,Good
12998,Lufthansa,7473,3,56,OnTime,53,Long Haul,Poor
12999,Lufthansa,8344,103,44,Delayed,-59,Long Haul,Poor
13000,Indigo,8258,95,162,Delayed,67,Long Haul,Poor
13001,Indigo,11743,7,48,OnTime,41,Long Haul,Poor
13002,Delta,6331,174,95,OnTime,-79,Medium Long,Poor
13003,Emirates,11759,143,154,Delayed,11,Long Haul,Poor
13004,Delta,9049,33,99,OnTime,66,Long Haul,Poor
13005,Lufthansa,3076,66,100,Delayed,34,Medium Long,Poor
13006,Lufthansa,4213,179,7,OnTime,-172,Medium Long,Good
13007,Delta,6665,125,115,Delayed,-10,Medium Long,Poor
13008,Lufthansa,9184,36,191,Delayed,155,Long Haul,Poor
13009,Delta,6954,99,63,Delayed,-36,Medium Long,Poor
13010,Delta,7309,166,144,OnTime,-22,Long Haul,Poor
13011,Indigo,6755,90,169,OnTime,79,Medium Long,Poor
13012,Delta,2481,159,116,OnTime,-43,Short Haul,Poor
13013,Delta,11959,146,190,OnTime,44,Long Haul,Poor
13014,Lufthansa,10085,13,74,Delayed,61,Long Haul,Poor
13015,Lufthansa,4701,18,128,OnTime,110,Medium Long,Poor
13016,Delta,8663,62,53,OnTime,-9,Long Haul,Poor
13017,Emirates,9711,173,31,Delayed,-142,Long Haul,Poor
13018,Delta,6643,95,139,Delayed,44,Medium Long,Poor
13019,Indigo,10825,149,72,OnTime,-77,Long Haul,Poor
13020,Indigo,11649,51,53,Delayed,2,Long Haul,Poor
13021,Lufthansa,10409,119,102,Delayed,-17,Long Haul,Poor
13022,Delta,1189,37,21,OnTime,-16,Short Haul,Good
13023,Indigo,3076,109,4,Delayed,-105,Medium Long,Good
13024,Lufthansa,4269,107,123,Delayed,16,Medium Long,Poor
13025,Emirates,10151,162,140,Delayed,-22,Long Haul,Poor
13026,Delta,454,101,164,OnTime,63,Short Haul,Poor
13027,Delta,8565,97,89,Delayed,-8,Long Haul,Poor
13028,Indigo,11769,178,114,Delayed,-64,Long Haul,Poor
13029,Delta,6147,66,87,OnTime,21,Medium Long,Poor
13030,Delta,2445,172,111,Delayed,-61,Short Haul,Poor
13031,Indigo,10134,4,188,OnTime,184,Long Haul,Poor
13032,Delta,2465,92,52,OnTime,-40,Short Haul,Poor
13033,Delta,7158,53,104,OnTime,51,Long Haul,Poor
13034,Emirates,5058,103,193,Delayed,90,Medium Long,Poor
13035,Indigo,2349,172,118,Delayed,-54,Short Haul,Poor
13036,Lufthansa,1424,179,59,Delayed,-120,Short Haul,Poor
13037,Delta,6912,30,14,Delayed,-16,Medium Long,Good
13038,Lufthansa,3875,8,6,Delayed,-2,Medium Long,Good
13039,Delta,955,84,142,Delayed,58,Short Haul,Poor
13040,Indigo,11214,15,27,OnTime,12,Long Haul,Good
13041,Indigo,4828,48,42,Delayed,-6,Medium Long,Poor
13042,Indigo,9256,15,189,OnTime,174,Long Haul,Poor
13043,Emirates,7923,102,86,Delayed,-16,Long Haul,Poor
13044,Lufthansa,1787,62,89,OnTime,27,Short Haul,Poor
13045,Emirates,8280,12,116,Delayed,104,Long Haul,Poor
13046,Emirates,6542,61,65,OnTime,4,Medium Long,Poor
13047,Emirates,5968,156,113,Delayed,-43,Medium Long,Poor
13048,Lufthansa,11872,82,80,OnTime,-2,Long Haul,Poor
13049,Lufthansa,8342,162,81,Delayed,-81,Long Haul,Poor
13050,Delta,1925,27,25,OnTime,-2,Short Haul,Good
13051,Indigo,10353,119,112,OnTime,-7,Long Haul,Poor
13052,Emirates,591,86,126,Delayed,40,Short Haul,Poor
13053,Lufthansa,1142,4,67,OnTime,63,Short Haul,Poor
13054,Emirates,5281,70,193,Delayed,123,Medium Long,Poor
13055,Lufthansa,11043,15,73,OnTime,58,Long Haul,Poor
13056,Lufthansa,2191,55,182,Delayed,127,Short Haul,Poor
13057,Lufthansa,10264,33,79,Delayed,46,Long Haul,Poor
13058,Delta,7778,52,43,OnTime,-9,Long Haul,Poor
13059,Emirates,5800,85,136,OnTime,51,Medium Long,Poor
13060,Delta,3865,93,43,OnTime,-50,Medium Long,Poor
13061,Emirates,6298,77,166,Delayed,89,Medium Long,Poor
13062,Delta,9701,66,121,Delayed,55,Long Haul,Poor
13063,Emirates,602,148,152,Delayed,4,Short Haul,Poor
13064,Indigo,8385,22,19,Delayed,-3,Long Haul,Good
13065,Delta,10143,26,85,Delayed,59,Long Haul,Poor
13066,Emirates,4659,129,151,Delayed,22,Medium Long,Poor
13067,Emirates,5848,91,87,OnTime,-4,Medium Long,Poor
13068,Emirates,2331,42,178,Delayed,136,Short Haul,Poor
13069,Delta,5424,87,78,OnTime,-9,Medium Long,Poor
13070,Delta,812,5,134,Delayed,129,Short Haul,Poor
13071,Lufthansa,2752,172,19,Delayed,-153,Short Haul,Good
13072,Delta,10130,123,174,Delayed,51,Long Haul,Poor
13073,Delta,3854,89,185,Delayed,96,Medium Long,Poor
13074,Delta,9113,37,102,Delayed,65,Long Haul,Poor
13075,Indigo,669,122,67,Delayed,-55,Short Haul,Poor
13076,Indigo,5764,35,57,OnTime,22,Medium Long,Poor
13077,Indigo,5442,49,43,OnTime,-6,Medium Long,Poor
13078,Lufthansa,10283,24,73,OnTime,49,Long Haul,Poor
13079,Emirates,4062,157,25,OnTime,-132,Medium Long,Good
13080,Emirates,4594,59,148,Delayed,89,Medium Long,Poor
13081,Delta,9868,46,135,OnTime,89,Long Haul,Poor
13082,Lufthansa,10156,68,180,Delayed,112,Long Haul,Poor
13083,Emirates,4903,44,61,OnTime,17,Medium Long,Poor
13084,Emirates,3134,113,59,Delayed,-54,Medium Long,Poor
13085,Indigo,3371,34,36,Delayed,2,Medium Long,Poor
13086,Indigo,5504,50,117,OnTime,67,Medium Long,Poor
13087,Indigo,11479,23,19,Delayed,-4,Long Haul,Good
13088,Lufthansa,11313,145,91,Delayed,-54,Long Haul,Poor
13089,Indigo,1582,36,42,Delayed,6,Short Haul,Poor
13090,Indigo,2615,100,197,OnTime,97,Short Haul,Poor
13091,Delta,2168,123,159,OnTime,36,Short Haul,Poor
13092,Emirates,2502,175,64,OnTime,-111,Short Haul,Poor
13093,Lufthansa,6781,87,190,OnTime,103,Medium Long,Poor
13094,Delta,4075,6,160,Delayed,154,Medium Long,Poor
13095,Delta,9826,22,61,OnTime,39,Long Haul,Poor
13096,Delta,3696,18,165,Delayed,147,Medium Long,Poor
13097,Emirates,1377,141,70,Delayed,-71,Short Haul,Poor
13098,Delta,5252,103,190,Delayed,87,Medium Long,Poor
13099,Emirates,629,53,165,Delayed,112,Short Haul,Poor
13100,Lufthansa,1463,63,177,Delayed,114,Short Haul,Poor
13101,Indigo,4838,143,10,Delayed,-133,Medium Long,Good
13102,Emirates,8568,148,140,Delayed,-8,Long Haul,Poor
13103,Emirates,210,171,0,OnTime,-171,Short Haul,Good
13104,Delta,8596,120,181,Delayed,61,Long Haul,Poor
13105,Emirates,3952,92,28,Delayed,-64,Medium Long,Good
13106,Emirates,8389,22,78,Delayed,56,Long Haul,Poor
13107,Lufthansa,8767,164,149,Delayed,-15,Long Haul,Poor
13108,Indigo,9634,146,194,OnTime,48,Long Haul,Poor
13109,Delta,2378,70,25,OnTime,-45,Short Haul,Good
13110,Indigo,9182,150,101,Delayed,-49,Long Haul,Poor
13111,Indigo,1662,169,94,Delayed,-75,Short Haul,Poor
13112,Lufthansa,6060,106,175,OnTime,69,Medium Long,Poor
13113,Indigo,11865,48,27,Delayed,-21,Long Haul,Good
13114,Delta,5515,114,22,Delayed,-92,Medium Long,Good
13115,Emirates,5624,110,198,OnTime,88,Medium Long,Poor
13116,Delta,9509,70,9,OnTime,-61,Long Haul,Good
13117,Delta,11310,81,60,OnTime,-21,Long Haul,Poor
13118,Emirates,9164,172,184,Delayed,12,Long Haul,Poor
13119,Indigo,7657,41,178,Delayed,137,Long Haul,Poor
13120,Indigo,6785,60,162,OnTime,102,Medium Long,Poor
13121,Lufthansa,6757,100,110,OnTime,10,Medium Long,Poor
13122,Delta,8217,46,175,OnTime,129,Long Haul,Poor
13123,Indigo,9359,176,127,Delayed,-49,Long Haul,Poor
13124,Emirates,7520,94,169,Delayed,75,Long Haul,Poor
13125,Lufthansa,10423,154,117,OnTime,-37,Long Haul,Poor
13126,Lufthansa,3506,5,3,Delayed,-2,Medium Long,Good
13127,Indigo,7389,55,103,OnTime,48,Long Haul,Poor
13128,Lufthansa,6158,54,25,OnTime,-29,Medium Long,Good
13129,Delta,6139,74,146,Delayed,72,Medium Long,Poor
13130,Lufthansa,4836,21,197,Delayed,176,Medium Long,Poor
13131,Indigo,1786,91,112,OnTime,21,Short Haul,Poor
13132,Indigo,5672,17,122,OnTime,105,Medium Long,Poor
13133,Delta,1955,161,85,Delayed,-76,Short Haul,Poor
13134,Delta,3204,173,122,Delayed,-51,Medium Long,Poor
13135,Lufthansa,4351,111,199,Delayed,88,Medium Long,Poor
13136,Indigo,10794,90,100,OnTime,10,Long Haul,Poor
13137,Indigo,8846,113,163,OnTime,50,Long Haul,Poor
13138,Delta,7487,17,40,OnTime,23,Long Haul,Poor
13139,Emirates,1894,162,113,OnTime,-49,Short Haul,Poor
13140,Indigo,1303,4,148,OnTime,144,Short Haul,Poor
13141,Lufthansa,6258,115,57,OnTime,-58,Medium Long,Poor
13142,Indigo,6683,34,83,OnTime,49,Medium Long,Poor
13143,Indigo,7338,60,79,OnTime,19,Long Haul,Poor
13144,Lufthansa,320,50,148,OnTime,98,Short Haul,Poor
13145,Lufthansa,4654,146,112,Delayed,-34,Medium Long,Poor
13146,Emirates,3415,1,77,OnTime,76,Medium Long,Poor
13147,Lufthansa,6975,146,51,Delayed,-95,Medium Long,Poor
13148,Delta,540,82,137,Delayed,55,Short Haul,Poor
13149,Delta,11849,169,35,Delayed,-134,Long Haul,Poor
13150,Lufthansa,8063,26,24,OnTime,-2,Long Haul,Good
13151,Delta,8881,97,125,Delayed,28,Long Haul,Poor
13152,Indigo,4752,133,188,Delayed,55,Medium Long,Poor
13153,Lufthansa,3418,119,65,OnTime,-54,Medium Long,Poor
13154,Lufthansa,11093,103,157,Delayed,54,Long Haul,Poor
13155,Lufthansa,10415,62,174,OnTime,112,Long Haul,Poor
13156,Lufthansa,8578,178,174,Delayed,-4,Long Haul,Poor
13157,Lufthansa,10982,145,180,OnTime,35,Long Haul,Poor
13158,Delta,11969,152,45,Delayed,-107,Long Haul,Poor
13159,Emirates,10879,19,94,OnTime,75,Long Haul,Poor
13160,Indigo,11279,79,190,OnTime,111,Long Haul,Poor
13161,Lufthansa,2256,10,197,Delayed,187,Short Haul,Poor
13162,Indigo,7980,135,153,OnTime,18,Long Haul,Poor
13163,Indigo,10544,70,123,Delayed,53,Long Haul,Poor
13164,Emirates,5768,171,1,OnTime,-170,Medium Long,Good
13165,Indigo,4744,133,46,OnTime,-87,Medium Long,Poor
13166,Lufthansa,11913,168,113,Delayed,-55,Long Haul,Poor
13167,Emirates,5547,48,75,OnTime,27,Medium Long,Poor
13168,Emirates,7765,6,172,OnTime,166,Long Haul,Poor
13169,Lufthansa,9134,151,83,Delayed,-68,Long Haul,Poor
13170,Emirates,9141,105,91,Delayed,-14,Long Haul,Poor
13171,Delta,8325,135,32,OnTime,-103,Long Haul,Poor
13172,Lufthansa,2244,162,11,Delayed,-151,Short Haul,Good
13173,Emirates,981,115,25,OnTime,-90,Short Haul,Good
13174,Indigo,8279,8,33,OnTime,25,Long Haul,Poor
13175,Delta,2987,127,72,Delayed,-55,Short Haul,Poor
13176,Lufthansa,7658,77,65,Delayed,-12,Long Haul,Poor
13177,Delta,923,179,197,Delayed,18,Short Haul,Poor
13178,Delta,1776,115,177,OnTime,62,Short Haul,Poor
13179,Lufthansa,9402,9,105,OnTime,96,Long Haul,Poor
13180,Emirates,11245,25,123,Delayed,98,Long Haul,Poor
13181,Lufthansa,7281,85,86,Delayed,1,Long Haul,Poor
13182,Delta,371,145,115,OnTime,-30,Short Haul,Poor
13183,Delta,4968,106,60,OnTime,-46,Medium Long,Poor
13184,Lufthansa,10998,20,48,OnTime,28,Long Haul,Poor
13185,Delta,4025,109,176,OnTime,67,Medium Long,Poor
13186,Lufthansa,5865,20,153,Delayed,133,Medium Long,Poor
13187,Delta,2863,145,11,Delayed,-134,Short Haul,Good
13188,Delta,3414,100,164,Delayed,64,Medium Long,Poor
13189,Delta,8200,101,92,Delayed,-9,Long Haul,Poor
13190,Indigo,2406,82,179,OnTime,97,Short Haul,Poor
13191,Delta,9970,105,2,Delayed,-103,Long Haul,Good
13192,Emirates,3242,47,6,OnTime,-41,Medium Long,Good
13193,Lufthansa,11703,43,11,OnTime,-32,Long Haul,Good
13194,Delta,9255,157,125,Delayed,-32,Long Haul,Poor
13195,Indigo,4919,37,45,OnTime,8,Medium Long,Poor
13196,Lufthansa,8524,9,94,Delayed,85,Long Haul,Poor
13197,Indigo,10312,179,159,Delayed,-20,Long Haul,Poor
13198,Indigo,3938,12,114,OnTime,102,Medium Long,Poor
13199,Indigo,5295,14,105,Delayed,91,Medium Long,Poor
13200,Indigo,5853,8,112,Delayed,104,Medium Long,Poor
13201,Indigo,8900,170,28,Delayed,-142,Long Haul,Good
13202,Delta,1788,80,187,Delayed,107,Short Haul,Poor
13203,Lufthansa,11492,65,194,OnTime,129,Long Haul,Poor
13204,Delta,6098,175,160,Delayed,-15,Medium Long,Poor
13205,Emirates,8935,23,24,Delayed,1,Long Haul,Good
13206,Emirates,5134,156,137,Delayed,-19,Medium Long,Poor
13207,Emirates,8356,28,198,OnTime,170,Long Haul,Poor
13208,Emirates,2700,119,121,Delayed,2,Short Haul,Poor
13209,Indigo,5032,115,184,Delayed,69,Medium Long,Poor
13210,Delta,9734,87,37,Delayed,-50,Long Haul,Poor
13211,Indigo,8939,169,3,OnTime,-166,Long Haul,Good
13212,Emirates,6034,8,4,OnTime,-4,Medium Long,Good
13213,Emirates,11067,45,20,Delayed,-25,Long Haul,Good
13214,Lufthansa,7212,14,114,Delayed,100,Long Haul,Poor
13215,Emirates,2557,177,6,OnTime,-171,Short Haul,Good
13216,Lufthansa,3116,23,160,OnTime,137,Medium Long,Poor
13217,Lufthansa,7516,97,6,OnTime,-91,Long Haul,Good
13218,Emirates,4905,128,94,Delayed,-34,Medium Long,Poor
13219,Emirates,1638,104,29,OnTime,-75,Short Haul,Good
13220,Emirates,3839,78,126,OnTime,48,Medium Long,Poor
13221,Lufthansa,7452,21,42,Delayed,21,Long Haul,Poor
13222,Delta,3163,89,188,Delayed,99,Medium Long,Poor
13223,Delta,6817,114,4,Delayed,-110,Medium Long,Good
13224,Emirates,10960,41,171,OnTime,130,Long Haul,Poor
13225,Lufthansa,4780,8,43,Delayed,35,Medium Long,Poor
13226,Delta,2081,4,152,OnTime,148,Short Haul,Poor
13227,Lufthansa,10176,42,170,Delayed,128,Long Haul,Poor
13228,Delta,1463,53,6,OnTime,-47,Short Haul,Good
13229,Indigo,3741,168,164,Delayed,-4,Medium Long,Poor
13230,Emirates,9123,102,94,OnTime,-8,Long Haul,Poor
13231,Indigo,7517,116,30,Delayed,-86,Long Haul,Good
13232,Lufthansa,1028,4,46,OnTime,42,Short Haul,Poor
13233,Delta,10132,143,119,OnTime,-24,Long Haul,Poor
13234,Lufthansa,7254,110,173,Delayed,63,Long Haul,Poor
13235,Delta,5188,105,196,OnTime,91,Medium Long,Poor
13236,Delta,3670,139,172,Delayed,33,Medium Long,Poor
13237,Lufthansa,10110,8,178,Delayed,170,Long Haul,Poor
13238,Indigo,2332,151,1,Delayed,-150,Short Haul,Good
13239,Emirates,5366,173,196,Delayed,23,Medium Long,Poor
13240,Lufthansa,7305,138,23,OnTime,-115,Long Haul,Good
13241,Emirates,2703,125,16,Delayed,-109,Short Haul,Good
13242,Emirates,9552,166,88,OnTime,-78,Long Haul,Poor
13243,Indigo,6564,48,125,OnTime,77,Medium Long,Poor
13244,Lufthansa,5069,21,113,Delayed,92,Medium Long,Poor
13245,Indigo,5662,60,4,OnTime,-56,Medium Long,Good
13246,Emirates,7389,28,62,Delayed,34,Long Haul,Poor
13247,Emirates,4155,82,18,Delayed,-64,Medium Long,Good
13248,Emirates,11222,152,31,OnTime,-121,Long Haul,Poor
13249,Emirates,11596,118,38,Delayed,-80,Long Haul,Poor
13250,Delta,7814,66,39,Delayed,-27,Long Haul,Poor
13251,Emirates,9079,147,196,OnTime,49,Long Haul,Poor
13252,Lufthansa,8660,112,147,Delayed,35,Long Haul,Poor
13253,Lufthansa,2586,20,94,OnTime,74,Short Haul,Poor
13254,Delta,10852,38,65,OnTime,27,Long Haul,Poor
13255,Delta,8501,121,28,OnTime,-93,Long Haul,Good
13256,Delta,1661,75,67,OnTime,-8,Short Haul,Poor
13257,Lufthansa,1029,76,50,OnTime,-26,Short Haul,Poor
13258,Lufthansa,7639,69,14,Delayed,-55,Long Haul,Good
13259,Lufthansa,3599,167,118,Delayed,-49,Medium Long,Poor
13260,Emirates,3610,72,198,OnTime,126,Medium Long,Poor
13261,Indigo,418,148,104,OnTime,-44,Short Haul,Poor
13262,Emirates,4593,29,198,Delayed,169,Medium Long,Poor
13263,Indigo,9726,63,59,Delayed,-4,Long Haul,Poor
13264,Lufthansa,3520,161,138,OnTime,-23,Medium Long,Poor
13265,Delta,1787,84,35,Delayed,-49,Short Haul,Poor
13266,Lufthansa,11032,160,8,OnTime,-152,Long Haul,Good
13267,Emirates,5481,102,129,Delayed,27,Medium Long,Poor
13268,Delta,11520,84,131,OnTime,47,Long Haul,Poor
13269,Emirates,3734,53,146,Delayed,93,Medium Long,Poor
13270,Emirates,10261,97,60,Delayed,-37,Long Haul,Poor
13271,Emirates,5340,145,65,Delayed,-80,Medium Long,Poor
13272,Delta,3041,140,80,OnTime,-60,Medium Long,Poor
13273,Lufthansa,7129,28,196,OnTime,168,Long Haul,Poor
13274,Delta,10986,155,161,Delayed,6,Long Haul,Poor
13275,Indigo,5627,40,2,Delayed,-38,Medium Long,Good
13276,Emirates,6716,54,19,Delayed,-35,Medium Long,Good
13277,Emirates,11878,32,136,OnTime,104,Long Haul,Poor
13278,Delta,8184,175,39,Delayed,-136,Long Haul,Poor
13279,Lufthansa,9424,108,158,Delayed,50,Long Haul,Poor
13280,Delta,10872,95,8,OnTime,-87,Long Haul,Good
13281,Delta,5589,138,139,Delayed,1,Medium Long,Poor
13282,Indigo,10055,160,124,OnTime,-36,Long Haul,Poor
13283,Indigo,5340,156,136,OnTime,-20,Medium Long,Poor
13284,Lufthansa,7212,160,184,Delayed,24,Long Haul,Poor
13285,Indigo,3359,90,56,Delayed,-34,Medium Long,Poor
13286,Lufthansa,3200,109,58,OnTime,-51,Medium Long,Poor
13287,Indigo,4587,162,108,Delayed,-54,Medium Long,Poor
13288,Delta,7084,12,75,Delayed,63,Long Haul,Poor
13289,Indigo,3118,143,146,Delayed,3,Medium Long,Poor
13290,Lufthansa,10701,53,177,Delayed,124,Long Haul,Poor
13291,Lufthansa,8582,32,12,Delayed,-20,Long Haul,Good
13292,Delta,11362,152,65,Delayed,-87,Long Haul,Poor
13293,Lufthansa,9547,68,160,Delayed,92,Long Haul,Poor
13294,Emirates,4395,77,100,OnTime,23,Medium Long,Poor
13295,Lufthansa,5439,72,35,OnTime,-37,Medium Long,Poor
13296,Delta,716,24,15,OnTime,-9,Short Haul,Good
13297,Lufthansa,3917,66,126,Delayed,60,Medium Long,Poor
13298,Emirates,3862,81,31,OnTime,-50,Medium Long,Poor
13299,Lufthansa,11588,78,174,Delayed,96,Long Haul,Poor
13300,Lufthansa,8998,136,100,Delayed,-36,Long Haul,Poor
13301,Lufthansa,242,94,39,OnTime,-55,Short Haul,Poor
13302,Delta,8034,142,57,OnTime,-85,Long Haul,Poor
13303,Emirates,3642,103,39,OnTime,-64,Medium Long,Poor
13304,Delta,2928,70,180,Delayed,110,Short Haul,Poor
13305,Delta,4293,120,192,Delayed,72,Medium Long,Poor
13306,Lufthansa,2102,84,148,Delayed,64,Short Haul,Poor
13307,Lufthansa,9730,60,166,OnTime,106,Long Haul,Poor
13308,Emirates,5801,112,111,OnTime,-1,Medium Long,Poor
13309,Lufthansa,7695,163,99,OnTime,-64,Long Haul,Poor
13310,Delta,4710,32,158,Delayed,126,Medium Long,Poor
13311,Lufthansa,5314,55,43,Delayed,-12,Medium Long,Poor
13312,Emirates,4058,169,138,OnTime,-31,Medium Long,Poor
13313,Indigo,10975,160,56,Delayed,-104,Long Haul,Poor
13314,Delta,9875,38,186,OnTime,148,Long Haul,Poor
13315,Indigo,5673,135,44,Delayed,-91,Medium Long,Poor
13316,Emirates,6090,172,123,Delayed,-49,Medium Long,Poor
13317,Delta,9919,80,171,OnTime,91,Long Haul,Poor
13318,Emirates,1931,93,190,OnTime,97,Short Haul,Poor
13319,Indigo,1130,36,9,Delayed,-27,Short Haul,Good
13320,Emirates,6218,123,132,OnTime,9,Medium Long,Poor
13321,Indigo,8168,176,181,Delayed,5,Long Haul,Poor
13322,Delta,9973,133,160,Delayed,27,Long Haul,Poor
13323,Delta,10444,157,48,OnTime,-109,Long Haul,Poor
13324,Emirates,11066,92,166,Delayed,74,Long Haul,Poor
13325,Emirates,1425,120,7,Delayed,-113,Short Haul,Good
13326,Indigo,7017,110,168,Delayed,58,Long Haul,Poor
13327,Delta,5703,65,25,Delayed,-40,Medium Long,Good
13328,Indigo,2613,131,120,OnTime,-11,Short Haul,Poor
13329,Lufthansa,1693,106,181,Delayed,75,Short Haul,Poor
13330,Delta,3568,13,44,OnTime,31,Medium Long,Poor
13331,Emirates,10419,1,88,Delayed,87,Long Haul,Poor
13332,Emirates,8303,3,102,Delayed,99,Long Haul,Poor
13333,Lufthansa,9739,1,88,Delayed,87,Long Haul,Poor
13334,Emirates,950,31,22,OnTime,-9,Short Haul,Good
13335,Lufthansa,10725,34,168,Delayed,134,Long Haul,Poor
13336,Delta,3046,21,68,Delayed,47,Medium Long,Poor
13337,Delta,11250,116,180,OnTime,64,Long Haul,Poor
13338,Delta,1445,58,122,OnTime,64,Short Haul,Poor
13339,Delta,4331,96,22,OnTime,-74,Medium Long,Good
13340,Lufthansa,8702,176,36,OnTime,-140,Long Haul,Poor
13341,Lufthansa,10433,88,26,OnTime,-62,Long Haul,Good
13342,Emirates,9050,120,111,Delayed,-9,Long Haul,Poor
13343,Delta,1055,109,78,OnTime,-31,Short Haul,Poor
13344,Emirates,9898,120,131,OnTime,11,Long Haul,Poor
13345,Lufthansa,9997,23,187,Delayed,164,Long Haul,Poor
13346,Delta,679,165,157,Delayed,-8,Short Haul,Poor
13347,Emirates,4754,95,44,OnTime,-51,Medium Long,Poor
13348,Lufthansa,11458,108,17,OnTime,-91,Long Haul,Good
13349,Indigo,2619,26,73,Delayed,47,Short Haul,Poor
13350,Indigo,2262,91,101,OnTime,10,Short Haul,Poor
13351,Emirates,1445,24,104,OnTime,80,Short Haul,Poor
13352,Delta,7208,77,94,Delayed,17,Long Haul,Poor
13353,Emirates,2407,112,31,Delayed,-81,Short Haul,Poor
13354,Lufthansa,11790,46,143,Delayed,97,Long Haul,Poor
13355,Indigo,1347,115,127,Delayed,12,Short Haul,Poor
13356,Delta,10289,48,182,OnTime,134,Long Haul,Poor
13357,Delta,3720,117,195,Delayed,78,Medium Long,Poor
13358,Delta,9636,31,28,Delayed,-3,Long Haul,Good
13359,Delta,4534,6,187,OnTime,181,Medium Long,Poor
13360,Indigo,9844,178,117,Delayed,-61,Long Haul,Poor
13361,Emirates,3398,68,12,Delayed,-56,Medium Long,Good
13362,Emirates,6419,164,32,OnTime,-132,Medium Long,Poor
13363,Delta,7128,27,2,Delayed,-25,Long Haul,Good
13364,Emirates,9871,74,52,OnTime,-22,Long Haul,Poor
13365,Emirates,2334,68,15,Delayed,-53,Short Haul,Good
13366,Delta,11009,151,76,OnTime,-75,Long Haul,Poor
13367,Delta,8631,145,173,Delayed,28,Long Haul,Poor
13368,Indigo,10925,44,105,OnTime,61,Long Haul,Poor
13369,Emirates,7958,105,187,Delayed,82,Long Haul,Poor
13370,Emirates,6708,76,144,Delayed,68,Medium Long,Poor
13371,Lufthansa,9380,16,59,Delayed,43,Long Haul,Poor
13372,Delta,5906,105,191,OnTime,86,Medium Long,Poor
13373,Emirates,3073,29,177,OnTime,148,Medium Long,Poor
13374,Indigo,5954,41,165,OnTime,124,Medium Long,Poor
13375,Indigo,7318,79,177,Delayed,98,Long Haul,Poor
13376,Delta,6967,44,73,Delayed,29,Medium Long,Poor
13377,Indigo,10948,172,188,Delayed,16,Long Haul,Poor
13378,Emirates,3177,169,181,Delayed,12,Medium Long,Poor
13379,Lufthansa,1667,90,77,Delayed,-13,Short Haul,Poor
13380,Emirates,5948,38,4,Delayed,-34,Medium Long,Good
13381,Delta,6322,47,178,OnTime,131,Medium Long,Poor
13382,Delta,3190,26,56,Delayed,30,Medium Long,Poor
13383,Delta,3660,168,195,OnTime,27,Medium Long,Poor
13384,Indigo,4409,22,28,Delayed,6,Medium Long,Good
13385,Emirates,4172,34,133,OnTime,99,Medium Long,Poor
13386,Lufthansa,4768,121,108,Delayed,-13,Medium Long,Poor
13387,Delta,4411,50,68,Delayed,18,Medium Long,Poor
13388,Lufthansa,8500,31,43,Delayed,12,Long Haul,Poor
13389,Indigo,10181,82,0,OnTime,-82,Long Haul,Good
13390,Emirates,4646,78,18,OnTime,-60,Medium Long,Good
13391,Delta,7240,68,140,Delayed,72,Long Haul,Poor
13392,Indigo,6798,33,90,Delayed,57,Medium Long,Poor
13393,Lufthansa,5220,137,176,OnTime,39,Medium Long,Poor
13394,Indigo,9134,5,178,OnTime,173,Long Haul,Poor
13395,Emirates,8541,125,113,OnTime,-12,Long Haul,Poor
13396,Delta,7043,49,63,Delayed,14,Long Haul,Poor
13397,Emirates,4361,107,40,Delayed,-67,Medium Long,Poor
13398,Lufthansa,841,68,174,Delayed,106,Short Haul,Poor
13399,Emirates,8652,157,3,Delayed,-154,Long Haul,Good
13400,Emirates,3745,27,177,Delayed,150,Medium Long,Poor
13401,Emirates,9027,29,107,Delayed,78,Long Haul,Poor
13402,Indigo,774,40,37,OnTime,-3,Short Haul,Poor
13403,Emirates,10609,61,142,Delayed,81,Long Haul,Poor
13404,Lufthansa,2241,120,41,Delayed,-79,Short Haul,Poor
13405,Delta,11115,138,128,Delayed,-10,Long Haul,Poor
13406,Emirates,8614,100,100,Delayed,0,Long Haul,Poor
13407,Indigo,7791,91,24,Delayed,-67,Long Haul,Good
13408,Lufthansa,1549,11,0,Delayed,-11,Short Haul,Good
13409,Lufthansa,2494,90,101,Delayed,11,Short Haul,Poor
13410,Delta,1003,94,124,Delayed,30,Short Haul,Poor
13411,Indigo,4562,164,67,Delayed,-97,Medium Long,Poor
13412,Lufthansa,5269,115,54,OnTime,-61,Medium Long,Poor
13413,Lufthansa,8592,161,105,Delayed,-56,Long Haul,Poor
13414,Indigo,8108,124,140,OnTime,16,Long Haul,Poor
13415,Lufthansa,9742,163,104,Delayed,-59,Long Haul,Poor
13416,Lufthansa,7992,66,38,Delayed,-28,Long Haul,Poor
13417,Delta,4607,109,48,Delayed,-61,Medium Long,Poor
13418,Emirates,5012,176,116,OnTime,-60,Medium Long,Poor
13419,Lufthansa,3152,80,114,OnTime,34,Medium Long,Poor
13420,Indigo,8442,94,6,Delayed,-88,Long Haul,Good
13421,Lufthansa,5259,65,147,OnTime,82,Medium Long,Poor
13422,Delta,8092,82,42,OnTime,-40,Long Haul,Poor
13423,Lufthansa,10426,72,121,Delayed,49,Long Haul,Poor
13424,Delta,8895,90,170,OnTime,80,Long Haul,Poor
13425,Lufthansa,4345,102,5,Delayed,-97,Medium Long,Good
13426,Indigo,2306,64,197,OnTime,133,Short Haul,Poor
13427,Indigo,9081,177,138,OnTime,-39,Long Haul,Poor
13428,Emirates,7780,119,87,OnTime,-32,Long Haul,Poor
13429,Lufthansa,9464,76,39,Delayed,-37,Long Haul,Poor
13430,Emirates,8090,11,28,Delayed,17,Long Haul,Good
13431,Emirates,677,42,178,OnTime,136,Short Haul,Poor
13432,Delta,4488,103,82,Delayed,-21,Medium Long,Poor
13433,Emirates,3295,129,85,Delayed,-44,Medium Long,Poor
13434,Emirates,9311,15,183,Delayed,168,Long Haul,Poor
13435,Emirates,1504,161,86,OnTime,-75,Short Haul,Poor
13436,Indigo,8939,78,6,Delayed,-72,Long Haul,Good
13437,Delta,9201,21,122,OnTime,101,Long Haul,Poor
13438,Delta,6720,38,85,OnTime,47,Medium Long,Poor
13439,Indigo,4312,38,134,Delayed,96,Medium Long,Poor
13440,Delta,3673,122,137,OnTime,15,Medium Long,Poor
13441,Emirates,4907,119,182,Delayed,63,Medium Long,Poor
13442,Lufthansa,822,47,142,Delayed,95,Short Haul,Poor
13443,Emirates,2846,134,152,Delayed,18,Short Haul,Poor
13444,Emirates,11695,49,54,Delayed,5,Long Haul,Poor
13445,Indigo,11275,9,111,OnTime,102,Long Haul,Poor
13446,Lufthansa,5830,151,160,Delayed,9,Medium Long,Poor
13447,Delta,5519,102,35,OnTime,-67,Medium Long,Poor
13448,Delta,8620,116,55,OnTime,-61,Long Haul,Poor
13449,Delta,10319,137,7,OnTime,-130,Long Haul,Good
13450,Delta,3527,166,155,Delayed,-11,Medium Long,Poor
13451,Indigo,4934,48,103,OnTime,55,Medium Long,Poor
13452,Lufthansa,672,141,106,Delayed,-35,Short Haul,Poor
13453,Indigo,2846,37,41,Delayed,4,Short Haul,Poor
13454,Indigo,5352,67,140,Delayed,73,Medium Long,Poor
13455,Lufthansa,2644,31,58,OnTime,27,Short Haul,Poor
13456,Indigo,1533,63,93,Delayed,30,Short Haul,Poor
13457,Delta,8264,105,160,OnTime,55,Long Haul,Poor
13458,Lufthansa,6260,164,30,OnTime,-134,Medium Long,Good
13459,Delta,2682,94,98,Delayed,4,Short Haul,Poor
13460,Lufthansa,11865,56,45,OnTime,-11,Long Haul,Poor
13461,Indigo,7788,23,79,OnTime,56,Long Haul,Poor
13462,Emirates,8881,59,146,OnTime,87,Long Haul,Poor
13463,Emirates,2818,34,117,Delayed,83,Short Haul,Poor
13464,Delta,4182,156,80,OnTime,-76,Medium Long,Poor
13465,Indigo,2073,145,101,OnTime,-44,Short Haul,Poor
13466,Lufthansa,9840,56,61,Delayed,5,Long Haul,Poor
13467,Emirates,960,83,179,Delayed,96,Short Haul,Poor
13468,Emirates,11130,143,16,OnTime,-127,Long Haul,Good
13469,Emirates,2822,77,199,Delayed,122,Short Haul,Poor
13470,Lufthansa,8859,39,44,Delayed,5,Long Haul,Poor
13471,Emirates,10227,154,1,Delayed,-153,Long Haul,Good
13472,Emirates,10617,76,21,Delayed,-55,Long Haul,Good
13473,Emirates,7572,165,126,Delayed,-39,Long Haul,Poor
13474,Lufthansa,7112,68,149,OnTime,81,Long Haul,Poor
13475,Delta,4620,29,95,OnTime,66,Medium Long,Poor
13476,Delta,6555,62,64,Delayed,2,Medium Long,Poor
13477,Delta,11000,3,113,Delayed,110,Long Haul,Poor
13478,Indigo,8112,85,70,OnTime,-15,Long Haul,Poor
13479,Lufthansa,3795,43,32,Delayed,-11,Medium Long,Poor
13480,Delta,5874,116,190,OnTime,74,Medium Long,Poor
13481,Delta,9404,136,18,OnTime,-118,Long Haul,Good
13482,Delta,6802,75,132,OnTime,57,Medium Long,Poor
13483,Emirates,7916,58,141,Delayed,83,Long Haul,Poor
13484,Delta,4102,115,111,OnTime,-4,Medium Long,Poor
13485,Delta,2750,168,5,Delayed,-163,Short Haul,Good
13486,Emirates,2358,107,175,OnTime,68,Short Haul,Poor
13487,Emirates,1105,26,58,OnTime,32,Short Haul,Poor
13488,Emirates,4467,118,190,OnTime,72,Medium Long,Poor
13489,Emirates,11259,20,19,OnTime,-1,Long Haul,Good
13490,Emirates,11680,61,102,Delayed,41,Long Haul,Poor
13491,Lufthansa,4909,72,33,Delayed,-39,Medium Long,Poor
13492,Emirates,400,108,73,Delayed,-35,Short Haul,Poor
13493,Emirates,2744,23,166,Delayed,143,Short Haul,Poor
13494,Indigo,11784,91,108,OnTime,17,Long Haul,Poor
13495,Delta,8588,116,11,OnTime,-105,Long Haul,Good
13496,Lufthansa,10072,0,107,OnTime,107,Long Haul,Poor
13497,Lufthansa,6680,166,27,Delayed,-139,Medium Long,Good
13498,Indigo,4637,81,21,OnTime,-60,Medium Long,Good
13499,Indigo,2435,86,83,Delayed,-3,Short Haul,Poor
13500,Emirates,5226,142,88,Delayed,-54,Medium Long,Poor
13501,Emirates,6897,163,162,Delayed,-1,Medium Long,Poor
13502,Indigo,4613,99,105,Delayed,6,Medium Long,Poor
13503,Emirates,8044,123,159,Delayed,36,Long Haul,Poor
13504,Indigo,3410,149,187,OnTime,38,Medium Long,Poor
13505,Emirates,7859,77,16,Delayed,-61,Long Haul,Good
13506,Emirates,10415,75,165,Delayed,90,Long Haul,Poor
13507,Indigo,9129,108,79,OnTime,-29,Long Haul,Poor
13508,Emirates,2260,1,40,OnTime,39,Short Haul,Poor
13509,Lufthansa,5955,59,87,OnTime,28,Medium Long,Poor
13510,Delta,9016,118,58,Delayed,-60,Long Haul,Poor
13511,Delta,6980,11,81,Delayed,70,Medium Long,Poor
13512,Emirates,10881,137,139,Delayed,2,Long Haul,Poor
13513,Emirates,8402,83,59,Delayed,-24,Long Haul,Poor
13514,Emirates,11762,9,156,OnTime,147,Long Haul,Poor
13515,Emirates,3861,108,181,Delayed,73,Medium Long,Poor
13516,Delta,8841,49,23,OnTime,-26,Long Haul,Good
13517,Delta,9107,43,136,Delayed,93,Long Haul,Poor
13518,Lufthansa,8315,6,136,OnTime,130,Long Haul,Poor
13519,Indigo,10918,10,53,Delayed,43,Long Haul,Poor
13520,Delta,7823,124,88,OnTime,-36,Long Haul,Poor
13521,Delta,9184,32,70,OnTime,38,Long Haul,Poor
13522,Emirates,8513,45,193,Delayed,148,Long Haul,Poor
13523,Lufthansa,2498,27,59,Delayed,32,Short Haul,Poor
13524,Delta,7106,98,134,OnTime,36,Long Haul,Poor
13525,Delta,9717,68,118,OnTime,50,Long Haul,Poor
13526,Lufthansa,7153,45,56,OnTime,11,Long Haul,Poor
13527,Lufthansa,9094,28,61,Delayed,33,Long Haul,Poor
13528,Indigo,8327,0,52,OnTime,52,Long Haul,Poor
13529,Lufthansa,11459,160,165,Delayed,5,Long Haul,Poor
13530,Delta,3924,179,37,Delayed,-142,Medium Long,Poor
13531,Delta,4413,42,5,Delayed,-37,Medium Long,Good
13532,Lufthansa,5977,25,109,Delayed,84,Medium Long,Poor
13533,Indigo,1005,9,93,OnTime,84,Short Haul,Poor
13534,Indigo,5524,7,7,OnTime,0,Medium Long,Good
13535,Indigo,2482,112,2,OnTime,-110,Short Haul,Good
13536,Delta,3006,84,10,Delayed,-74,Medium Long,Good
13537,Emirates,6989,164,21,Delayed,-143,Medium Long,Good
13538,Lufthansa,7705,141,173,Delayed,32,Long Haul,Poor
13539,Delta,4305,73,67,Delayed,-6,Medium Long,Poor
13540,Emirates,4639,133,135,Delayed,2,Medium Long,Poor
13541,Delta,8579,17,79,Delayed,62,Long Haul,Poor
13542,Lufthansa,5769,22,151,Delayed,129,Medium Long,Poor
13543,Indigo,1353,124,64,OnTime,-60,Short Haul,Poor
13544,Lufthansa,4809,74,6,OnTime,-68,Medium Long,Good
13545,Emirates,2268,126,42,Delayed,-84,Short Haul,Poor
13546,Indigo,5719,26,87,OnTime,61,Medium Long,Poor
13547,Indigo,216,138,164,Delayed,26,Short Haul,Poor
13548,Lufthansa,10576,89,55,OnTime,-34,Long Haul,Poor
13549,Indigo,6799,89,91,Delayed,2,Medium Long,Poor
13550,Delta,6740,143,149,OnTime,6,Medium Long,Poor
13551,Lufthansa,3219,57,3,Delayed,-54,Medium Long,Good
13552,Indigo,7381,63,7,OnTime,-56,Long Haul,Good
13553,Delta,3772,125,186,Delayed,61,Medium Long,Poor
13554,Emirates,6473,128,197,OnTime,69,Medium Long,Poor
13555,Indigo,10342,152,24,Delayed,-128,Long Haul,Good
13556,Indigo,7800,100,170,OnTime,70,Long Haul,Poor
13557,Indigo,1659,55,192,Delayed,137,Short Haul,Poor
13558,Delta,6284,123,182,OnTime,59,Medium Long,Poor
13559,Emirates,7375,167,27,Delayed,-140,Long Haul,Good
13560,Lufthansa,1909,10,14,OnTime,4,Short Haul,Good
13561,Lufthansa,8107,105,165,OnTime,60,Long Haul,Poor
13562,Emirates,308,122,133,OnTime,11,Short Haul,Poor
13563,Lufthansa,10068,106,39,Delayed,-67,Long Haul,Poor
13564,Delta,6537,12,176,OnTime,164,Medium Long,Poor
13565,Emirates,1487,105,16,Delayed,-89,Short Haul,Good
13566,Indigo,7141,20,46,Delayed,26,Long Haul,Poor
13567,Delta,4401,134,155,OnTime,21,Medium Long,Poor
13568,Emirates,9779,150,144,OnTime,-6,Long Haul,Poor
13569,Indigo,8801,143,125,OnTime,-18,Long Haul,Poor
13570,Indigo,6769,3,102,OnTime,99,Medium Long,Poor
13571,Indigo,10799,1,74,Delayed,73,Long Haul,Poor
13572,Indigo,4553,127,173,OnTime,46,Medium Long,Poor
13573,Lufthansa,9656,52,109,Delayed,57,Long Haul,Poor
13574,Emirates,6621,21,25,OnTime,4,Medium Long,Good
13575,Indigo,8225,58,61,Delayed,3,Long Haul,Poor
13576,Emirates,1598,83,155,Delayed,72,Short Haul,Poor
13577,Emirates,4079,41,160,OnTime,119,Medium Long,Poor
13578,Emirates,5026,60,111,OnTime,51,Medium Long,Poor
13579,Delta,4148,164,50,OnTime,-114,Medium Long,Poor
13580,Emirates,10485,6,73,OnTime,67,Long Haul,Poor
13581,Emirates,9004,6,146,OnTime,140,Long Haul,Poor
13582,Indigo,3850,124,6,Delayed,-118,Medium Long,Good
13583,Lufthansa,4144,34,80,Delayed,46,Medium Long,Poor
13584,Indigo,10932,99,77,OnTime,-22,Long Haul,Poor
13585,Emirates,10194,65,79,Delayed,14,Long Haul,Poor
13586,Emirates,3822,44,160,Delayed,116,Medium Long,Poor
13587,Emirates,3752,96,2,Delayed,-94,Medium Long,Good
13588,Delta,8482,135,53,OnTime,-82,Long Haul,Poor
13589,Lufthansa,4570,91,35,OnTime,-56,Medium Long,Poor
13590,Emirates,11521,56,83,Delayed,27,Long Haul,Poor
13591,Lufthansa,6630,49,0,OnTime,-49,Medium Long,Good
13592,Emirates,4645,59,21,Delayed,-38,Medium Long,Good
13593,Emirates,6104,12,52,OnTime,40,Medium Long,Poor
13594,Lufthansa,9815,41,101,Delayed,60,Long Haul,Poor
13595,Delta,11259,64,88,OnTime,24,Long Haul,Poor
13596,Indigo,6257,43,1,OnTime,-42,Medium Long,Good
13597,Delta,2307,22,150,OnTime,128,Short Haul,Poor
13598,Lufthansa,346,158,126,Delayed,-32,Short Haul,Poor
13599,Indigo,1071,154,179,OnTime,25,Short Haul,Poor
13600,Indigo,9363,122,79,OnTime,-43,Long Haul,Poor
13601,Lufthansa,4225,162,117,OnTime,-45,Medium Long,Poor
13602,Indigo,6115,70,133,Delayed,63,Medium Long,Poor
13603,Delta,7036,61,63,OnTime,2,Long Haul,Poor
13604,Delta,8470,128,131,OnTime,3,Long Haul,Poor
13605,Lufthansa,4400,34,183,Delayed,149,Medium Long,Poor
13606,Lufthansa,6170,44,40,OnTime,-4,Medium Long,Poor
13607,Indigo,5426,146,23,OnTime,-123,Medium Long,Good
13608,Indigo,10520,69,164,Delayed,95,Long Haul,Poor
13609,Indigo,3476,169,176,OnTime,7,Medium Long,Poor
13610,Emirates,7685,102,23,OnTime,-79,Long Haul,Good
13611,Emirates,9074,97,138,OnTime,41,Long Haul,Poor
13612,Lufthansa,11894,60,162,OnTime,102,Long Haul,Poor
13613,Emirates,2953,40,96,Delayed,56,Short Haul,Poor
13614,Lufthansa,4356,120,61,Delayed,-59,Medium Long,Poor
13615,Indigo,5089,16,137,Delayed,121,Medium Long,Poor
13616,Indigo,10809,27,136,OnTime,109,Long Haul,Poor
13617,Emirates,6176,108,74,Delayed,-34,Medium Long,Poor
13618,Delta,7790,132,137,Delayed,5,Long Haul,Poor
13619,Emirates,5481,36,72,Delayed,36,Medium Long,Poor
13620,Lufthansa,4376,111,101,Delayed,-10,Medium Long,Poor
13621,Indigo,9729,142,184,Delayed,42,Long Haul,Poor
13622,Lufthansa,8817,170,60,OnTime,-110,Long Haul,Poor
13623,Lufthansa,11911,99,187,OnTime,88,Long Haul,Poor
13624,Emirates,11218,179,162,OnTime,-17,Long Haul,Poor
13625,Indigo,5787,39,146,OnTime,107,Medium Long,Poor
13626,Delta,1845,70,160,Delayed,90,Short Haul,Poor
13627,Lufthansa,760,66,44,OnTime,-22,Short Haul,Poor
13628,Indigo,10631,165,115,OnTime,-50,Long Haul,Poor
13629,Delta,1063,106,65,Delayed,-41,Short Haul,Poor
13630,Indigo,7379,40,38,Delayed,-2,Long Haul,Poor
13631,Lufthansa,4675,99,140,Delayed,41,Medium Long,Poor
13632,Lufthansa,1888,73,107,Delayed,34,Short Haul,Poor
13633,Indigo,10668,118,136,OnTime,18,Long Haul,Poor
13634,Indigo,9174,147,112,Delayed,-35,Long Haul,Poor
13635,Indigo,10589,88,130,OnTime,42,Long Haul,Poor
13636,Emirates,8698,2,162,Delayed,160,Long Haul,Poor
13637,Delta,1769,130,125,OnTime,-5,Short Haul,Poor
13638,Indigo,6570,171,91,Delayed,-80,Medium Long,Poor
13639,Emirates,2542,15,189,OnTime,174,Short Haul,Poor
13640,Delta,9867,56,9,OnTime,-47,Long Haul,Good
13641,Delta,3503,39,49,Delayed,10,Medium Long,Poor
13642,Emirates,9444,15,38,OnTime,23,Long Haul,Poor
13643,Lufthansa,1364,149,21,OnTime,-128,Short Haul,Good
13644,Emirates,9413,27,148,OnTime,121,Long Haul,Poor
13645,Delta,10179,24,187,OnTime,163,Long Haul,Poor
13646,Lufthansa,1103,11,133,OnTime,122,Short Haul,Poor
13647,Indigo,5363,175,116,OnTime,-59,Medium Long,Poor
13648,Lufthansa,7615,120,8,Delayed,-112,Long Haul,Good
13649,Delta,9346,93,113,OnTime,20,Long Haul,Poor
13650,Lufthansa,6636,22,50,Delayed,28,Medium Long,Poor
13651,Indigo,1095,178,9,OnTime,-169,Short Haul,Good
13652,Emirates,9862,109,181,OnTime,72,Long Haul,Poor
13653,Emirates,5411,15,84,OnTime,69,Medium Long,Poor
13654,Lufthansa,10025,19,115,OnTime,96,Long Haul,Poor
13655,Emirates,7998,126,145,OnTime,19,Long Haul,Poor
13656,Indigo,3482,55,131,Delayed,76,Medium Long,Poor
13657,Lufthansa,3424,26,32,OnTime,6,Medium Long,Poor
13658,Emirates,10378,24,107,Delayed,83,Long Haul,Poor
13659,Delta,6418,147,66,Delayed,-81,Medium Long,Poor
13660,Delta,828,13,56,Delayed,43,Short Haul,Poor
13661,Emirates,9459,154,21,Delayed,-133,Long Haul,Good
13662,Delta,5041,125,129,OnTime,4,Medium Long,Poor
13663,Emirates,7140,98,153,Delayed,55,Long Haul,Poor
13664,Emirates,2856,171,143,Delayed,-28,Short Haul,Poor
13665,Indigo,8462,146,118,OnTime,-28,Long Haul,Poor
13666,Lufthansa,4094,151,22,OnTime,-129,Medium Long,Good
13667,Delta,6054,90,179,OnTime,89,Medium Long,Poor
13668,Emirates,3198,67,159,OnTime,92,Medium Long,Poor
13669,Delta,5997,144,133,Delayed,-11,Medium Long,Poor
13670,Indigo,462,15,96,OnTime,81,Short Haul,Poor
13671,Indigo,3099,82,38,Delayed,-44,Medium Long,Poor
13672,Emirates,3154,81,137,OnTime,56,Medium Long,Poor
13673,Emirates,2932,42,196,OnTime,154,Short Haul,Poor
13674,Indigo,8976,87,100,OnTime,13,Long Haul,Poor
13675,Indigo,6131,67,189,Delayed,122,Medium Long,Poor
13676,Emirates,8596,142,193,Delayed,51,Long Haul,Poor
13677,Emirates,6851,28,85,OnTime,57,Medium Long,Poor
13678,Lufthansa,5726,158,134,Delayed,-24,Medium Long,Poor
13679,Indigo,3070,139,47,Delayed,-92,Medium Long,Poor
13680,Delta,4552,141,81,OnTime,-60,Medium Long,Poor
13681,Emirates,7639,120,197,Delayed,77,Long Haul,Poor
13682,Emirates,7995,85,175,OnTime,90,Long Haul,Poor
13683,Indigo,9696,132,37,OnTime,-95,Long Haul,Poor
13684,Lufthansa,1818,113,155,Delayed,42,Short Haul,Poor
13685,Indigo,9626,36,128,OnTime,92,Long Haul,Poor
13686,Emirates,1927,167,129,Delayed,-38,Short Haul,Poor
13687,Indigo,2184,48,168,Delayed,120,Short Haul,Poor
13688,Indigo,5416,1,68,OnTime,67,Medium Long,Poor
13689,Delta,2392,68,169,Delayed,101,Short Haul,Poor
13690,Indigo,3287,10,44,OnTime,34,Medium Long,Poor
13691,Lufthansa,5699,115,134,OnTime,19,Medium Long,Poor
13692,Indigo,9740,94,11,Delayed,-83,Long Haul,Good
13693,Delta,3753,73,152,OnTime,79,Medium Long,Poor
13694,Lufthansa,3807,18,13,Delayed,-5,Medium Long,Good
13695,Delta,11005,22,30,Delayed,8,Long Haul,Good
13696,Emirates,11745,48,79,Delayed,31,Long Haul,Poor
13697,Lufthansa,1609,174,72,OnTime,-102,Short Haul,Poor
13698,Emirates,2378,106,31,Delayed,-75,Short Haul,Poor
13699,Indigo,1107,67,160,OnTime,93,Short Haul,Poor
13700,Emirates,2389,46,196,Delayed,150,Short Haul,Poor
13701,Delta,5857,157,33,OnTime,-124,Medium Long,Poor
13702,Lufthansa,3028,168,184,OnTime,16,Medium Long,Poor
13703,Delta,5055,27,197,OnTime,170,Medium Long,Poor
13704,Indigo,11488,14,77,Delayed,63,Long Haul,Poor
13705,Lufthansa,4158,167,15,Delayed,-152,Medium Long,Good
13706,Indigo,10257,107,41,OnTime,-66,Long Haul,Poor
13707,Delta,9450,82,142,Delayed,60,Long Haul,Poor
13708,Delta,4065,147,87,OnTime,-60,Medium Long,Poor
13709,Emirates,11486,113,61,OnTime,-52,Long Haul,Poor
13710,Emirates,3488,81,196,Delayed,115,Medium Long,Poor
13711,Delta,6263,163,123,Delayed,-40,Medium Long,Poor
13712,Lufthansa,10967,99,93,Delayed,-6,Long Haul,Poor
13713,Delta,5278,8,183,Delayed,175,Medium Long,Poor
13714,Emirates,1718,22,153,OnTime,131,Short Haul,Poor
13715,Delta,9384,127,179,Delayed,52,Long Haul,Poor
13716,Indigo,2312,11,148,Delayed,137,Short Haul,Poor
13717,Lufthansa,6126,144,190,OnTime,46,Medium Long,Poor
13718,Emirates,600,41,169,Delayed,128,Short Haul,Poor
13719,Indigo,9474,16,196,Delayed,180,Long Haul,Poor
13720,Emirates,5467,142,13,OnTime,-129,Medium Long,Good
13721,Lufthansa,11308,120,81,OnTime,-39,Long Haul,Poor
13722,Emirates,11250,55,57,Delayed,2,Long Haul,Poor
13723,Delta,4686,131,139,Delayed,8,Medium Long,Poor
13724,Indigo,1766,44,42,OnTime,-2,Short Haul,Poor
13725,Emirates,10175,43,21,Delayed,-22,Long Haul,Good
13726,Indigo,1170,120,95,OnTime,-25,Short Haul,Poor
13727,Emirates,8809,115,7,Delayed,-108,Long Haul,Good
13728,Emirates,1942,105,160,Delayed,55,Short Haul,Poor
13729,Lufthansa,2611,74,66,OnTime,-8,Short Haul,Poor
13730,Lufthansa,8363,132,46,OnTime,-86,Long Haul,Poor
13731,Emirates,7627,121,110,OnTime,-11,Long Haul,Poor
13732,Emirates,2087,96,83,Delayed,-13,Short Haul,Poor
13733,Emirates,7288,146,47,OnTime,-99,Long Haul,Poor
13734,Lufthansa,6276,113,17,Delayed,-96,Medium Long,Good
13735,Emirates,820,71,10,Delayed,-61,Short Haul,Good
13736,Lufthansa,6333,115,13,OnTime,-102,Medium Long,Good
13737,Lufthansa,1127,147,186,OnTime,39,Short Haul,Poor
13738,Lufthansa,5687,82,116,OnTime,34,Medium Long,Poor
13739,Emirates,7498,160,26,OnTime,-134,Long Haul,Good
13740,Delta,11131,85,114,OnTime,29,Long Haul,Poor
13741,Emirates,5602,141,134,Delayed,-7,Medium Long,Poor
13742,Delta,7905,100,86,OnTime,-14,Long Haul,Poor
13743,Indigo,5014,7,39,OnTime,32,Medium Long,Poor
13744,Indigo,2930,22,112,Delayed,90,Short Haul,Poor
13745,Delta,3435,151,192,Delayed,41,Medium Long,Poor
13746,Lufthansa,3795,27,74,OnTime,47,Medium Long,Poor
13747,Emirates,11983,46,183,Delayed,137,Long Haul,Poor
13748,Lufthansa,5959,115,197,Delayed,82,Medium Long,Poor
13749,Delta,11238,50,59,OnTime,9,Long Haul,Poor
13750,Delta,6476,34,58,Delayed,24,Medium Long,Poor
13751,Indigo,7136,15,70,OnTime,55,Long Haul,Poor
13752,Indigo,4672,118,177,Delayed,59,Medium Long,Poor
13753,Lufthansa,6664,58,101,OnTime,43,Medium Long,Poor
13754,Delta,6727,107,81,Delayed,-26,Medium Long,Poor
13755,Delta,7620,139,56,Delayed,-83,Long Haul,Poor
13756,Indigo,10203,72,103,Delayed,31,Long Haul,Poor
13757,Lufthansa,1643,176,151,OnTime,-25,Short Haul,Poor
13758,Emirates,8704,154,75,Delayed,-79,Long Haul,Poor
13759,Emirates,10403,24,50,Delayed,26,Long Haul,Poor
13760,Indigo,10039,132,104,Delayed,-28,Long Haul,Poor
13761,Indigo,10594,56,198,OnTime,142,Long Haul,Poor
13762,Lufthansa,3644,105,90,OnTime,-15,Medium Long,Poor
13763,Lufthansa,2810,41,171,OnTime,130,Short Haul,Poor
13764,Lufthansa,5003,143,133,OnTime,-10,Medium Long,Poor
13765,Indigo,1466,74,136,Delayed,62,Short Haul,Poor
13766,Emirates,7555,142,106,OnTime,-36,Long Haul,Poor
13767,Indigo,2125,88,48,Delayed,-40,Short Haul,Poor
13768,Lufthansa,4168,109,183,OnTime,74,Medium Long,Poor
13769,Lufthansa,11025,147,112,OnTime,-35,Long Haul,Poor
13770,Delta,10030,94,92,Delayed,-2,Long Haul,Poor
13771,Emirates,11501,173,193,Delayed,20,Long Haul,Poor
13772,Delta,11627,78,78,OnTime,0,Long Haul,Poor
13773,Indigo,9404,57,10,OnTime,-47,Long Haul,Good
13774,Indigo,10959,30,157,Delayed,127,Long Haul,Poor
13775,Indigo,10568,81,76,Delayed,-5,Long Haul,Poor
13776,Lufthansa,4120,176,27,Delayed,-149,Medium Long,Good
13777,Delta,3749,25,108,OnTime,83,Medium Long,Poor
13778,Indigo,5607,52,112,Delayed,60,Medium Long,Poor
13779,Lufthansa,1433,39,86,OnTime,47,Short Haul,Poor
13780,Emirates,9207,144,197,Delayed,53,Long Haul,Poor
13781,Delta,5593,100,99,OnTime,-1,Medium Long,Poor
13782,Indigo,4007,106,125,OnTime,19,Medium Long,Poor
13783,Lufthansa,6250,49,32,OnTime,-17,Medium Long,Poor
13784,Delta,7257,174,186,OnTime,12,Long Haul,Poor
13785,Lufthansa,7681,36,136,OnTime,100,Long Haul,Poor
13786,Lufthansa,11292,87,141,OnTime,54,Long Haul,Poor
13787,Lufthansa,9198,127,106,Delayed,-21,Long Haul,Poor
13788,Emirates,7043,29,196,OnTime,167,Long Haul,Poor
13789,Delta,11305,154,151,OnTime,-3,Long Haul,Poor
13790,Indigo,9020,107,96,Delayed,-11,Long Haul,Poor
13791,Indigo,9273,95,194,Delayed,99,Long Haul,Poor
13792,Delta,4637,140,60,OnTime,-80,Medium Long,Poor
13793,Lufthansa,8952,89,182,OnTime,93,Long Haul,Poor
13794,Delta,11401,39,8,OnTime,-31,Long Haul,Good
13795,Indigo,2049,172,61,Delayed,-111,Short Haul,Poor
13796,Indigo,4144,36,6,Delayed,-30,Medium Long,Good
13797,Lufthansa,6142,59,74,OnTime,15,Medium Long,Poor
13798,Delta,10086,171,99,Delayed,-72,Long Haul,Poor
13799,Emirates,8639,125,108,OnTime,-17,Long Haul,Poor
13800,Delta,11259,149,27,Delayed,-122,Long Haul,Good
13801,Delta,7425,23,27,OnTime,4,Long Haul,Good
13802,Delta,8647,179,94,OnTime,-85,Long Haul,Poor
13803,Delta,6855,76,98,Delayed,22,Medium Long,Poor
13804,Delta,3386,87,160,Delayed,73,Medium Long,Poor
13805,Lufthansa,6741,100,163,Delayed,63,Medium Long,Poor
13806,Indigo,6735,32,198,Delayed,166,Medium Long,Poor
13807,Emirates,9563,169,125,Delayed,-44,Long Haul,Poor
13808,Lufthansa,7703,90,139,OnTime,49,Long Haul,Poor
13809,Delta,2877,148,113,Delayed,-35,Short Haul,Poor
13810,Lufthansa,8095,82,144,OnTime,62,Long Haul,Poor
13811,Delta,10379,110,47,Delayed,-63,Long Haul,Poor
13812,Indigo,9882,146,191,Delayed,45,Long Haul,Poor
13813,Indigo,3646,169,110,Delayed,-59,Medium Long,Poor
13814,Emirates,11039,40,163,Delayed,123,Long Haul,Poor
13815,Delta,2197,177,145,Delayed,-32,Short Haul,Poor
13816,Emirates,9587,139,120,OnTime,-19,Long Haul,Poor
13817,Delta,6530,83,168,Delayed,85,Medium Long,Poor
13818,Indigo,595,117,194,Delayed,77,Short Haul,Poor
13819,Indigo,9696,2,113,OnTime,111,Long Haul,Poor
13820,Lufthansa,11992,85,88,OnTime,3,Long Haul,Poor
13821,Delta,3222,19,7,OnTime,-12,Medium Long,Good
13822,Lufthansa,7488,130,34,Delayed,-96,Long Haul,Poor
13823,Delta,4926,65,159,OnTime,94,Medium Long,Poor
13824,Lufthansa,6488,48,97,Delayed,49,Medium Long,Poor
13825,Indigo,5365,86,79,Delayed,-7,Medium Long,Poor
13826,Delta,1798,59,10,Delayed,-49,Short Haul,Good
13827,Delta,3645,171,0,OnTime,-171,Medium Long,Good
13828,Indigo,9792,27,97,OnTime,70,Long Haul,Poor
13829,Delta,9504,168,3,Delayed,-165,Long Haul,Good
13830,Delta,10901,100,54,OnTime,-46,Long Haul,Poor
13831,Indigo,7741,166,39,Delayed,-127,Long Haul,Poor
13832,Lufthansa,6606,41,174,Delayed,133,Medium Long,Poor
13833,Emirates,3211,172,179,OnTime,7,Medium Long,Poor
13834,Delta,2846,105,169,OnTime,64,Short Haul,Poor
13835,Delta,2900,37,21,Delayed,-16,Short Haul,Good
13836,Indigo,1047,36,139,OnTime,103,Short Haul,Poor
13837,Delta,11928,59,165,OnTime,106,Long Haul,Poor
13838,Emirates,10016,29,54,OnTime,25,Long Haul,Poor
13839,Delta,5846,112,193,OnTime,81,Medium Long,Poor
13840,Emirates,7399,127,58,OnTime,-69,Long Haul,Poor
13841,Emirates,8679,167,81,Delayed,-86,Long Haul,Poor
13842,Indigo,882,123,134,OnTime,11,Short Haul,Poor
13843,Emirates,5022,121,114,OnTime,-7,Medium Long,Poor
13844,Indigo,6376,22,90,OnTime,68,Medium Long,Poor
13845,Indigo,8283,73,50,Delayed,-23,Long Haul,Poor
13846,Indigo,10934,41,102,OnTime,61,Long Haul,Poor
13847,Delta,2356,144,193,OnTime,49,Short Haul,Poor
13848,Emirates,830,173,138,Delayed,-35,Short Haul,Poor
13849,Lufthansa,7887,30,164,Delayed,134,Long Haul,Poor
13850,Lufthansa,7365,58,155,OnTime,97,Long Haul,Poor
13851,Delta,10582,36,96,Delayed,60,Long Haul,Poor
13852,Emirates,3316,41,193,OnTime,152,Medium Long,Poor
13853,Delta,10480,121,108,OnTime,-13,Long Haul,Poor
13854,Indigo,10010,179,93,Delayed,-86,Long Haul,Poor
13855,Delta,9634,155,96,Delayed,-59,Long Haul,Poor
13856,Indigo,3524,159,104,OnTime,-55,Medium Long,Poor
13857,Delta,3173,15,140,OnTime,125,Medium Long,Poor
13858,Emirates,11119,28,35,Delayed,7,Long Haul,Poor
13859,Delta,4304,74,51,OnTime,-23,Medium Long,Poor
13860,Lufthansa,10973,58,8,Delayed,-50,Long Haul,Good
13861,Delta,815,58,96,OnTime,38,Short Haul,Poor
13862,Delta,2082,78,140,OnTime,62,Short Haul,Poor
13863,Lufthansa,1079,138,185,OnTime,47,Short Haul,Poor
13864,Delta,9553,128,123,OnTime,-5,Long Haul,Poor
13865,Delta,9900,108,123,OnTime,15,Long Haul,Poor
13866,Delta,4698,43,86,Delayed,43,Medium Long,Poor
13867,Delta,10203,142,31,OnTime,-111,Long Haul,Poor
13868,Emirates,11040,159,16,Delayed,-143,Long Haul,Good
13869,Emirates,321,132,24,OnTime,-108,Short Haul,Good
13870,Delta,11750,81,154,OnTime,73,Long Haul,Poor
13871,Delta,6645,75,26,OnTime,-49,Medium Long,Good
13872,Emirates,7675,73,74,OnTime,1,Long Haul,Poor
13873,Delta,6462,79,112,Delayed,33,Medium Long,Poor
13874,Emirates,1676,148,164,Delayed,16,Short Haul,Poor
13875,Indigo,6761,168,142,Delayed,-26,Medium Long,Poor
13876,Emirates,6411,48,45,OnTime,-3,Medium Long,Poor
13877,Indigo,5692,91,148,OnTime,57,Medium Long,Poor
13878,Lufthansa,6071,27,172,Delayed,145,Medium Long,Poor
13879,Delta,10290,131,105,Delayed,-26,Long Haul,Poor
13880,Lufthansa,2553,7,129,OnTime,122,Short Haul,Poor
13881,Emirates,5001,72,45,Delayed,-27,Medium Long,Poor
13882,Delta,4919,121,128,Delayed,7,Medium Long,Poor
13883,Indigo,6071,157,95,OnTime,-62,Medium Long,Poor
13884,Delta,2460,65,62,Delayed,-3,Short Haul,Poor
13885,Delta,4170,109,87,OnTime,-22,Medium Long,Poor
13886,Emirates,4603,69,75,OnTime,6,Medium Long,Poor
13887,Lufthansa,3680,172,112,OnTime,-60,Medium Long,Poor
13888,Lufthansa,9383,65,114,Delayed,49,Long Haul,Poor
13889,Lufthansa,3066,104,153,OnTime,49,Medium Long,Poor
13890,Emirates,6535,92,47,Delayed,-45,Medium Long,Poor
13891,Lufthansa,2583,61,162,OnTime,101,Short Haul,Poor
13892,Delta,862,177,186,Delayed,9,Short Haul,Poor
13893,Emirates,11885,27,63,OnTime,36,Long Haul,Poor
13894,Lufthansa,8132,27,166,OnTime,139,Long Haul,Poor
13895,Lufthansa,8151,1,182,OnTime,181,Long Haul,Poor
13896,Delta,4415,21,8,Delayed,-13,Medium Long,Good
13897,Lufthansa,4032,109,68,OnTime,-41,Medium Long,Poor
13898,Delta,4946,2,44,Delayed,42,Medium Long,Poor
13899,Indigo,2951,158,24,Delayed,-134,Short Haul,Good
13900,Delta,2316,74,48,OnTime,-26,Short Haul,Poor
13901,Delta,9721,148,0,Delayed,-148,Long Haul,Good
13902,Lufthansa,1426,103,25,OnTime,-78,Short Haul,Good
13903,Indigo,398,79,66,OnTime,-13,Short Haul,Poor
13904,Emirates,1384,88,139,Delayed,51,Short Haul,Poor
13905,Emirates,3174,125,109,Delayed,-16,Medium Long,Poor
13906,Indigo,5242,71,76,OnTime,5,Medium Long,Poor
13907,Emirates,315,152,56,Delayed,-96,Short Haul,Poor
13908,Emirates,3225,50,99,OnTime,49,Medium Long,Poor
13909,Emirates,1867,55,100,Delayed,45,Short Haul,Poor
13910,Delta,4758,119,165,OnTime,46,Medium Long,Poor
13911,Lufthansa,4606,12,50,OnTime,38,Medium Long,Poor
13912,Indigo,7290,49,71,OnTime,22,Long Haul,Poor
13913,Lufthansa,5980,14,158,OnTime,144,Medium Long,Poor
13914,Lufthansa,6730,75,135,OnTime,60,Medium Long,Poor
13915,Indigo,230,97,56,OnTime,-41,Short Haul,Poor
13916,Emirates,11441,91,16,Delayed,-75,Long Haul,Good
13917,Emirates,11715,27,195,OnTime,168,Long Haul,Poor
13918,Delta,8962,121,55,Delayed,-66,Long Haul,Poor
13919,Delta,6032,115,52,Delayed,-63,Medium Long,Poor
13920,Delta,8093,22,182,OnTime,160,Long Haul,Poor
13921,Lufthansa,11953,131,139,OnTime,8,Long Haul,Poor
13922,Delta,4576,90,105,Delayed,15,Medium Long,Poor
13923,Lufthansa,4274,28,117,Delayed,89,Medium Long,Poor
13924,Indigo,10879,18,6,Delayed,-12,Long Haul,Good
13925,Emirates,1568,65,36,Delayed,-29,Short Haul,Poor
13926,Emirates,247,68,63,Delayed,-5,Short Haul,Poor
13927,Indigo,11608,102,50,Delayed,-52,Long Haul,Poor
13928,Indigo,9984,90,131,OnTime,41,Long Haul,Poor
13929,Delta,11712,144,98,Delayed,-46,Long Haul,Poor
13930,Indigo,10809,10,181,OnTime,171,Long Haul,Poor
13931,Lufthansa,5742,104,28,Delayed,-76,Medium Long,Good
13932,Delta,4522,146,100,Delayed,-46,Medium Long,Poor
13933,Delta,11743,51,131,OnTime,80,Long Haul,Poor
13934,Delta,7647,153,28,Delayed,-125,Long Haul,Good
13935,Emirates,10873,97,3,OnTime,-94,Long Haul,Good
13936,Indigo,3101,178,123,Delayed,-55,Medium Long,Poor
13937,Indigo,1404,179,172,OnTime,-7,Short Haul,Poor
13938,Emirates,2460,42,113,OnTime,71,Short Haul,Poor
13939,Indigo,8052,170,120,Delayed,-50,Long Haul,Poor
13940,Lufthansa,7383,104,5,OnTime,-99,Long Haul,Good
13941,Emirates,10358,11,166,Delayed,155,Long Haul,Poor
13942,Indigo,1806,5,150,OnTime,145,Short Haul,Poor
13943,Indigo,1626,142,3,Delayed,-139,Short Haul,Good
13944,Emirates,11229,131,8,OnTime,-123,Long Haul,Good
13945,Indigo,3139,141,162,Delayed,21,Medium Long,Poor
13946,Emirates,1378,61,42,OnTime,-19,Short Haul,Poor
13947,Delta,3007,178,107,OnTime,-71,Medium Long,Poor
13948,Delta,11447,145,110,OnTime,-35,Long Haul,Poor
13949,Indigo,3289,176,76,Delayed,-100,Medium Long,Poor
13950,Indigo,5424,74,20,OnTime,-54,Medium Long,Good
13951,Delta,9701,34,44,Delayed,10,Long Haul,Poor
13952,Delta,6962,62,97,Delayed,35,Medium Long,Poor
13953,Indigo,5531,119,36,Delayed,-83,Medium Long,Poor
13954,Lufthansa,3134,44,177,OnTime,133,Medium Long,Poor
13955,Indigo,6344,41,171,Delayed,130,Medium Long,Poor
13956,Emirates,9282,87,90,OnTime,3,Long Haul,Poor
13957,Delta,3243,116,35,OnTime,-81,Medium Long,Poor
13958,Indigo,11494,123,199,Delayed,76,Long Haul,Poor
13959,Emirates,520,0,42,Delayed,42,Short Haul,Poor
13960,Indigo,5076,112,50,OnTime,-62,Medium Long,Poor
13961,Emirates,10820,162,42,OnTime,-120,Long Haul,Poor
13962,Lufthansa,4456,127,114,Delayed,-13,Medium Long,Poor
13963,Emirates,3339,30,82,OnTime,52,Medium Long,Poor
13964,Lufthansa,1594,8,68,OnTime,60,Short Haul,Poor
13965,Lufthansa,8088,86,194,OnTime,108,Long Haul,Poor
13966,Lufthansa,1127,18,88,Delayed,70,Short Haul,Poor
13967,Delta,1610,147,125,Delayed,-22,Short Haul,Poor
13968,Emirates,9727,60,169,OnTime,109,Long Haul,Poor
13969,Indigo,8737,92,24,Delayed,-68,Long Haul,Good
13970,Lufthansa,8411,38,180,Delayed,142,Long Haul,Poor
13971,Lufthansa,626,147,84,OnTime,-63,Short Haul,Poor
13972,Lufthansa,6475,5,170,Delayed,165,Medium Long,Poor
13973,Indigo,8848,67,72,Delayed,5,Long Haul,Poor
13974,Indigo,8631,168,150,Delayed,-18,Long Haul,Poor
13975,Emirates,9611,99,106,OnTime,7,Long Haul,Poor
13976,Emirates,10526,99,125,Delayed,26,Long Haul,Poor
13977,Indigo,11953,92,135,Delayed,43,Long Haul,Poor
13978,Emirates,11827,175,74,Delayed,-101,Long Haul,Poor
13979,Emirates,864,124,94,Delayed,-30,Short Haul,Poor
13980,Indigo,3295,110,18,OnTime,-92,Medium Long,Good
13981,Indigo,4961,40,181,Delayed,141,Medium Long,Poor
13982,Lufthansa,2846,10,14,OnTime,4,Short Haul,Good
13983,Lufthansa,4511,14,20,Delayed,6,Medium Long,Good
13984,Delta,597,173,57,Delayed,-116,Short Haul,Poor
13985,Emirates,11912,0,20,Delayed,20,Long Haul,Good
13986,Lufthansa,7212,163,147,OnTime,-16,Long Haul,Poor
13987,Emirates,7854,151,56,OnTime,-95,Long Haul,Poor
13988,Delta,11224,129,87,OnTime,-42,Long Haul,Poor
13989,Emirates,9182,111,123,Delayed,12,Long Haul,Poor
13990,Indigo,11463,154,105,Delayed,-49,Long Haul,Poor
13991,Delta,9210,62,103,Delayed,41,Long Haul,Poor
13992,Delta,9404,13,114,Delayed,101,Long Haul,Poor
13993,Delta,1966,53,137,OnTime,84,Short Haul,Poor
13994,Indigo,4401,77,84,OnTime,7,Medium Long,Poor
13995,Emirates,4747,108,193,Delayed,85,Medium Long,Poor
13996,Lufthansa,2163,177,29,OnTime,-148,Short Haul,Good
13997,Delta,2909,64,4,Delayed,-60,Short Haul,Good
13998,Indigo,10262,114,105,Delayed,-9,Long Haul,Poor
13999,Delta,5335,117,123,OnTime,6,Medium Long,Poor
14000,Lufthansa,10233,15,42,OnTime,27,Long Haul,Poor
14001,Indigo,5720,79,190,Delayed,111,Medium Long,Poor
14002,Delta,982,88,147,OnTime,59,Short Haul,Poor
14003,Delta,11222,102,74,OnTime,-28,Long Haul,Poor
14004,Lufthansa,8425,59,169,OnTime,110,Long Haul,Poor
14005,Indigo,3086,139,112,Delayed,-27,Medium Long,Poor
14006,Delta,7799,42,117,Delayed,75,Long Haul,Poor
14007,Emirates,9124,131,114,Delayed,-17,Long Haul,Poor
14008,Lufthansa,9676,161,27,OnTime,-134,Long Haul,Good
14009,Delta,6760,50,152,Delayed,102,Medium Long,Poor
14010,Indigo,3393,9,65,Delayed,56,Medium Long,Poor
14011,Emirates,4247,3,191,Delayed,188,Medium Long,Poor
14012,Lufthansa,4347,25,26,OnTime,1,Medium Long,Good
14013,Delta,11725,114,112,Delayed,-2,Long Haul,Poor
14014,Emirates,3093,143,199,Delayed,56,Medium Long,Poor
14015,Indigo,11628,140,68,Delayed,-72,Long Haul,Poor
14016,Emirates,10721,53,38,Delayed,-15,Long Haul,Poor
14017,Delta,11077,114,46,Delayed,-68,Long Haul,Poor
14018,Emirates,6398,29,171,Delayed,142,Medium Long,Poor
14019,Delta,2893,84,2,OnTime,-82,Short Haul,Good
14020,Delta,9154,166,128,OnTime,-38,Long Haul,Poor
14021,Indigo,9230,47,70,Delayed,23,Long Haul,Poor
14022,Indigo,5346,170,152,OnTime,-18,Medium Long,Poor
14023,Delta,449,178,108,OnTime,-70,Short Haul,Poor
14024,Lufthansa,7162,34,93,Delayed,59,Long Haul,Poor
14025,Lufthansa,4078,2,122,Delayed,120,Medium Long,Poor
14026,Indigo,584,16,65,OnTime,49,Short Haul,Poor
14027,Emirates,5761,164,105,Delayed,-59,Medium Long,Poor
14028,Indigo,7329,131,176,Delayed,45,Long Haul,Poor
14029,Lufthansa,9256,113,55,Delayed,-58,Long Haul,Poor
14030,Lufthansa,8548,90,130,Delayed,40,Long Haul,Poor
14031,Emirates,526,92,58,OnTime,-34,Short Haul,Poor
14032,Indigo,5881,76,174,Delayed,98,Medium Long,Poor
14033,Emirates,4433,117,54,Delayed,-63,Medium Long,Poor
14034,Lufthansa,10123,30,198,OnTime,168,Long Haul,Poor
14035,Delta,2023,35,194,OnTime,159,Short Haul,Poor
14036,Delta,312,72,170,OnTime,98,Short Haul,Poor
14037,Indigo,6408,92,90,Delayed,-2,Medium Long,Poor
14038,Lufthansa,2296,36,120,OnTime,84,Short Haul,Poor
14039,Emirates,9516,17,22,Delayed,5,Long Haul,Good
14040,Indigo,11290,123,178,OnTime,55,Long Haul,Poor
14041,Indigo,1735,26,68,Delayed,42,Short Haul,Poor
14042,Delta,6525,148,1,OnTime,-147,Medium Long,Good
14043,Indigo,4286,69,68,OnTime,-1,Medium Long,Poor
14044,Delta,11041,132,150,Delayed,18,Long Haul,Poor
14045,Emirates,9922,160,71,Delayed,-89,Long Haul,Poor
14046,Emirates,1820,135,185,Delayed,50,Short Haul,Poor
14047,Emirates,1405,105,61,OnTime,-44,Short Haul,Poor
14048,Lufthansa,5641,14,60,OnTime,46,Medium Long,Poor
14049,Emirates,10918,66,66,Delayed,0,Long Haul,Poor
14050,Lufthansa,10471,84,130,Delayed,46,Long Haul,Poor
14051,Indigo,5456,111,47,Delayed,-64,Medium Long,Poor
14052,Indigo,8109,167,77,OnTime,-90,Long Haul,Poor
14053,Indigo,1797,64,49,Delayed,-15,Short Haul,Poor
14054,Lufthansa,11633,76,3,Delayed,-73,Long Haul,Good
14055,Emirates,3036,5,151,Delayed,146,Medium Long,Poor
14056,Emirates,7883,2,2,Delayed,0,Long Haul,Good
14057,Emirates,7838,26,119,OnTime,93,Long Haul,Poor
14058,Lufthansa,1916,107,39,OnTime,-68,Short Haul,Poor
14059,Indigo,11387,74,87,OnTime,13,Long Haul,Poor
14060,Lufthansa,10968,138,132,OnTime,-6,Long Haul,Poor
14061,Lufthansa,8212,80,15,Delayed,-65,Long Haul,Good
14062,Indigo,909,177,163,Delayed,-14,Short Haul,Poor
14063,Emirates,1458,129,130,OnTime,1,Short Haul,Poor
14064,Delta,1449,114,121,OnTime,7,Short Haul,Poor
14065,Emirates,647,172,194,Delayed,22,Short Haul,Poor
14066,Delta,3897,142,20,OnTime,-122,Medium Long,Good
14067,Lufthansa,7405,143,5,OnTime,-138,Long Haul,Good
14068,Indigo,7708,170,180,OnTime,10,Long Haul,Poor
14069,Lufthansa,11060,31,185,Delayed,154,Long Haul,Poor
14070,Emirates,5489,29,191,OnTime,162,Medium Long,Poor
14071,Emirates,4487,11,196,OnTime,185,Medium Long,Poor
14072,Lufthansa,10165,21,130,OnTime,109,Long Haul,Poor
14073,Emirates,8586,171,136,Delayed,-35,Long Haul,Poor
14074,Emirates,1311,1,194,OnTime,193,Short Haul,Poor
14075,Emirates,5899,110,178,OnTime,68,Medium Long,Poor
14076,Indigo,1266,65,64,OnTime,-1,Short Haul,Poor
14077,Emirates,5984,149,12,Delayed,-137,Medium Long,Good
14078,Lufthansa,1871,11,104,Delayed,93,Short Haul,Poor
14079,Indigo,6384,46,186,Delayed,140,Medium Long,Poor
14080,Delta,934,10,149,Delayed,139,Short Haul,Poor
14081,Lufthansa,865,74,90,OnTime,16,Short Haul,Poor
14082,Lufthansa,5364,19,14,Delayed,-5,Medium Long,Good
14083,Emirates,5538,78,20,Delayed,-58,Medium Long,Good
14084,Emirates,7645,155,36,OnTime,-119,Long Haul,Poor
14085,Lufthansa,11874,159,170,Delayed,11,Long Haul,Poor
14086,Delta,1296,128,96,Delayed,-32,Short Haul,Poor
14087,Delta,5721,155,43,Delayed,-112,Medium Long,Poor
14088,Indigo,5692,117,147,Delayed,30,Medium Long,Poor
14089,Lufthansa,1258,114,30,OnTime,-84,Short Haul,Good
14090,Lufthansa,5273,56,96,Delayed,40,Medium Long,Poor
14091,Indigo,10094,16,22,Delayed,6,Long Haul,Good
14092,Indigo,7988,87,85,Delayed,-2,Long Haul,Poor
14093,Indigo,3517,92,128,Delayed,36,Medium Long,Poor
14094,Delta,502,91,89,OnTime,-2,Short Haul,Poor
14095,Emirates,9406,65,94,OnTime,29,Long Haul,Poor
14096,Emirates,11558,28,69,Delayed,41,Long Haul,Poor
14097,Lufthansa,7037,37,46,OnTime,9,Long Haul,Poor
14098,Emirates,1351,89,20,OnTime,-69,Short Haul,Good
14099,Lufthansa,6973,19,37,OnTime,18,Medium Long,Poor
14100,Emirates,2042,35,179,Delayed,144,Short Haul,Poor
14101,Lufthansa,1025,61,89,OnTime,28,Short Haul,Poor
14102,Emirates,574,66,86,OnTime,20,Short Haul,Poor
14103,Emirates,5958,27,123,Delayed,96,Medium Long,Poor
14104,Lufthansa,6252,74,146,OnTime,72,Medium Long,Poor
14105,Lufthansa,6719,77,76,OnTime,-1,Medium Long,Poor
14106,Lufthansa,6450,47,181,Delayed,134,Medium Long,Poor
14107,Indigo,11151,66,85,OnTime,19,Long Haul,Poor
14108,Lufthansa,281,162,134,OnTime,-28,Short Haul,Poor
14109,Delta,7131,122,137,OnTime,15,Long Haul,Poor
14110,Indigo,3622,153,114,OnTime,-39,Medium Long,Poor
14111,Delta,2595,8,142,Delayed,134,Short Haul,Poor
14112,Lufthansa,1393,162,125,Delayed,-37,Short Haul,Poor
14113,Delta,10734,163,188,Delayed,25,Long Haul,Poor
14114,Indigo,3695,174,195,OnTime,21,Medium Long,Poor
14115,Lufthansa,4385,54,27,Delayed,-27,Medium Long,Good
14116,Indigo,11543,132,143,Delayed,11,Long Haul,Poor
14117,Lufthansa,10453,115,94,OnTime,-21,Long Haul,Poor
14118,Delta,1238,167,80,OnTime,-87,Short Haul,Poor
14119,Indigo,4282,4,24,OnTime,20,Medium Long,Good
14120,Emirates,5673,110,55,OnTime,-55,Medium Long,Poor
14121,Delta,7618,157,99,OnTime,-58,Long Haul,Poor
14122,Indigo,8782,136,42,OnTime,-94,Long Haul,Poor
14123,Lufthansa,3141,63,192,OnTime,129,Medium Long,Poor
14124,Indigo,5687,136,21,OnTime,-115,Medium Long,Good
14125,Lufthansa,5755,51,155,Delayed,104,Medium Long,Poor
14126,Lufthansa,2477,97,97,Delayed,0,Short Haul,Poor
14127,Delta,4082,177,183,OnTime,6,Medium Long,Poor
14128,Indigo,8191,24,172,Delayed,148,Long Haul,Poor
14129,Lufthansa,10765,5,41,OnTime,36,Long Haul,Poor
14130,Delta,11490,35,29,Delayed,-6,Long Haul,Good
14131,Lufthansa,4998,99,98,OnTime,-1,Medium Long,Poor
14132,Emirates,805,23,77,Delayed,54,Short Haul,Poor
14133,Emirates,3409,47,140,OnTime,93,Medium Long,Poor
14134,Delta,6636,51,124,Delayed,73,Medium Long,Poor
14135,Indigo,9001,17,88,OnTime,71,Long Haul,Poor
14136,Delta,11475,141,8,Delayed,-133,Long Haul,Good
14137,Emirates,791,14,71,Delayed,57,Short Haul,Poor
14138,Indigo,819,127,196,Delayed,69,Short Haul,Poor
14139,Delta,7925,175,79,Delayed,-96,Long Haul,Poor
14140,Lufthansa,6363,106,126,OnTime,20,Medium Long,Poor
14141,Indigo,5811,78,183,Delayed,105,Medium Long,Poor
14142,Lufthansa,844,59,61,Delayed,2,Short Haul,Poor
14143,Indigo,5845,53,110,Delayed,57,Medium Long,Poor
14144,Lufthansa,9321,62,118,Delayed,56,Long Haul,Poor
14145,Indigo,8842,6,64,Delayed,58,Long Haul,Poor
14146,Emirates,8680,177,30,Delayed,-147,Long Haul,Good
14147,Indigo,2658,61,198,Delayed,137,Short Haul,Poor
14148,Emirates,8002,88,32,Delayed,-56,Long Haul,Poor
14149,Lufthansa,4446,109,76,Delayed,-33,Medium Long,Poor
14150,Emirates,9898,86,12,OnTime,-74,Long Haul,Good
14151,Lufthansa,6302,120,81,Delayed,-39,Medium Long,Poor
14152,Lufthansa,9584,168,43,OnTime,-125,Long Haul,Poor
14153,Emirates,1955,126,99,Delayed,-27,Short Haul,Poor
14154,Delta,8880,146,154,OnTime,8,Long Haul,Poor
14155,Lufthansa,929,34,109,Delayed,75,Short Haul,Poor
14156,Lufthansa,6766,52,163,Delayed,111,Medium Long,Poor
14157,Delta,3125,16,113,Delayed,97,Medium Long,Poor
14158,Delta,1497,2,85,Delayed,83,Short Haul,Poor
14159,Indigo,4497,164,145,Delayed,-19,Medium Long,Poor
14160,Emirates,2641,91,43,OnTime,-48,Short Haul,Poor
14161,Emirates,2526,151,78,Delayed,-73,Short Haul,Poor
14162,Indigo,2745,64,109,Delayed,45,Short Haul,Poor
14163,Indigo,4815,110,110,Delayed,0,Medium Long,Poor
14164,Delta,5313,118,54,Delayed,-64,Medium Long,Poor
14165,Indigo,10642,7,16,Delayed,9,Long Haul,Good
14166,Delta,1660,134,108,Delayed,-26,Short Haul,Poor
14167,Lufthansa,1718,157,150,OnTime,-7,Short Haul,Poor
14168,Indigo,7079,178,174,OnTime,-4,Long Haul,Poor
14169,Delta,9932,169,83,Delayed,-86,Long Haul,Poor
14170,Lufthansa,10484,33,39,OnTime,6,Long Haul,Poor
14171,Indigo,9923,48,159,OnTime,111,Long Haul,Poor
14172,Indigo,7672,130,178,Delayed,48,Long Haul,Poor
14173,Delta,11682,163,134,OnTime,-29,Long Haul,Poor
14174,Delta,11628,19,42,OnTime,23,Long Haul,Poor
14175,Emirates,6292,97,186,Delayed,89,Medium Long,Poor
14176,Lufthansa,5053,123,140,OnTime,17,Medium Long,Poor
14177,Emirates,7637,165,61,OnTime,-104,Long Haul,Poor
14178,Indigo,6892,40,90,Delayed,50,Medium Long,Poor
14179,Delta,11813,131,174,Delayed,43,Long Haul,Poor
14180,Lufthansa,4278,72,143,Delayed,71,Medium Long,Poor
14181,Lufthansa,310,17,4,Delayed,-13,Short Haul,Good
14182,Indigo,9972,17,162,Delayed,145,Long Haul,Poor
14183,Lufthansa,5146,130,192,Delayed,62,Medium Long,Poor
14184,Lufthansa,11411,38,127,Delayed,89,Long Haul,Poor
14185,Emirates,6353,89,58,Delayed,-31,Medium Long,Poor
14186,Emirates,11021,8,21,OnTime,13,Long Haul,Good
14187,Lufthansa,9778,167,86,Delayed,-81,Long Haul,Poor
14188,Emirates,1595,54,125,OnTime,71,Short Haul,Poor
14189,Emirates,2093,129,144,Delayed,15,Short Haul,Poor
14190,Lufthansa,1277,8,158,Delayed,150,Short Haul,Poor
14191,Delta,4465,49,159,Delayed,110,Medium Long,Poor
14192,Delta,1192,32,99,OnTime,67,Short Haul,Poor
14193,Emirates,358,157,64,OnTime,-93,Short Haul,Poor
14194,Indigo,8187,6,143,Delayed,137,Long Haul,Poor
14195,Lufthansa,3539,85,19,OnTime,-66,Medium Long,Good
14196,Emirates,5042,92,193,Delayed,101,Medium Long,Poor
14197,Indigo,4738,105,184,OnTime,79,Medium Long,Poor
14198,Delta,10451,63,148,OnTime,85,Long Haul,Poor
14199,Emirates,9637,62,129,Delayed,67,Long Haul,Poor
14200,Emirates,4260,161,159,OnTime,-2,Medium Long,Poor
14201,Indigo,2496,31,101,Delayed,70,Short Haul,Poor
14202,Emirates,5495,170,191,OnTime,21,Medium Long,Poor
14203,Indigo,5921,88,30,OnTime,-58,Medium Long,Good
14204,Lufthansa,9952,11,88,Delayed,77,Long Haul,Poor
14205,Emirates,2489,37,151,OnTime,114,Short Haul,Poor
14206,Delta,354,47,46,OnTime,-1,Short Haul,Poor
14207,Delta,9916,13,167,OnTime,154,Long Haul,Poor
14208,Lufthansa,5011,77,4,OnTime,-73,Medium Long,Good
14209,Delta,10748,164,176,Delayed,12,Long Haul,Poor
14210,Lufthansa,9387,105,186,OnTime,81,Long Haul,Poor
14211,Emirates,4345,65,122,OnTime,57,Medium Long,Poor
14212,Lufthansa,7948,152,145,OnTime,-7,Long Haul,Poor
14213,Emirates,2424,81,48,OnTime,-33,Short Haul,Poor
14214,Emirates,4921,62,93,OnTime,31,Medium Long,Poor
14215,Lufthansa,2197,96,126,Delayed,30,Short Haul,Poor
14216,Delta,9167,48,46,Delayed,-2,Long Haul,Poor
14217,Delta,8411,102,156,OnTime,54,Long Haul,Poor
14218,Indigo,5267,158,23,Delayed,-135,Medium Long,Good
14219,Indigo,2071,109,130,Delayed,21,Short Haul,Poor
14220,Delta,4302,113,153,OnTime,40,Medium Long,Poor
14221,Indigo,10246,157,145,Delayed,-12,Long Haul,Poor
14222,Indigo,5160,38,152,OnTime,114,Medium Long,Poor
14223,Indigo,3729,83,98,OnTime,15,Medium Long,Poor
14224,Indigo,1264,29,173,Delayed,144,Short Haul,Poor
14225,Indigo,8794,140,3,Delayed,-137,Long Haul,Good
14226,Indigo,11774,41,90,OnTime,49,Long Haul,Poor
14227,Delta,10002,64,90,OnTime,26,Long Haul,Poor
14228,Indigo,1584,82,65,OnTime,-17,Short Haul,Poor
14229,Indigo,2581,172,129,Delayed,-43,Short Haul,Poor
14230,Emirates,2969,61,16,Delayed,-45,Short Haul,Good
14231,Emirates,11188,8,75,OnTime,67,Long Haul,Poor
14232,Lufthansa,7497,79,147,Delayed,68,Long Haul,Poor
14233,Lufthansa,773,10,89,Delayed,79,Short Haul,Poor
14234,Emirates,5407,72,115,Delayed,43,Medium Long,Poor
14235,Delta,10093,47,46,Delayed,-1,Long Haul,Poor
14236,Lufthansa,2980,177,139,OnTime,-38,Short Haul,Poor
14237,Emirates,2824,57,168,Delayed,111,Short Haul,Poor
14238,Delta,8914,56,79,OnTime,23,Long Haul,Poor
14239,Emirates,6054,150,67,Delayed,-83,Medium Long,Poor
14240,Delta,5980,13,180,Delayed,167,Medium Long,Poor
14241,Indigo,8920,105,76,OnTime,-29,Long Haul,Poor
14242,Indigo,1000,88,57,OnTime,-31,Short Haul,Poor
14243,Lufthansa,9029,22,131,OnTime,109,Long Haul,Poor
14244,Lufthansa,361,129,186,OnTime,57,Short Haul,Poor
14245,Delta,7699,156,29,Delayed,-127,Long Haul,Good
14246,Lufthansa,9283,176,127,Delayed,-49,Long Haul,Poor
14247,Indigo,8720,113,134,Delayed,21,Long Haul,Poor
14248,Indigo,10862,103,146,OnTime,43,Long Haul,Poor
14249,Indigo,6214,44,13,OnTime,-31,Medium Long,Good
14250,Lufthansa,6951,70,136,OnTime,66,Medium Long,Poor
14251,Delta,7208,139,178,Delayed,39,Long Haul,Poor
14252,Lufthansa,10528,70,69,OnTime,-1,Long Haul,Poor
14253,Emirates,4370,16,32,Delayed,16,Medium Long,Poor
14254,Lufthansa,6729,84,182,OnTime,98,Medium Long,Poor
14255,Emirates,10470,95,178,OnTime,83,Long Haul,Poor
14256,Delta,8013,106,48,Delayed,-58,Long Haul,Poor
14257,Indigo,11061,40,119,Delayed,79,Long Haul,Poor
14258,Delta,3293,56,169,Delayed,113,Medium Long,Poor
14259,Lufthansa,4608,35,87,Delayed,52,Medium Long,Poor
14260,Lufthansa,5833,114,75,Delayed,-39,Medium Long,Poor
14261,Indigo,3371,114,20,Delayed,-94,Medium Long,Good
14262,Delta,9266,171,167,Delayed,-4,Long Haul,Poor
14263,Indigo,8339,76,168,OnTime,92,Long Haul,Poor
14264,Delta,8906,161,183,Delayed,22,Long Haul,Poor
14265,Lufthansa,11636,4,33,OnTime,29,Long Haul,Poor
14266,Delta,9341,73,172,OnTime,99,Long Haul,Poor
14267,Delta,2360,30,46,OnTime,16,Short Haul,Poor
14268,Emirates,2091,131,132,OnTime,1,Short Haul,Poor
14269,Delta,4702,124,41,Delayed,-83,Medium Long,Poor
14270,Lufthansa,1081,52,157,OnTime,105,Short Haul,Poor
14271,Indigo,11245,8,76,Delayed,68,Long Haul,Poor
14272,Indigo,5417,138,67,OnTime,-71,Medium Long,Poor
14273,Indigo,11100,74,172,OnTime,98,Long Haul,Poor
14274,Emirates,1624,57,138,Delayed,81,Short Haul,Poor
14275,Lufthansa,8736,159,15,OnTime,-144,Long Haul,Good
14276,Lufthansa,1143,0,179,Delayed,179,Short Haul,Poor
14277,Delta,4867,77,72,Delayed,-5,Medium Long,Poor
14278,Emirates,3113,54,66,Delayed,12,Medium Long,Poor
14279,Indigo,6360,11,109,Delayed,98,Medium Long,Poor
14280,Delta,6993,127,40,OnTime,-87,Medium Long,Poor
14281,Delta,5582,136,11,OnTime,-125,Medium Long,Good
14282,Indigo,4865,10,141,Delayed,131,Medium Long,Poor
14283,Lufthansa,8153,149,45,Delayed,-104,Long Haul,Poor
14284,Indigo,9153,64,142,Delayed,78,Long Haul,Poor
14285,Lufthansa,2935,143,101,Delayed,-42,Short Haul,Poor
14286,Indigo,5990,54,93,OnTime,39,Medium Long,Poor
14287,Emirates,3085,32,132,Delayed,100,Medium Long,Poor
14288,Emirates,7091,23,89,Delayed,66,Long Haul,Poor
14289,Emirates,516,128,34,Delayed,-94,Short Haul,Poor
14290,Lufthansa,7628,153,84,Delayed,-69,Long Haul,Poor
14291,Delta,1059,58,1,OnTime,-57,Short Haul,Good
14292,Lufthansa,4203,157,149,OnTime,-8,Medium Long,Poor
14293,Emirates,8409,156,82,OnTime,-74,Long Haul,Poor
14294,Lufthansa,11143,109,180,OnTime,71,Long Haul,Poor
14295,Delta,2459,59,26,Delayed,-33,Short Haul,Good
14296,Indigo,3240,26,62,OnTime,36,Medium Long,Poor
14297,Indigo,8165,175,190,Delayed,15,Long Haul,Poor
14298,Emirates,9760,164,134,Delayed,-30,Long Haul,Poor
14299,Emirates,3776,4,76,Delayed,72,Medium Long,Poor
14300,Emirates,7776,106,93,Delayed,-13,Long Haul,Poor
14301,Emirates,3210,63,143,Delayed,80,Medium Long,Poor
14302,Lufthansa,6710,22,167,OnTime,145,Medium Long,Poor
14303,Indigo,887,114,83,Delayed,-31,Short Haul,Poor
14304,Indigo,3111,6,97,OnTime,91,Medium Long,Poor
14305,Delta,3529,53,86,OnTime,33,Medium Long,Poor
14306,Delta,324,34,79,Delayed,45,Short Haul,Poor
14307,Indigo,8734,3,182,Delayed,179,Long Haul,Poor
14308,Lufthansa,8297,165,156,OnTime,-9,Long Haul,Poor
14309,Emirates,9800,148,43,Delayed,-105,Long Haul,Poor
14310,Indigo,4844,53,139,Delayed,86,Medium Long,Poor
14311,Indigo,7814,27,103,OnTime,76,Long Haul,Poor
14312,Indigo,5012,94,93,Delayed,-1,Medium Long,Poor
14313,Indigo,4858,41,118,Delayed,77,Medium Long,Poor
14314,Emirates,4497,27,152,OnTime,125,Medium Long,Poor
14315,Emirates,10387,54,199,Delayed,145,Long Haul,Poor
14316,Indigo,7080,19,11,Delayed,-8,Long Haul,Good
14317,Indigo,2776,116,98,OnTime,-18,Short Haul,Poor
14318,Emirates,5993,44,2,Delayed,-42,Medium Long,Good
14319,Indigo,1219,157,170,Delayed,13,Short Haul,Poor
14320,Emirates,4878,29,2,Delayed,-27,Medium Long,Good
14321,Indigo,9848,113,101,Delayed,-12,Long Haul,Poor
14322,Lufthansa,3843,32,17,OnTime,-15,Medium Long,Good
14323,Delta,2943,166,84,Delayed,-82,Short Haul,Poor
14324,Indigo,9870,22,66,Delayed,44,Long Haul,Poor
14325,Indigo,9906,39,189,Delayed,150,Long Haul,Poor
14326,Lufthansa,5257,112,54,OnTime,-58,Medium Long,Poor
14327,Delta,11989,141,13,Delayed,-128,Long Haul,Good
14328,Delta,7407,69,188,OnTime,119,Long Haul,Poor
14329,Lufthansa,5168,28,157,OnTime,129,Medium Long,Poor
14330,Lufthansa,1295,112,15,OnTime,-97,Short Haul,Good
14331,Emirates,1830,42,118,Delayed,76,Short Haul,Poor
14332,Lufthansa,4521,120,137,OnTime,17,Medium Long,Poor
14333,Indigo,10520,97,179,Delayed,82,Long Haul,Poor
14334,Emirates,4737,146,197,Delayed,51,Medium Long,Poor
14335,Lufthansa,416,118,23,Delayed,-95,Short Haul,Good
14336,Indigo,3251,127,45,OnTime,-82,Medium Long,Poor
14337,Lufthansa,3210,75,93,OnTime,18,Medium Long,Poor
14338,Emirates,10292,177,189,OnTime,12,Long Haul,Poor
14339,Emirates,1002,173,51,OnTime,-122,Short Haul,Poor
14340,Emirates,651,4,117,OnTime,113,Short Haul,Poor
14341,Emirates,1270,143,199,OnTime,56,Short Haul,Poor
14342,Lufthansa,7094,150,155,Delayed,5,Long Haul,Poor
14343,Lufthansa,600,169,149,OnTime,-20,Short Haul,Poor
14344,Delta,5119,12,146,OnTime,134,Medium Long,Poor
14345,Lufthansa,11020,21,12,OnTime,-9,Long Haul,Good
14346,Lufthansa,3576,154,66,Delayed,-88,Medium Long,Poor
14347,Indigo,11901,44,156,Delayed,112,Long Haul,Poor
14348,Emirates,8197,116,158,OnTime,42,Long Haul,Poor
14349,Indigo,9843,72,43,OnTime,-29,Long Haul,Poor
14350,Delta,6571,71,26,OnTime,-45,Medium Long,Good
14351,Emirates,5428,133,81,OnTime,-52,Medium Long,Poor
14352,Emirates,7943,158,82,OnTime,-76,Long Haul,Poor
14353,Emirates,3174,112,143,Delayed,31,Medium Long,Poor
14354,Lufthansa,5964,165,97,Delayed,-68,Medium Long,Poor
14355,Indigo,10945,128,85,OnTime,-43,Long Haul,Poor
14356,Lufthansa,1213,83,161,Delayed,78,Short Haul,Poor
14357,Lufthansa,7938,76,108,OnTime,32,Long Haul,Poor
14358,Delta,6300,82,9,OnTime,-73,Medium Long,Good
14359,Delta,9253,96,17,OnTime,-79,Long Haul,Good
14360,Lufthansa,2721,2,70,Delayed,68,Short Haul,Poor
14361,Delta,11265,123,24,OnTime,-99,Long Haul,Good
14362,Indigo,6405,15,91,Delayed,76,Medium Long,Poor
14363,Delta,4918,166,57,OnTime,-109,Medium Long,Poor
14364,Emirates,208,22,193,Delayed,171,Short Haul,Poor
14365,Indigo,11126,119,54,Delayed,-65,Long Haul,Poor
14366,Indigo,11414,38,77,Delayed,39,Long Haul,Poor
14367,Delta,4461,57,116,Delayed,59,Medium Long,Poor
14368,Lufthansa,8675,138,122,OnTime,-16,Long Haul,Poor
14369,Delta,3180,78,132,Delayed,54,Medium Long,Poor
14370,Lufthansa,10497,153,194,Delayed,41,Long Haul,Poor
14371,Emirates,10215,116,123,Delayed,7,Long Haul,Poor
14372,Emirates,4592,94,69,OnTime,-25,Medium Long,Poor
14373,Emirates,1991,73,128,Delayed,55,Short Haul,Poor
14374,Indigo,9046,142,103,Delayed,-39,Long Haul,Poor
14375,Delta,5278,83,85,Delayed,2,Medium Long,Poor
14376,Indigo,4205,129,67,OnTime,-62,Medium Long,Poor
14377,Indigo,3160,153,111,Delayed,-42,Medium Long,Poor
14378,Lufthansa,2850,86,54,Delayed,-32,Short Haul,Poor
14379,Emirates,9229,39,5,OnTime,-34,Long Haul,Good
14380,Indigo,11023,101,115,OnTime,14,Long Haul,Poor
14381,Emirates,829,150,130,Delayed,-20,Short Haul,Poor
14382,Lufthansa,10380,42,42,Delayed,0,Long Haul,Poor
14383,Emirates,10754,74,184,OnTime,110,Long Haul,Poor
14384,Lufthansa,9362,53,7,OnTime,-46,Long Haul,Good
14385,Emirates,9670,103,70,OnTime,-33,Long Haul,Poor
14386,Lufthansa,7301,135,131,OnTime,-4,Long Haul,Poor
14387,Indigo,8307,5,113,Delayed,108,Long Haul,Poor
14388,Indigo,7433,85,158,OnTime,73,Long Haul,Poor
14389,Delta,7759,27,29,Delayed,2,Long Haul,Good
14390,Delta,2630,142,173,Delayed,31,Short Haul,Poor
14391,Delta,1281,152,145,OnTime,-7,Short Haul,Poor
14392,Indigo,4257,101,157,OnTime,56,Medium Long,Poor
14393,Indigo,2377,169,131,Delayed,-38,Short Haul,Poor
14394,Indigo,10968,103,46,OnTime,-57,Long Haul,Poor
14395,Lufthansa,9239,7,30,Delayed,23,Long Haul,Good
14396,Emirates,9460,38,108,Delayed,70,Long Haul,Poor
14397,Delta,7120,175,58,Delayed,-117,Long Haul,Poor
14398,Delta,8285,159,82,OnTime,-77,Long Haul,Poor
14399,Lufthansa,11973,12,188,Delayed,176,Long Haul,Poor
14400,Indigo,2306,51,71,OnTime,20,Short Haul,Poor
14401,Delta,7132,129,1,Delayed,-128,Long Haul,Good
14402,Indigo,7236,67,26,OnTime,-41,Long Haul,Good
14403,Delta,4326,170,137,Delayed,-33,Medium Long,Poor
14404,Indigo,1556,136,53,OnTime,-83,Short Haul,Poor
14405,Lufthansa,8487,2,139,OnTime,137,Long Haul,Poor
14406,Emirates,4610,85,94,OnTime,9,Medium Long,Poor
14407,Indigo,5621,94,90,OnTime,-4,Medium Long,Poor
14408,Lufthansa,8512,144,46,Delayed,-98,Long Haul,Poor
14409,Emirates,1651,153,88,Delayed,-65,Short Haul,Poor
14410,Emirates,9671,45,25,OnTime,-20,Long Haul,Good
14411,Indigo,3559,105,119,OnTime,14,Medium Long,Poor
14412,Delta,11881,111,111,OnTime,0,Long Haul,Poor
14413,Delta,10530,73,28,Delayed,-45,Long Haul,Good
14414,Delta,6629,120,39,OnTime,-81,Medium Long,Poor
14415,Emirates,6730,21,163,Delayed,142,Medium Long,Poor
14416,Emirates,2369,160,85,Delayed,-75,Short Haul,Poor
14417,Indigo,233,80,123,Delayed,43,Short Haul,Poor
14418,Emirates,3376,142,79,OnTime,-63,Medium Long,Poor
14419,Indigo,11827,75,102,Delayed,27,Long Haul,Poor
14420,Lufthansa,3414,34,149,OnTime,115,Medium Long,Poor
14421,Emirates,8214,137,182,Delayed,45,Long Haul,Poor
14422,Delta,1274,31,179,Delayed,148,Short Haul,Poor
14423,Emirates,11682,2,66,OnTime,64,Long Haul,Poor
14424,Lufthansa,1681,22,82,Delayed,60,Short Haul,Poor
14425,Emirates,2395,130,143,Delayed,13,Short Haul,Poor
14426,Emirates,1318,42,33,Delayed,-9,Short Haul,Poor
14427,Emirates,11082,128,87,Delayed,-41,Long Haul,Poor
14428,Emirates,2032,87,176,OnTime,89,Short Haul,Poor
14429,Emirates,4196,85,166,Delayed,81,Medium Long,Poor
14430,Indigo,10334,172,126,OnTime,-46,Long Haul,Poor
14431,Lufthansa,7797,21,40,Delayed,19,Long Haul,Poor
14432,Lufthansa,8377,117,141,OnTime,24,Long Haul,Poor
14433,Emirates,7737,30,38,OnTime,8,Long Haul,Poor
14434,Lufthansa,4812,55,86,OnTime,31,Medium Long,Poor
14435,Delta,3324,80,26,Delayed,-54,Medium Long,Good
14436,Indigo,8325,35,113,Delayed,78,Long Haul,Poor
14437,Delta,8627,68,2,OnTime,-66,Long Haul,Good
14438,Delta,5694,8,39,Delayed,31,Medium Long,Poor
14439,Lufthansa,7226,128,153,OnTime,25,Long Haul,Poor
14440,Lufthansa,536,13,10,OnTime,-3,Short Haul,Good
14441,Lufthansa,6142,18,127,OnTime,109,Medium Long,Poor
14442,Lufthansa,5973,35,17,Delayed,-18,Medium Long,Good
14443,Emirates,7549,128,79,Delayed,-49,Long Haul,Poor
14444,Lufthansa,11120,127,42,Delayed,-85,Long Haul,Poor
14445,Emirates,7274,21,160,OnTime,139,Long Haul,Poor
14446,Emirates,2879,86,5,OnTime,-81,Short Haul,Good
14447,Emirates,11487,44,126,Delayed,82,Long Haul,Poor
14448,Lufthansa,9957,90,55,OnTime,-35,Long Haul,Poor
14449,Lufthansa,9982,63,6,Delayed,-57,Long Haul,Good
14450,Lufthansa,2610,79,110,OnTime,31,Short Haul,Poor
14451,Indigo,450,46,17,Delayed,-29,Short Haul,Good
14452,Indigo,10741,71,44,Delayed,-27,Long Haul,Poor
14453,Lufthansa,9831,156,47,OnTime,-109,Long Haul,Poor
14454,Delta,10155,13,81,Delayed,68,Long Haul,Poor
14455,Lufthansa,10291,47,196,OnTime,149,Long Haul,Poor
14456,Indigo,9592,64,190,OnTime,126,Long Haul,Poor
14457,Lufthansa,8812,94,39,OnTime,-55,Long Haul,Poor
14458,Lufthansa,4966,128,81,OnTime,-47,Medium Long,Poor
14459,Indigo,5377,140,175,Delayed,35,Medium Long,Poor
14460,Delta,3583,85,141,Delayed,56,Medium Long,Poor
14461,Emirates,2661,93,4,Delayed,-89,Short Haul,Good
14462,Lufthansa,6309,51,32,Delayed,-19,Medium Long,Poor
14463,Emirates,5532,64,182,OnTime,118,Medium Long,Poor
14464,Lufthansa,253,160,58,OnTime,-102,Short Haul,Poor
14465,Emirates,1931,86,91,OnTime,5,Short Haul,Poor
14466,Delta,9956,88,166,OnTime,78,Long Haul,Poor
14467,Emirates,10913,124,108,Delayed,-16,Long Haul,Poor
14468,Lufthansa,7235,56,76,OnTime,20,Long Haul,Poor
14469,Delta,9861,52,3,Delayed,-49,Long Haul,Good
14470,Indigo,11642,6,26,Delayed,20,Long Haul,Good
14471,Indigo,11148,72,19,Delayed,-53,Long Haul,Good
14472,Delta,6417,150,7,OnTime,-143,Medium Long,Good
14473,Emirates,5898,143,195,OnTime,52,Medium Long,Poor
14474,Emirates,5332,159,63,Delayed,-96,Medium Long,Poor
14475,Emirates,3599,134,15,Delayed,-119,Medium Long,Good
14476,Emirates,9257,71,47,OnTime,-24,Long Haul,Poor
14477,Emirates,766,162,169,OnTime,7,Short Haul,Poor
14478,Emirates,2767,165,99,Delayed,-66,Short Haul,Poor
14479,Indigo,4408,65,135,Delayed,70,Medium Long,Poor
14480,Emirates,9537,33,197,OnTime,164,Long Haul,Poor
14481,Indigo,5828,136,153,Delayed,17,Medium Long,Poor
14482,Indigo,10509,16,57,Delayed,41,Long Haul,Poor
14483,Delta,6024,113,53,Delayed,-60,Medium Long,Poor
14484,Lufthansa,970,64,170,OnTime,106,Short Haul,Poor
14485,Indigo,9391,14,81,Delayed,67,Long Haul,Poor
14486,Emirates,8010,113,91,Delayed,-22,Long Haul,Poor
14487,Delta,11633,98,60,Delayed,-38,Long Haul,Poor
14488,Delta,7076,108,153,OnTime,45,Long Haul,Poor
14489,Lufthansa,6033,157,102,Delayed,-55,Medium Long,Poor
14490,Indigo,6914,96,169,Delayed,73,Medium Long,Poor
14491,Emirates,9863,7,88,OnTime,81,Long Haul,Poor
14492,Lufthansa,1947,118,199,Delayed,81,Short Haul,Poor
14493,Lufthansa,4754,108,42,Delayed,-66,Medium Long,Poor
14494,Indigo,2653,14,193,Delayed,179,Short Haul,Poor
14495,Lufthansa,539,33,168,OnTime,135,Short Haul,Poor
14496,Delta,10070,29,166,Delayed,137,Long Haul,Poor
14497,Delta,10115,156,146,Delayed,-10,Long Haul,Poor
14498,Delta,3275,25,23,OnTime,-2,Medium Long,Good
14499,Emirates,6407,123,18,Delayed,-105,Medium Long,Good
14500,Lufthansa,1301,160,72,OnTime,-88,Short Haul,Poor
14501,Indigo,2556,144,0,Delayed,-144,Short Haul,Good
14502,Indigo,5347,78,136,OnTime,58,Medium Long,Poor
14503,Delta,419,88,52,OnTime,-36,Short Haul,Poor
14504,Lufthansa,7303,62,110,OnTime,48,Long Haul,Poor
14505,Emirates,11696,12,76,OnTime,64,Long Haul,Poor
14506,Indigo,9329,143,123,OnTime,-20,Long Haul,Poor
14507,Delta,7917,92,80,OnTime,-12,Long Haul,Poor
14508,Lufthansa,11208,37,42,OnTime,5,Long Haul,Poor
14509,Delta,7037,177,150,Delayed,-27,Long Haul,Poor
14510,Emirates,2463,145,38,OnTime,-107,Short Haul,Poor
14511,Lufthansa,4260,21,78,OnTime,57,Medium Long,Poor
14512,Delta,10652,163,177,Delayed,14,Long Haul,Poor
14513,Emirates,670,74,40,OnTime,-34,Short Haul,Poor
14514,Emirates,10070,26,9,OnTime,-17,Long Haul,Good
14515,Emirates,11311,108,90,Delayed,-18,Long Haul,Poor
14516,Emirates,9782,143,21,OnTime,-122,Long Haul,Good
14517,Delta,10567,90,151,Delayed,61,Long Haul,Poor
14518,Indigo,7287,2,191,OnTime,189,Long Haul,Poor
14519,Delta,465,84,140,OnTime,56,Short Haul,Poor
14520,Lufthansa,10966,150,182,Delayed,32,Long Haul,Poor
14521,Delta,7893,16,195,OnTime,179,Long Haul,Poor
14522,Indigo,8702,57,14,Delayed,-43,Long Haul,Good
14523,Delta,10809,61,5,OnTime,-56,Long Haul,Good
14524,Delta,11454,139,96,OnTime,-43,Long Haul,Poor
14525,Emirates,808,102,76,OnTime,-26,Short Haul,Poor
14526,Indigo,2123,58,180,OnTime,122,Short Haul,Poor
14527,Indigo,2145,2,28,Delayed,26,Short Haul,Good
14528,Indigo,8423,80,185,OnTime,105,Long Haul,Poor
14529,Lufthansa,9019,53,91,OnTime,38,Long Haul,Poor
14530,Emirates,5390,142,66,OnTime,-76,Medium Long,Poor
14531,Delta,5824,171,72,OnTime,-99,Medium Long,Poor
14532,Lufthansa,5181,88,119,Delayed,31,Medium Long,Poor
14533,Lufthansa,9025,44,179,Delayed,135,Long Haul,Poor
14534,Indigo,2913,154,6,OnTime,-148,Short Haul,Good
14535,Indigo,2504,62,64,OnTime,2,Short Haul,Poor
14536,Delta,3312,128,165,Delayed,37,Medium Long,Poor
14537,Indigo,3585,147,50,Delayed,-97,Medium Long,Poor
14538,Lufthansa,10168,143,55,Delayed,-88,Long Haul,Poor
14539,Indigo,10147,15,43,OnTime,28,Long Haul,Poor
14540,Emirates,5470,31,141,OnTime,110,Medium Long,Poor
14541,Delta,11250,153,133,Delayed,-20,Long Haul,Poor
14542,Indigo,2332,146,95,OnTime,-51,Short Haul,Poor
14543,Lufthansa,1222,54,106,Delayed,52,Short Haul,Poor
14544,Indigo,9235,68,148,Delayed,80,Long Haul,Poor
14545,Emirates,812,51,194,Delayed,143,Short Haul,Poor
14546,Lufthansa,9858,154,71,Delayed,-83,Long Haul,Poor
14547,Lufthansa,8133,13,66,OnTime,53,Long Haul,Poor
14548,Delta,2345,177,162,Delayed,-15,Short Haul,Poor
14549,Lufthansa,1937,55,152,Delayed,97,Short Haul,Poor
14550,Lufthansa,2222,160,82,Delayed,-78,Short Haul,Poor
14551,Lufthansa,7322,87,97,Delayed,10,Long Haul,Poor
14552,Indigo,1117,136,11,Delayed,-125,Short Haul,Good
14553,Indigo,4613,22,188,Delayed,166,Medium Long,Poor
14554,Indigo,6361,160,59,Delayed,-101,Medium Long,Poor
14555,Lufthansa,5529,71,26,Delayed,-45,Medium Long,Good
14556,Delta,5689,144,184,OnTime,40,Medium Long,Poor
14557,Emirates,3742,16,20,Delayed,4,Medium Long,Good
14558,Emirates,3864,103,141,Delayed,38,Medium Long,Poor
14559,Lufthansa,11886,12,79,OnTime,67,Long Haul,Poor
14560,Emirates,5307,18,122,Delayed,104,Medium Long,Poor
14561,Emirates,8907,104,74,Delayed,-30,Long Haul,Poor
14562,Delta,11988,133,141,OnTime,8,Long Haul,Poor
14563,Emirates,809,101,187,OnTime,86,Short Haul,Poor
14564,Indigo,7185,142,171,OnTime,29,Long Haul,Poor
14565,Lufthansa,2353,51,107,Delayed,56,Short Haul,Poor
14566,Lufthansa,7049,39,162,OnTime,123,Long Haul,Poor
14567,Indigo,806,108,11,Delayed,-97,Short Haul,Good
14568,Delta,9189,151,36,OnTime,-115,Long Haul,Poor
14569,Emirates,10520,80,38,Delayed,-42,Long Haul,Poor
14570,Delta,11737,129,143,Delayed,14,Long Haul,Poor
14571,Emirates,7653,100,159,OnTime,59,Long Haul,Poor
14572,Indigo,4330,130,176,OnTime,46,Medium Long,Poor
14573,Lufthansa,4001,105,166,Delayed,61,Medium Long,Poor
14574,Delta,7177,129,47,OnTime,-82,Long Haul,Poor
14575,Delta,8569,56,173,OnTime,117,Long Haul,Poor
14576,Delta,9138,152,151,OnTime,-1,Long Haul,Poor
14577,Delta,4888,156,199,Delayed,43,Medium Long,Poor
14578,Delta,7152,33,70,OnTime,37,Long Haul,Poor
14579,Indigo,628,83,90,Delayed,7,Short Haul,Poor
14580,Lufthansa,7455,178,98,Delayed,-80,Long Haul,Poor
14581,Lufthansa,11833,87,110,OnTime,23,Long Haul,Poor
14582,Lufthansa,11577,142,27,Delayed,-115,Long Haul,Good
14583,Lufthansa,11063,172,149,Delayed,-23,Long Haul,Poor
14584,Emirates,2117,96,12,Delayed,-84,Short Haul,Good
14585,Lufthansa,1114,48,79,OnTime,31,Short Haul,Poor
14586,Delta,375,98,102,OnTime,4,Short Haul,Poor
14587,Delta,2219,10,30,Delayed,20,Short Haul,Good
14588,Lufthansa,10203,98,69,Delayed,-29,Long Haul,Poor
14589,Indigo,3234,15,136,OnTime,121,Medium Long,Poor
14590,Indigo,4943,160,66,OnTime,-94,Medium Long,Poor
14591,Indigo,1836,174,170,OnTime,-4,Short Haul,Poor
14592,Delta,11722,72,155,OnTime,83,Long Haul,Poor
14593,Delta,5250,7,100,Delayed,93,Medium Long,Poor
14594,Indigo,9601,109,69,Delayed,-40,Long Haul,Poor
14595,Delta,4903,64,94,Delayed,30,Medium Long,Poor
14596,Delta,10485,119,177,OnTime,58,Long Haul,Poor
14597,Emirates,6056,161,166,Delayed,5,Medium Long,Poor
14598,Lufthansa,7875,101,139,OnTime,38,Long Haul,Poor
14599,Emirates,7275,131,47,OnTime,-84,Long Haul,Poor
14600,Indigo,10724,128,109,OnTime,-19,Long Haul,Poor
14601,Delta,1992,100,13,Delayed,-87,Short Haul,Good
14602,Emirates,11982,79,13,Delayed,-66,Long Haul,Good
14603,Lufthansa,2064,9,132,OnTime,123,Short Haul,Poor
14604,Indigo,11138,172,105,OnTime,-67,Long Haul,Poor
14605,Delta,8578,57,94,OnTime,37,Long Haul,Poor
14606,Lufthansa,8709,89,49,Delayed,-40,Long Haul,Poor
14607,Lufthansa,4379,44,166,Delayed,122,Medium Long,Poor
14608,Delta,2564,9,121,OnTime,112,Short Haul,Poor
14609,Delta,7580,80,112,OnTime,32,Long Haul,Poor
14610,Emirates,4591,105,161,Delayed,56,Medium Long,Poor
14611,Delta,3142,84,168,Delayed,84,Medium Long,Poor
14612,Delta,4294,126,125,Delayed,-1,Medium Long,Poor
14613,Lufthansa,4027,129,194,OnTime,65,Medium Long,Poor
14614,Indigo,577,177,86,OnTime,-91,Short Haul,Poor
14615,Lufthansa,9345,175,44,Delayed,-131,Long Haul,Poor
14616,Emirates,8877,17,41,Delayed,24,Long Haul,Poor
14617,Indigo,2375,76,96,OnTime,20,Short Haul,Poor
14618,Lufthansa,6824,57,5,OnTime,-52,Medium Long,Good
14619,Delta,8647,43,160,OnTime,117,Long Haul,Poor
14620,Indigo,11076,99,9,Delayed,-90,Long Haul,Good
14621,Lufthansa,10498,41,50,Delayed,9,Long Haul,Poor
14622,Emirates,9064,84,47,Delayed,-37,Long Haul,Poor
14623,Delta,2414,131,190,OnTime,59,Short Haul,Poor
14624,Lufthansa,6007,116,2,Delayed,-114,Medium Long,Good
14625,Lufthansa,9931,42,6,OnTime,-36,Long Haul,Good
14626,Indigo,6520,127,98,OnTime,-29,Medium Long,Poor
14627,Lufthansa,9108,1,89,Delayed,88,Long Haul,Poor
14628,Lufthansa,10516,51,122,Delayed,71,Long Haul,Poor
14629,Delta,5651,47,77,OnTime,30,Medium Long,Poor
14630,Lufthansa,7922,31,95,OnTime,64,Long Haul,Poor
14631,Delta,3363,110,181,Delayed,71,Medium Long,Poor
14632,Delta,6958,124,25,OnTime,-99,Medium Long,Good
14633,Delta,6586,153,78,OnTime,-75,Medium Long,Poor
14634,Emirates,6147,49,36,Delayed,-13,Medium Long,Poor
14635,Lufthansa,10298,33,51,OnTime,18,Long Haul,Poor
14636,Delta,6065,133,0,OnTime,-133,Medium Long,Good
14637,Indigo,8501,141,65,Delayed,-76,Long Haul,Poor
14638,Lufthansa,8468,124,190,Delayed,66,Long Haul,Poor
14639,Indigo,5479,27,176,Delayed,149,Medium Long,Poor
14640,Lufthansa,11864,98,162,OnTime,64,Long Haul,Poor
14641,Indigo,11628,5,53,Delayed,48,Long Haul,Poor
14642,Emirates,4814,123,192,OnTime,69,Medium Long,Poor
14643,Lufthansa,6078,45,110,Delayed,65,Medium Long,Poor
14644,Delta,4988,4,175,OnTime,171,Medium Long,Poor
14645,Delta,9348,7,85,Delayed,78,Long Haul,Poor
14646,Emirates,10374,150,98,OnTime,-52,Long Haul,Poor
14647,Emirates,506,36,191,Delayed,155,Short Haul,Poor
14648,Emirates,6661,6,110,Delayed,104,Medium Long,Poor
14649,Lufthansa,7798,152,62,Delayed,-90,Long Haul,Poor
14650,Lufthansa,7193,124,65,Delayed,-59,Long Haul,Poor
14651,Delta,6018,31,134,OnTime,103,Medium Long,Poor
14652,Indigo,5626,140,27,OnTime,-113,Medium Long,Good
14653,Lufthansa,6155,8,77,Delayed,69,Medium Long,Poor
14654,Emirates,11111,42,7,Delayed,-35,Long Haul,Good
14655,Emirates,6301,110,139,Delayed,29,Medium Long,Poor
14656,Indigo,9912,116,138,OnTime,22,Long Haul,Poor
14657,Indigo,8869,171,24,OnTime,-147,Long Haul,Good
14658,Emirates,2795,83,38,Delayed,-45,Short Haul,Poor
14659,Indigo,1552,25,56,OnTime,31,Short Haul,Poor
14660,Delta,9678,42,90,Delayed,48,Long Haul,Poor
14661,Delta,7154,23,154,OnTime,131,Long Haul,Poor
14662,Lufthansa,5186,83,105,OnTime,22,Medium Long,Poor
14663,Emirates,5588,133,144,Delayed,11,Medium Long,Poor
14664,Lufthansa,1868,70,15,OnTime,-55,Short Haul,Good
14665,Indigo,10155,98,197,OnTime,99,Long Haul,Poor
14666,Emirates,420,164,96,Delayed,-68,Short Haul,Poor
14667,Lufthansa,4052,91,135,OnTime,44,Medium Long,Poor
14668,Delta,7511,107,122,OnTime,15,Long Haul,Poor
14669,Indigo,11358,112,7,OnTime,-105,Long Haul,Good
14670,Emirates,1858,13,141,OnTime,128,Short Haul,Poor
14671,Delta,9787,132,63,Delayed,-69,Long Haul,Poor
14672,Delta,11512,8,189,Delayed,181,Long Haul,Poor
14673,Emirates,9832,52,90,OnTime,38,Long Haul,Poor
14674,Delta,433,41,136,Delayed,95,Short Haul,Poor
14675,Indigo,9797,113,47,OnTime,-66,Long Haul,Poor
14676,Emirates,8971,107,89,Delayed,-18,Long Haul,Poor
14677,Lufthansa,7131,139,22,Delayed,-117,Long Haul,Good
14678,Indigo,1053,94,111,OnTime,17,Short Haul,Poor
14679,Indigo,8641,0,41,Delayed,41,Long Haul,Poor
14680,Delta,559,77,63,OnTime,-14,Short Haul,Poor
14681,Emirates,1925,146,111,Delayed,-35,Short Haul,Poor
14682,Indigo,10341,126,71,Delayed,-55,Long Haul,Poor
14683,Emirates,1044,5,59,OnTime,54,Short Haul,Poor
14684,Delta,284,166,20,Delayed,-146,Short Haul,Good
14685,Emirates,7883,25,92,OnTime,67,Long Haul,Poor
14686,Emirates,9882,81,125,Delayed,44,Long Haul,Poor
14687,Delta,8347,22,168,OnTime,146,Long Haul,Poor
14688,Indigo,10019,100,9,Delayed,-91,Long Haul,Good
14689,Lufthansa,7411,5,21,Delayed,16,Long Haul,Good
14690,Indigo,11430,85,187,OnTime,102,Long Haul,Poor
14691,Indigo,7028,21,198,OnTime,177,Long Haul,Poor
14692,Lufthansa,5678,63,112,OnTime,49,Medium Long,Poor
14693,Emirates,258,74,187,OnTime,113,Short Haul,Poor
14694,Delta,5841,15,148,Delayed,133,Medium Long,Poor
14695,Lufthansa,9521,79,104,OnTime,25,Long Haul,Poor
14696,Delta,1767,80,194,Delayed,114,Short Haul,Poor
14697,Emirates,2081,151,169,OnTime,18,Short Haul,Poor
14698,Delta,1685,33,80,Delayed,47,Short Haul,Poor
14699,Lufthansa,1002,80,35,OnTime,-45,Short Haul,Poor
14700,Delta,9701,57,2,OnTime,-55,Long Haul,Good
14701,Delta,10953,161,183,Delayed,22,Long Haul,Poor
14702,Indigo,5092,48,28,OnTime,-20,Medium Long,Good
14703,Delta,4079,2,167,Delayed,165,Medium Long,Poor
14704,Delta,1728,87,23,Delayed,-64,Short Haul,Good
14705,Indigo,7794,177,31,OnTime,-146,Long Haul,Poor
14706,Emirates,6968,29,72,OnTime,43,Medium Long,Poor
14707,Indigo,7922,7,18,OnTime,11,Long Haul,Good
14708,Lufthansa,3992,91,32,OnTime,-59,Medium Long,Poor
14709,Indigo,6184,167,140,OnTime,-27,Medium Long,Poor
14710,Emirates,5218,138,6,Delayed,-132,Medium Long,Good
14711,Delta,10173,69,157,OnTime,88,Long Haul,Poor
14712,Lufthansa,8908,27,174,OnTime,147,Long Haul,Poor
14713,Delta,5561,160,126,OnTime,-34,Medium Long,Poor
14714,Delta,7600,43,48,Delayed,5,Long Haul,Poor
14715,Emirates,10517,21,188,OnTime,167,Long Haul,Poor
14716,Delta,11548,81,54,OnTime,-27,Long Haul,Poor
14717,Lufthansa,4500,104,199,Delayed,95,Medium Long,Poor
14718,Emirates,7524,19,118,OnTime,99,Long Haul,Poor
14719,Delta,2443,139,146,OnTime,7,Short Haul,Poor
14720,Lufthansa,5529,152,54,OnTime,-98,Medium Long,Poor
14721,Indigo,9644,63,86,Delayed,23,Long Haul,Poor
14722,Lufthansa,5765,148,40,Delayed,-108,Medium Long,Poor
14723,Lufthansa,8405,10,5,OnTime,-5,Long Haul,Good
14724,Delta,6105,30,54,OnTime,24,Medium Long,Poor
14725,Emirates,11777,32,133,OnTime,101,Long Haul,Poor
14726,Emirates,10549,178,137,OnTime,-41,Long Haul,Poor
14727,Emirates,4139,80,38,Delayed,-42,Medium Long,Poor
14728,Delta,9746,101,191,OnTime,90,Long Haul,Poor
14729,Delta,9967,71,35,OnTime,-36,Long Haul,Poor
14730,Delta,3096,40,1,Delayed,-39,Medium Long,Good
14731,Indigo,9596,11,123,OnTime,112,Long Haul,Poor
14732,Indigo,5289,121,9,Delayed,-112,Medium Long,Good
14733,Indigo,3608,137,121,Delayed,-16,Medium Long,Poor
14734,Indigo,1037,177,34,Delayed,-143,Short Haul,Poor
14735,Emirates,4281,110,31,OnTime,-79,Medium Long,Poor
14736,Emirates,4818,151,121,Delayed,-30,Medium Long,Poor
14737,Emirates,7958,124,176,Delayed,52,Long Haul,Poor
14738,Emirates,9247,47,57,Delayed,10,Long Haul,Poor
14739,Lufthansa,6727,18,198,OnTime,180,Medium Long,Poor
14740,Lufthansa,8054,178,151,Delayed,-27,Long Haul,Poor
14741,Emirates,1203,172,81,OnTime,-91,Short Haul,Poor
14742,Emirates,4218,174,24,OnTime,-150,Medium Long,Good
14743,Indigo,7014,88,64,Delayed,-24,Long Haul,Poor
14744,Lufthansa,8090,107,86,Delayed,-21,Long Haul,Poor
14745,Indigo,10165,126,139,Delayed,13,Long Haul,Poor
14746,Indigo,6607,134,7,Delayed,-127,Medium Long,Good
14747,Lufthansa,9594,99,140,OnTime,41,Long Haul,Poor
14748,Delta,11947,55,103,OnTime,48,Long Haul,Poor
14749,Indigo,2620,137,133,OnTime,-4,Short Haul,Poor
14750,Lufthansa,7448,25,104,OnTime,79,Long Haul,Poor
14751,Lufthansa,4384,6,96,Delayed,90,Medium Long,Poor
14752,Delta,6481,88,131,OnTime,43,Medium Long,Poor
14753,Lufthansa,3119,50,12,OnTime,-38,Medium Long,Good
14754,Delta,9870,29,135,OnTime,106,Long Haul,Poor
14755,Emirates,5458,155,50,Delayed,-105,Medium Long,Poor
14756,Indigo,1005,59,194,Delayed,135,Short Haul,Poor
14757,Delta,4666,20,82,Delayed,62,Medium Long,Poor
14758,Emirates,10231,71,40,OnTime,-31,Long Haul,Poor
14759,Indigo,7398,166,100,OnTime,-66,Long Haul,Poor
14760,Indigo,2285,43,162,OnTime,119,Short Haul,Poor
14761,Delta,9433,14,24,OnTime,10,Long Haul,Good
14762,Indigo,11607,58,114,OnTime,56,Long Haul,Poor
14763,Emirates,2535,66,4,Delayed,-62,Short Haul,Good
14764,Emirates,9028,114,27,Delayed,-87,Long Haul,Good
14765,Lufthansa,4897,48,194,OnTime,146,Medium Long,Poor
14766,Indigo,9023,16,102,OnTime,86,Long Haul,Poor
14767,Delta,4075,112,40,Delayed,-72,Medium Long,Poor
14768,Emirates,11098,148,57,OnTime,-91,Long Haul,Poor
14769,Delta,9818,14,141,Delayed,127,Long Haul,Poor
14770,Indigo,4898,162,27,Delayed,-135,Medium Long,Good
14771,Delta,8387,42,14,OnTime,-28,Long Haul,Good
14772,Lufthansa,2154,141,3,Delayed,-138,Short Haul,Good
14773,Indigo,9815,106,191,Delayed,85,Long Haul,Poor
14774,Emirates,6487,124,57,OnTime,-67,Medium Long,Poor
14775,Emirates,5774,160,76,Delayed,-84,Medium Long,Poor
14776,Lufthansa,11914,178,186,Delayed,8,Long Haul,Poor
14777,Lufthansa,2968,80,183,OnTime,103,Short Haul,Poor
14778,Lufthansa,1631,46,78,Delayed,32,Short Haul,Poor
14779,Emirates,10966,99,47,Delayed,-52,Long Haul,Poor
14780,Indigo,11269,142,78,OnTime,-64,Long Haul,Poor
14781,Delta,11163,37,98,Delayed,61,Long Haul,Poor
14782,Indigo,7600,19,17,Delayed,-2,Long Haul,Good
14783,Delta,4064,34,3,OnTime,-31,Medium Long,Good
14784,Delta,2634,23,5,Delayed,-18,Short Haul,Good
14785,Indigo,6380,25,119,OnTime,94,Medium Long,Poor
14786,Delta,2808,65,86,OnTime,21,Short Haul,Poor
14787,Lufthansa,4225,83,63,Delayed,-20,Medium Long,Poor
14788,Emirates,2058,15,162,Delayed,147,Short Haul,Poor
14789,Lufthansa,3551,78,108,OnTime,30,Medium Long,Poor
14790,Indigo,8799,71,49,Delayed,-22,Long Haul,Poor
14791,Lufthansa,5515,117,59,OnTime,-58,Medium Long,Poor
14792,Emirates,723,76,51,Delayed,-25,Short Haul,Poor
14793,Lufthansa,4328,45,3,OnTime,-42,Medium Long,Good
14794,Indigo,7379,179,21,Delayed,-158,Long Haul,Good
14795,Delta,3094,55,185,OnTime,130,Medium Long,Poor
14796,Delta,4701,70,126,Delayed,56,Medium Long,Poor
14797,Indigo,11483,95,176,Delayed,81,Long Haul,Poor
14798,Delta,311,92,82,OnTime,-10,Short Haul,Poor
14799,Indigo,11811,3,163,OnTime,160,Long Haul,Poor
14800,Indigo,9118,81,3,OnTime,-78,Long Haul,Good
14801,Emirates,3575,107,46,Delayed,-61,Medium Long,Poor
14802,Emirates,6364,25,45,OnTime,20,Medium Long,Poor
14803,Indigo,2332,67,20,OnTime,-47,Short Haul,Good
14804,Lufthansa,5037,162,91,OnTime,-71,Medium Long,Poor
14805,Lufthansa,8225,32,88,OnTime,56,Long Haul,Poor
14806,Delta,8991,22,48,OnTime,26,Long Haul,Poor
14807,Indigo,1850,69,198,Delayed,129,Short Haul,Poor
14808,Lufthansa,6993,33,184,OnTime,151,Medium Long,Poor
14809,Indigo,1203,2,177,Delayed,175,Short Haul,Poor
14810,Emirates,1653,172,42,Delayed,-130,Short Haul,Poor
14811,Emirates,8037,108,146,Delayed,38,Long Haul,Poor
14812,Emirates,8713,103,77,Delayed,-26,Long Haul,Poor
14813,Emirates,5886,147,52,OnTime,-95,Medium Long,Poor
14814,Emirates,1473,36,104,Delayed,68,Short Haul,Poor
14815,Emirates,3002,32,119,Delayed,87,Medium Long,Poor
14816,Indigo,8343,6,46,OnTime,40,Long Haul,Poor
14817,Lufthansa,5141,91,195,Delayed,104,Medium Long,Poor
14818,Lufthansa,5814,34,123,Delayed,89,Medium Long,Poor
14819,Delta,7170,74,128,Delayed,54,Long Haul,Poor
14820,Indigo,1082,141,163,Delayed,22,Short Haul,Poor
14821,Delta,2641,8,37,Delayed,29,Short Haul,Poor
14822,Indigo,11272,16,103,OnTime,87,Long Haul,Poor
14823,Delta,2485,172,169,Delayed,-3,Short Haul,Poor
14824,Indigo,3835,0,96,Delayed,96,Medium Long,Poor
14825,Indigo,11430,14,131,OnTime,117,Long Haul,Poor
14826,Indigo,6637,40,18,Delayed,-22,Medium Long,Good
14827,Indigo,3745,132,90,Delayed,-42,Medium Long,Poor
14828,Indigo,441,93,18,Delayed,-75,Short Haul,Good
14829,Delta,7361,110,1,Delayed,-109,Long Haul,Good
14830,Indigo,3995,130,169,Delayed,39,Medium Long,Poor
14831,Lufthansa,1800,118,43,Delayed,-75,Short Haul,Poor
14832,Delta,269,152,28,OnTime,-124,Short Haul,Good
14833,Lufthansa,10522,117,46,OnTime,-71,Long Haul,Poor
14834,Lufthansa,709,75,12,OnTime,-63,Short Haul,Good
14835,Delta,11372,45,61,Delayed,16,Long Haul,Poor
14836,Lufthansa,11660,35,133,OnTime,98,Long Haul,Poor
14837,Delta,8082,27,20,Delayed,-7,Long Haul,Good
14838,Lufthansa,3375,3,36,OnTime,33,Medium Long,Poor
14839,Lufthansa,8709,155,81,OnTime,-74,Long Haul,Poor
14840,Emirates,2060,14,30,Delayed,16,Short Haul,Good
14841,Emirates,6416,136,62,Delayed,-74,Medium Long,Poor
14842,Emirates,10851,124,164,OnTime,40,Long Haul,Poor
14843,Indigo,11553,56,82,OnTime,26,Long Haul,Poor
14844,Emirates,4885,63,160,Delayed,97,Medium Long,Poor
14845,Indigo,9987,159,118,OnTime,-41,Long Haul,Poor
14846,Lufthansa,8244,81,0,Delayed,-81,Long Haul,Good
14847,Delta,11043,34,136,Delayed,102,Long Haul,Poor
14848,Indigo,3302,153,22,OnTime,-131,Medium Long,Good
14849,Indigo,4170,10,28,Delayed,18,Medium Long,Good
14850,Emirates,3816,31,41,Delayed,10,Medium Long,Poor
14851,Indigo,10884,3,180,Delayed,177,Long Haul,Poor
14852,Delta,1946,42,104,Delayed,62,Short Haul,Poor
14853,Lufthansa,6108,81,78,OnTime,-3,Medium Long,Poor
14854,Emirates,8686,56,42,Delayed,-14,Long Haul,Poor
14855,Indigo,9107,141,41,Delayed,-100,Long Haul,Poor
14856,Indigo,10282,6,58,Delayed,52,Long Haul,Poor
14857,Lufthansa,5922,75,6,OnTime,-69,Medium Long,Good
14858,Indigo,8838,124,152,Delayed,28,Long Haul,Poor
14859,Delta,1815,141,173,OnTime,32,Short Haul,Poor
14860,Emirates,5682,5,152,OnTime,147,Medium Long,Poor
14861,Lufthansa,8076,75,117,Delayed,42,Long Haul,Poor
14862,Emirates,11303,108,105,Delayed,-3,Long Haul,Poor
14863,Delta,7737,106,102,OnTime,-4,Long Haul,Poor
14864,Lufthansa,10353,108,47,Delayed,-61,Long Haul,Poor
14865,Lufthansa,6782,110,163,OnTime,53,Medium Long,Poor
14866,Delta,11483,53,54,OnTime,1,Long Haul,Poor
14867,Indigo,5371,145,127,Delayed,-18,Medium Long,Poor
14868,Lufthansa,9408,117,167,OnTime,50,Long Haul,Poor
14869,Indigo,6616,123,196,Delayed,73,Medium Long,Poor
14870,Emirates,7196,35,71,Delayed,36,Long Haul,Poor
14871,Delta,9841,166,147,Delayed,-19,Long Haul,Poor
14872,Indigo,4367,171,1,Delayed,-170,Medium Long,Good
14873,Emirates,3496,78,24,Delayed,-54,Medium Long,Good
14874,Delta,2949,78,83,Delayed,5,Short Haul,Poor
14875,Delta,4704,87,35,OnTime,-52,Medium Long,Poor
14876,Emirates,11912,98,78,Delayed,-20,Long Haul,Poor
14877,Delta,1088,24,108,Delayed,84,Short Haul,Poor
14878,Indigo,4338,138,93,OnTime,-45,Medium Long,Poor
14879,Emirates,2601,117,185,Delayed,68,Short Haul,Poor
14880,Delta,5824,74,28,OnTime,-46,Medium Long,Good
14881,Delta,1625,45,172,OnTime,127,Short Haul,Poor
14882,Indigo,678,107,14,OnTime,-93,Short Haul,Good
14883,Delta,7561,73,51,OnTime,-22,Long Haul,Poor
14884,Lufthansa,8037,167,62,Delayed,-105,Long Haul,Poor
14885,Delta,1721,77,127,OnTime,50,Short Haul,Poor
14886,Indigo,10990,22,91,OnTime,69,Long Haul,Poor
14887,Emirates,5737,24,146,Delayed,122,Medium Long,Poor
14888,Lufthansa,4644,86,64,OnTime,-22,Medium Long,Poor
14889,Emirates,10910,81,198,OnTime,117,Long Haul,Poor
14890,Lufthansa,11221,69,104,Delayed,35,Long Haul,Poor
14891,Emirates,298,157,172,Delayed,15,Short Haul,Poor
14892,Emirates,7557,55,15,OnTime,-40,Long Haul,Good
14893,Emirates,6208,163,130,Delayed,-33,Medium Long,Poor
14894,Indigo,8485,158,34,Delayed,-124,Long Haul,Poor
14895,Emirates,6763,127,51,Delayed,-76,Medium Long,Poor
14896,Delta,2771,134,15,Delayed,-119,Short Haul,Good
14897,Delta,6923,15,13,Delayed,-2,Medium Long,Good
14898,Indigo,7415,98,85,Delayed,-13,Long Haul,Poor
14899,Lufthansa,3091,84,155,Delayed,71,Medium Long,Poor
14900,Lufthansa,10567,42,153,Delayed,111,Long Haul,Poor
14901,Delta,1771,152,196,OnTime,44,Short Haul,Poor
14902,Lufthansa,1433,63,161,Delayed,98,Short Haul,Poor
14903,Emirates,10979,18,48,Delayed,30,Long Haul,Poor
14904,Indigo,4849,122,112,OnTime,-10,Medium Long,Poor
14905,Delta,4295,78,115,Delayed,37,Medium Long,Poor
14906,Emirates,1613,67,143,Delayed,76,Short Haul,Poor
14907,Lufthansa,9258,76,17,OnTime,-59,Long Haul,Good
14908,Emirates,10114,54,161,OnTime,107,Long Haul,Poor
14909,Lufthansa,7344,42,168,Delayed,126,Long Haul,Poor
14910,Emirates,7152,21,96,Delayed,75,Long Haul,Poor
14911,Emirates,3341,17,174,OnTime,157,Medium Long,Poor
14912,Indigo,8163,111,196,OnTime,85,Long Haul,Poor
14913,Indigo,4535,95,162,Delayed,67,Medium Long,Poor
14914,Delta,6575,44,80,Delayed,36,Medium Long,Poor
14915,Lufthansa,5868,44,16,OnTime,-28,Medium Long,Good
14916,Delta,9355,51,143,OnTime,92,Long Haul,Poor
14917,Indigo,11363,5,70,Delayed,65,Long Haul,Poor
14918,Indigo,4479,144,191,Delayed,47,Medium Long,Poor
14919,Emirates,10241,10,36,OnTime,26,Long Haul,Poor
14920,Lufthansa,5229,0,67,Delayed,67,Medium Long,Poor
14921,Lufthansa,668,25,18,Delayed,-7,Short Haul,Good
14922,Emirates,2483,118,97,OnTime,-21,Short Haul,Poor
14923,Emirates,5701,117,126,OnTime,9,Medium Long,Poor
14924,Lufthansa,570,27,121,Delayed,94,Short Haul,Poor
14925,Delta,8672,18,42,Delayed,24,Long Haul,Poor
14926,Indigo,5441,125,1,Delayed,-124,Medium Long,Good
14927,Emirates,6997,93,174,Delayed,81,Medium Long,Poor
14928,Emirates,2809,5,182,OnTime,177,Short Haul,Poor
14929,Delta,1665,61,33,Delayed,-28,Short Haul,Poor
14930,Indigo,5725,26,107,OnTime,81,Medium Long,Poor
14931,Indigo,9113,6,190,OnTime,184,Long Haul,Poor
14932,Emirates,3697,131,64,OnTime,-67,Medium Long,Poor
14933,Delta,6117,150,105,Delayed,-45,Medium Long,Poor
14934,Emirates,10013,125,114,OnTime,-11,Long Haul,Poor
14935,Emirates,2982,107,83,Delayed,-24,Short Haul,Poor
14936,Indigo,7185,85,90,Delayed,5,Long Haul,Poor
14937,Emirates,330,25,163,OnTime,138,Short Haul,Poor
14938,Delta,3886,173,118,Delayed,-55,Medium Long,Poor
14939,Delta,2618,0,110,Delayed,110,Short Haul,Poor
14940,Lufthansa,6556,125,1,OnTime,-124,Medium Long,Good
14941,Delta,11313,5,116,Delayed,111,Long Haul,Poor
14942,Indigo,8136,51,109,Delayed,58,Long Haul,Poor
14943,Emirates,9752,50,159,OnTime,109,Long Haul,Poor
14944,Lufthansa,11888,24,123,OnTime,99,Long Haul,Poor
14945,Lufthansa,4412,102,184,OnTime,82,Medium Long,Poor
14946,Emirates,5128,97,25,OnTime,-72,Medium Long,Good
14947,Indigo,11837,75,18,Delayed,-57,Long Haul,Good
14948,Delta,4293,37,15,OnTime,-22,Medium Long,Good
14949,Indigo,3423,155,53,OnTime,-102,Medium Long,Poor
14950,Lufthansa,1031,172,177,Delayed,5,Short Haul,Poor
14951,Indigo,4728,41,90,Delayed,49,Medium Long,Poor
14952,Indigo,5337,104,168,Delayed,64,Medium Long,Poor
14953,Lufthansa,4199,83,162,OnTime,79,Medium Long,Poor
14954,Emirates,7827,161,137,Delayed,-24,Long Haul,Poor
14955,Emirates,594,126,195,OnTime,69,Short Haul,Poor
14956,Indigo,8047,79,165,OnTime,86,Long Haul,Poor
14957,Lufthansa,8201,1,167,Delayed,166,Long Haul,Poor
14958,Lufthansa,10385,3,169,Delayed,166,Long Haul,Poor
14959,Emirates,9541,140,49,OnTime,-91,Long Haul,Poor
14960,Indigo,5166,48,21,Delayed,-27,Medium Long,Good
14961,Lufthansa,5382,107,136,OnTime,29,Medium Long,Poor
14962,Delta,11779,94,39,Delayed,-55,Long Haul,Poor
14963,Delta,1480,112,133,OnTime,21,Short Haul,Poor
14964,Indigo,4359,138,48,OnTime,-90,Medium Long,Poor
14965,Lufthansa,8808,111,195,Delayed,84,Long Haul,Poor
14966,Lufthansa,5753,86,127,OnTime,41,Medium Long,Poor
14967,Lufthansa,331,32,87,Delayed,55,Short Haul,Poor
14968,Delta,4947,12,122,Delayed,110,Medium Long,Poor
14969,Delta,5880,31,39,OnTime,8,Medium Long,Poor
14970,Indigo,6011,48,159,OnTime,111,Medium Long,Poor
14971,Emirates,3950,82,123,OnTime,41,Medium Long,Poor
14972,Delta,5516,87,156,Delayed,69,Medium Long,Poor
14973,Lufthansa,6617,24,59,OnTime,35,Medium Long,Poor
14974,Lufthansa,1304,138,8,Delayed,-130,Short Haul,Good
14975,Delta,3140,10,116,OnTime,106,Medium Long,Poor
14976,Delta,2812,171,78,Delayed,-93,Short Haul,Poor
14977,Emirates,11219,53,45,OnTime,-8,Long Haul,Poor
14978,Delta,5812,171,151,OnTime,-20,Medium Long,Poor
14979,Lufthansa,7298,177,109,OnTime,-68,Long Haul,Poor
14980,Delta,6378,176,198,OnTime,22,Medium Long,Poor
14981,Lufthansa,4573,41,106,OnTime,65,Medium Long,Poor
14982,Delta,5595,0,178,Delayed,178,Medium Long,Poor
14983,Delta,10330,67,189,Delayed,122,Long Haul,Poor
14984,Lufthansa,508,148,60,OnTime,-88,Short Haul,Poor
14985,Delta,379,83,143,Delayed,60,Short Haul,Poor
14986,Delta,459,42,131,OnTime,89,Short Haul,Poor
14987,Delta,10865,145,184,OnTime,39,Long Haul,Poor
14988,Emirates,1077,123,94,OnTime,-29,Short Haul,Poor
14989,Lufthansa,5112,153,191,Delayed,38,Medium Long,Poor
14990,Lufthansa,3507,29,195,Delayed,166,Medium Long,Poor
14991,Delta,3477,66,104,Delayed,38,Medium Long,Poor
14992,Delta,11257,73,58,Delayed,-15,Long Haul,Poor
14993,Lufthansa,5180,28,154,Delayed,126,Medium Long,Poor
14994,Emirates,11680,3,67,OnTime,64,Long Haul,Poor
14995,Lufthansa,9613,86,101,OnTime,15,Long Haul,Poor
14996,Emirates,11444,143,83,OnTime,-60,Long Haul,Poor
14997,Emirates,11669,68,88,OnTime,20,Long Haul,Poor
14998,Delta,2555,162,177,OnTime,15,Short Haul,Poor
14999,Indigo,5778,138,111,OnTime,-27,Medium Long,Poor
15000,Lufthansa,2042,9,31,Delayed,22,Short Haul,Poor
